id_venta;mes;ciudad;producto;canal;descuento;precio;unidades;devuelta
10000;7;Jaén;impresora;teléfono;0,0;149,9;6;0
10001;7;Cádiz;monitor;tienda;0,0;180,0;6;0
10002;7;Málaga;portátil;teléfono;0,0;899,9;3;0
10003;3;Huelva;ratón;tienda;0,2;10,0;19;0
10004;7;Granada;teclado;online;0,0;25,0;19;0
10005;10;Jaén;teclado;teléfono;0,1;22,5;3;0
10006;7;Almería;portátil;online;0,0;899,9;3;0
10007;1;Almería;teclado;online;0,0;25,0;7;1
10008;12;Málaga;ratón;online;0,1;11,25;12;0
10009;4;Granada;teclado;tienda;0,0;25,0;10;1
10010;10;Granada;tablet;online;0,0;349,0;3;0
10011;2;Huelva;tablet;online;0,05;331,55;2;0
10012;3;Málaga;tablet;teléfono;0,0;349,0;3;0
10013;5;Córdoba;impresora;online;0,0;149,9;9;0
10014;4;Málaga;tablet;tienda;0,1;314,1;4;0
10015;10;Jaén;monitor;tienda;0,05;171,0;4;0
10016;12;Almería;impresora;tienda;0,0;149,9;2;0
10017;2;Granada;ratón;online;0,0;12,5;12;0
10018;7;Málaga;portátil;tienda;0,2;719,92;7;0
10019;1;Jaén;monitor;online;0,2;144,0;7;1
10020;10;Jaén;portátil;online;0,0;899,9;2;0
10021;1;Córdoba;impresora;online;0,05;142,4;6;1
10022;2;Córdoba;tablet;online;0,0;349,0;4;0
10023;9;Jaén;impresora;teléfono;0,0;149,9;1;0
10024;1;Jaén;monitor;teléfono;0,0;180,0;3;0
10025;5;Sevilla;ratón;tienda;0,0;12,5;13;0
10026;8;Jaén;ratón;teléfono;0,05;11,88;7;0
10027;6;Málaga;tablet;teléfono;0,0;349,0;4;0
10028;8;Jaén;portátil;tienda;0,0;899,9;3;0
10029;9;Almería;ratón;tienda;0,0;12,5;12;0
10030;8;Jaén;ratón;tienda;0,2;10,0;18;0
10031;12;Huelva;tablet;tienda;0,0;349,0;2;0
10032;6;Huelva;ratón;online;0,0;12,5;9;0
10033;3;Sevilla;teclado;online;0,0;25,0;12;0
10034;1;Cádiz;teclado;tienda;0,0;25,0;3;0
10035;1;Cádiz;teclado;tienda;0,1;22,5;6;0
10036;11;Cádiz;portátil;tienda;0,0;899,9;3;0
10037;6;Málaga;monitor;online;0,0;180,0;10;0
10038;8;Almería;portátil;online;0,0;899,9;4;0
10039;7;Almería;monitor;tienda;0,1;162,0;8;0
10040;8;Málaga;impresora;online;0,1;134,91;13;0
10041;5;Huelva;ratón;tienda;0,0;12,5;11;0
10042;7;Sevilla;portátil;online;0,1;809,91;7;0
10043;10;Cádiz;teclado;tienda;0,2;20,0;11;1
10044;1;Córdoba;monitor;online;0,0;180,0;3;0
10045;4;Huelva;ratón;tienda;0,0;12,5;10;0
10046;5;Almería;tablet;online;0,05;331,55;8;1
10047;9;Almería;portátil;teléfono;0,0;899,9;2;0
10048;11;Cádiz;teclado;online;0,2;20,0;10;1
10049;1;Huelva;teclado;online;0,0;25,0;8;0
10050;9;Córdoba;impresora;tienda;0,0;149,9;5;0
10051;5;Jaén;teclado;tienda;0,2;20,0;14;0
10052;10;Sevilla;portátil;tienda;0,0;899,9;2;0
10053;12;Jaén;monitor;online;0,0;180,0;4;0
10054;3;Córdoba;teclado;teléfono;0,05;23,75;7;0
10055;3;Córdoba;ratón;tienda;0,2;10,0;16;0
10056;6;Sevilla;monitor;online;0,0;180,0;5;0
10057;12;Huelva;teclado;online;0,1;22,5;5;0
10058;12;Cádiz;ratón;tienda;0,0;12,5;5;0
10059;1;Granada;monitor;teléfono;0,0;180,0;2;0
10060;1;Córdoba;impresora;online;0,0;149,9;4;0
10061;12;Sevilla;monitor;online;0,05;171,0;5;0
10062;8;Jaén;impresora;online;0,2;119,92;11;0
10063;2;Granada;impresora;online;0,0;149,9;7;0
10064;5;Huelva;impresora;online;0,0;149,9;8;0
10065;4;Jaén;tablet;teléfono;0,1;314,1;4;0
10066;6;Málaga;ratón;online;0,0;12,5;20;0
10067;4;Cádiz;ratón;online;0,0;12,5;15;0
10068;5;Málaga;monitor;online;0,0;180,0;8;1
10069;8;Almería;teclado;online;0,0;25,0;9;0
10070;10;Jaén;teclado;teléfono;0,1;22,5;7;0
10071;7;Málaga;impresora;tienda;0,0;149,9;8;0
10072;7;Almería;tablet;online;0,0;349,0;10;0
10073;10;Huelva;ratón;teléfono;0,2;10,0;10;1
10074;9;Granada;ratón;tienda;0,1;11,25;14;0
10075;12;Almería;teclado;tienda;0,0;25,0;8;1
10076;6;Sevilla;teclado;online;0,2;20,0;15;0
10077;5;Almería;impresora;teléfono;0,0;149,9;5;0
10078;10;Almería;portátil;tienda;0,0;899,9;3;0
10079;3;Almería;monitor;online;0,0;180,0;5;0
10080;5;Málaga;teclado;tienda;0,05;23,75;12;0
10081;7;Cádiz;tablet;teléfono;0,0;349,0;5;1
10082;9;Granada;teclado;online;0,05;23,75;16;0
10083;8;Almería;monitor;online;0,05;171,0;11;1
10084;1;Málaga;portátil;online;0,1;809,91;4;0
10085;5;Granada;monitor;online;0,05;171,0;7;0
10086;10;Huelva;portátil;online;0,1;809,91;4;0
10087;7;Huelva;tablet;online;0,0;349,0;8;0
10088;1;Huelva;teclado;teléfono;0,0;25,0;8;0
10089;11;Málaga;monitor;tienda;0,05;171,0;5;0
10090;6;Córdoba;ratón;tienda;0,0;12,5;11;1
10091;4;Córdoba;teclado;teléfono;0,2;20,0;16;0
10092;12;Huelva;teclado;tienda;0,1;22,5;5;0
10093;9;Sevilla;ratón;tienda;0,1;11,25;14;0
10094;10;Huelva;ratón;tienda;0,05;11,88;6;0
10095;2;Almería;monitor;online;0,05;171,0;5;0
10096;7;Málaga;portátil;online;0,0;899,9;5;0
10097;12;Málaga;tablet;online;0,0;349,0;5;1
10098;8;Sevilla;impresora;online;0,0;149,9;5;0
10099;9;Cádiz;ratón;teléfono;0,0;12,5;9;0
10100;11;Almería;teclado;tienda;0,0;25,0;6;0
10101;1;Jaén;ratón;online;0,05;11,88;7;1
10102;4;Cádiz;portátil;online;0,1;809,91;4;0
10103;8;Granada;teclado;teléfono;0,0;25,0;9;0
10104;12;Granada;teclado;online;0,05;23,75;6;1
10105;12;Granada;teclado;tienda;0,1;22,5;5;0
10106;5;Cádiz;tablet;online;0,1;314,1;8;0
10107;4;Granada;teclado;online;0,0;25,0;6;0
10108;3;Córdoba;impresora;tienda;0,05;142,4;5;0
10109;6;Jaén;teclado;tienda;0,2;20,0;23;1
10110;10;Córdoba;portátil;online;0,0;899,9;3;0
10111;7;Cádiz;tablet;teléfono;0,0;349,0;2;0
10112;10;Jaén;tablet;tienda;0,0;349,0;4;0
10113;5;Almería;ratón;online;0,1;11,25;28;0
10114;9;Granada;impresora;online;0,2;119,92;6;1
10115;11;Huelva;teclado;online;0,2;20,0;17;0
10116;11;Cádiz;tablet;tienda;0,0;349,0;3;0
10117;6;Jaén;portátil;tienda;0,0;899,9;4;0
10118;12;Granada;portátil;teléfono;0,2;719,92;2;0
10119;11;Sevilla;tablet;tienda;0,05;331,55;2;0
10120;1;Granada;impresora;teléfono;0,0;149,9;2;0
10121;6;Córdoba;ratón;tienda;0,0;12,5;17;0
10122;1;Córdoba;tablet;tienda;0,2;279,2;4;0
10123;4;Cádiz;monitor;tienda;0,0;180,0;6;0
10124;6;Jaén;tablet;tienda;0,0;349,0;5;1
10125;2;Cádiz;teclado;online;0,0;25,0;12;1
10126;8;Cádiz;monitor;online;0,1;162,0;4;1
10127;7;Cádiz;portátil;tienda;0,0;899,9;6;0
10128;7;Sevilla;monitor;tienda;0,05;171,0;6;0
10129;2;Almería;impresora;online;0,0;149,9;6;0
10130;4;Málaga;teclado;teléfono;0,05;23,75;11;0
10131;2;Jaén;impresora;tienda;0,05;142,4;5;0
10132;10;Huelva;teclado;online;0,2;20,0;17;1
10133;2;Málaga;portátil;online;0,0;899,9;3;0
10134;1;Granada;monitor;tienda;0,0;180,0;2;1
10135;5;Málaga;teclado;tienda;0,0;25,0;6;0
10136;8;Huelva;tablet;online;0,05;331,55;6;0
10137;2;Sevilla;tablet;online;0,1;314,1;6;1
10138;2;Huelva;tablet;online;0,1;314,1;4;0
10139;7;Granada;monitor;online;0,05;171,0;9;0
10140;6;Jaén;teclado;online;0,0;25,0;12;1
10141;4;Jaén;ratón;tienda;0,0;12,5;16;1
10142;11;Jaén;ratón;online;0,0;12,5;8;0
10143;2;Almería;teclado;tienda;0,0;25,0;6;0
10144;1;Almería;monitor;tienda;0,0;180,0;4;0
10145;11;Almería;tablet;tienda;0,0;349,0;4;0
10146;10;Jaén;ratón;online;0,0;12,5;15;1
10147;5;Córdoba;impresora;tienda;0,0;149,9;5;0
10148;12;Almería;impresora;teléfono;0,0;149,9;2;0
10149;8;Córdoba;impresora;online;0,0;149,9;7;0
10150;8;Almería;impresora;online;0,2;119,92;12;0
10151;6;Córdoba;ratón;online;0,1;11,25;20;0
10152;11;Jaén;monitor;tienda;0,1;162,0;4;0
10153;12;Huelva;portátil;online;0,0;899,9;2;0
10154;11;Córdoba;portátil;tienda;0,0;899,9;2;0
10155;8;Almería;impresora;tienda;0,0;149,9;6;0
10156;6;Huelva;monitor;online;0,05;171,0;9;0
10157;7;Almería;portátil;online;0,05;854,9;5;1
10158;6;Almería;portátil;online;0,0;899,9;5;0
10159;2;Granada;monitor;teléfono;0,0;180,0;5;0
10160;7;Huelva;impresora;online;0,0;149,9;5;0
10161;5;Jaén;monitor;online;0,05;171,0;6;0
10162;8;Cádiz;portátil;online;0,0;899,9;4;0
10163;12;Almería;tablet;online;0,0;349,0;5;0
10164;3;Almería;portátil;online;0,1;809,91;6;0
10165;7;Granada;teclado;online;0,0;25,0;14;1
10166;2;Córdoba;portátil;teléfono;0,0;899,9;2;0
10167;7;Huelva;portátil;online;0,2;719,92;8;0
10168;10;Málaga;teclado;teléfono;0,1;22,5;6;0
10169;6;Sevilla;portátil;online;0,2;719,92;5;0
10170;1;Jaén;impresora;online;0,0;149,9;4;0
10171;8;Jaén;ratón;tienda;0,05;11,88;11;0
10172;4;Huelva;impresora;online;0,2;119,92;9;0
10173;8;Almería;teclado;teléfono;0,05;23,75;8;1
10174;1;Granada;ratón;tienda;0,0;12,5;4;0
10175;10;Huelva;ratón;tienda;0,0;12,5;10;0
10176;12;Cádiz;teclado;tienda;0,0;25,0;5;0
10177;1;Cádiz;ratón;tienda;0,1;11,25;7;0
10178;9;Jaén;ratón;tienda;0,0;12,5;11;0
10179;11;Huelva;impresora;tienda;0,0;149,9;3;1
10180;8;Huelva;monitor;tienda;0,05;171,0;8;0
10181;4;Málaga;impresora;online;0,1;134,91;7;0
10182;8;Sevilla;monitor;tienda;0,1;162,0;6;0
10183;1;Jaén;monitor;online;0,2;144,0;7;0
10184;7;Córdoba;monitor;teléfono;0,0;180,0;5;0
10185;4;Huelva;impresora;tienda;0,0;149,9;4;1
10186;10;Granada;monitor;tienda;0,0;180,0;3;0
10187;11;Huelva;tablet;online;0,0;349,0;5;0
10188;1;Málaga;ratón;tienda;0,2;10,0;11;0
10189;10;Cádiz;ratón;online;0,0;12,5;8;0
10190;12;Jaén;portátil;online;0,0;899,9;2;0
10191;4;Málaga;ratón;tienda;0,05;11,88;12;0
10192;4;Córdoba;portátil;online;0,1;809,91;4;0
10193;7;Almería;ratón;online;0,0;12,5;11;0
10194;12;Almería;tablet;online;0,1;314,1;5;0
10195;6;Granada;impresora;teléfono;0,0;149,9;7;0
10196;6;Huelva;impresora;tienda;0,05;142,4;7;0
10197;12;Almería;monitor;online;0,1;162,0;5;1
10198;3;Huelva;tablet;online;0,05;331,55;4;0
10199;5;Granada;ratón;tienda;0,1;11,25;19;0
10200;4;Córdoba;tablet;online;0,0;349,0;8;0
10201;4;Córdoba;tablet;online;0,05;331,55;7;0
10202;7;Málaga;teclado;tienda;0,1;22,5;11;0
10203;3;Almería;portátil;teléfono;0,05;854,9;3;0
10204;10;Cádiz;tablet;online;0,0;349,0;1;0
10205;10;Cádiz;ratón;online;0,0;12,5;12;0
10206;11;Almería;portátil;online;0,05;854,9;3;1
10207;1;Granada;teclado;online;0,0;25,0;11;0
10208;5;Jaén;portátil;online;0,0;899,9;6;0
10209;8;Granada;tablet;teléfono;0,0;349,0;6;0
10210;12;Córdoba;teclado;teléfono;0,0;25,0;5;0
10211;12;Granada;portátil;tienda;0,05;854,9;3;0
10212;1;Granada;monitor;online;0,05;171,0;3;0
10213;4;Málaga;ratón;tienda;0,05;11,88;11;0
10214;7;Huelva;ratón;online;0,05;11,88;17;1
10215;8;Granada;impresora;tienda;0,05;142,4;6;0
10216;3;Sevilla;teclado;tienda;0,05;23,75;6;0
10217;3;Córdoba;ratón;online;0,0;12,5;15;0
10218;7;Málaga;impresora;online;0,05;142,4;8;0
10219;11;Córdoba;monitor;tienda;0,0;180,0;3;0
10220;1;Granada;portátil;online;0,0;899,9;2;0
10221;6;Granada;ratón;online;0,0;12,5;18;0
10222;9;Granada;ratón;teléfono;0,0;12,5;9;0
10223;10;Cádiz;teclado;tienda;0,0;25,0;6;0
10224;1;Málaga;ratón;tienda;0,1;11,25;7;0
10225;4;Jaén;tablet;tienda;0,0;349,0;7;0
10226;10;Granada;tablet;tienda;0,05;331,55;4;0
10227;11;Almería;portátil;tienda;0,0;899,9;2;0
10228;2;Jaén;teclado;online;0,2;20,0;12;0
10229;3;Granada;monitor;tienda;0,0;180,0;4;0
10230;2;Almería;teclado;online;0,1;22,5;14;0
10231;6;Huelva;portátil;tienda;0,0;899,9;4;0
10232;3;Cádiz;teclado;online;0,05;23,75;9;0
10233;12;Sevilla;portátil;online;0,0;899,9;1;0
10234;6;Córdoba;impresora;tienda;0,0;149,9;6;0
10235;9;Córdoba;ratón;tienda;0,05;11,88;17;0
10236;12;Cádiz;teclado;online;0,05;23,75;8;0
10237;9;Jaén;monitor;online;0,0;180,0;5;0
10238;6;Cádiz;impresora;tienda;0,0;149,9;8;0
10239;3;Córdoba;ratón;online;0,0;12,5;15;0
10240;8;Almería;impresora;teléfono;0,0;149,9;3;1
10241;11;Córdoba;ratón;online;0,0;12,5;12;1
10242;12;Cádiz;impresora;online;0,0;149,9;3;0
10243;9;Almería;impresora;teléfono;0,05;142,4;3;0
10244;9;Huelva;tablet;online;0,05;331,55;5;0
10245;2;Málaga;teclado;teléfono;0,05;23,75;5;0
10246;11;Almería;tablet;tienda;0,05;331,55;3;0
10247;3;Córdoba;monitor;online;0,0;180,0;7;1
10248;12;Jaén;impresora;online;0,0;149,9;4;1
10249;3;Córdoba;monitor;online;0,0;180,0;7;0
10250;12;Granada;portátil;tienda;0,0;899,9;2;0
10251;5;Sevilla;portátil;teléfono;0,05;854,9;3;0
10252;4;Córdoba;teclado;tienda;0,0;25,0;12;0
10253;6;Málaga;ratón;tienda;0,05;11,88;16;1
10254;2;Cádiz;monitor;online;0,0;180,0;5;0
10255;10;Sevilla;tablet;online;0,2;279,2;8;0
10256;3;Málaga;monitor;tienda;0,2;144,0;7;0
10257;8;Almería;teclado;online;0,0;25,0;21;0
10258;1;Jaén;teclado;online;0,1;22,5;11;0
10259;3;Almería;ratón;teléfono;0,0;12,5;9;0
10260;6;Granada;monitor;tienda;0,1;162,0;10;0
10261;10;Sevilla;impresora;online;0,05;142,4;6;0
10262;12;Sevilla;impresora;online;0,0;149,9;3;0
10263;6;Málaga;tablet;teléfono;0,05;331,55;6;0
10264;7;Sevilla;ratón;online;0,05;11,88;18;0
10265;7;Cádiz;tablet;tienda;0,0;349,0;2;0
10266;1;Jaén;teclado;teléfono;0,05;23,75;3;0
10267;9;Granada;impresora;teléfono;0,2;119,92;5;0
10268;11;Córdoba;portátil;tienda;0,0;899,9;2;0
10269;6;Cádiz;monitor;tienda;0,05;171,0;8;1
10270;2;Almería;teclado;tienda;0,0;25,0;9;0
10271;2;Córdoba;ratón;online;0,0;12,5;13;0
10272;12;Cádiz;tablet;tienda;0,05;331,55;3;0
10273;12;Sevilla;tablet;teléfono;0,0;349,0;3;0
10274;4;Cádiz;impresora;tienda;0,0;149,9;4;0
10275;12;Huelva;impresora;online;0,0;149,9;4;0
10276;7;Cádiz;impresora;online;0,0;149,9;6;0
10277;10;Huelva;teclado;teléfono;0,0;25,0;5;0
10278;7;Córdoba;tablet;online;0,0;349,0;5;1
10279;3;Málaga;tablet;online;0,0;349,0;5;0
10280;9;Huelva;ratón;tienda;0,1;11,25;18;0
10281;12;Cádiz;ratón;online;0,0;12,5;13;1
10282;3;Granada;ratón;online;0,0;12,5;9;1
10283;5;Córdoba;teclado;online;0,0;25,0;11;0
10284;9;Almería;portátil;tienda;0,0;899,9;3;1
10285;9;Huelva;portátil;tienda;0,0;899,9;3;0
10286;6;Córdoba;portátil;online;0,0;899,9;6;0
10287;1;Jaén;teclado;tienda;0,0;25,0;7;1
10288;12;Sevilla;teclado;online;0,0;25,0;7;0
10289;5;Córdoba;impresora;tienda;0,0;149,9;5;0
10290;8;Huelva;monitor;tienda;0,0;180,0;5;0
10291;10;Córdoba;monitor;online;0,0;180,0;7;0
10292;5;Málaga;portátil;online;0,0;899,9;5;0
10293;2;Almería;portátil;teléfono;0,1;809,91;4;0
10294;2;Sevilla;ratón;online;0,05;11,88;10;1
10295;7;Málaga;teclado;online;0,1;22,5;23;0
10296;6;Málaga;ratón;online;0,0;12,5;22;0
10297;5;Granada;portátil;tienda;0,0;899,9;6;0
10298;10;Cádiz;tablet;online;0,0;349,0;4;0
10299;5;Cádiz;monitor;online;0,05;171,0;8;1
10300;2;Huelva;portátil;online;0,0;899,9;4;1
10301;11;Jaén;impresora;tienda;0,05;142,4;4;0
10302;2;Córdoba;teclado;online;0,05;23,75;11;0
10303;3;Cádiz;monitor;teléfono;0,05;171,0;4;1
10304;6;Sevilla;portátil;online;0,05;854,9;6;0
10305;8;Jaén;ratón;online;0,1;11,25;23;1
10306;8;Córdoba;monitor;tienda;0,0;180,0;7;0
10307;2;Huelva;monitor;tienda;0,2;144,0;5;1
10308;12;Córdoba;tablet;online;0,05;331,55;4;0
10309;3;Huelva;tablet;tienda;0,1;314,1;5;0
10310;4;Almería;portátil;online;0,05;854,9;6;0
10311;10;Sevilla;portátil;tienda;0,1;809,91;3;0
10312;9;Jaén;monitor;online;0,0;180,0;6;0
10313;8;Córdoba;tablet;online;0,0;349,0;5;0
10314;11;Almería;monitor;online;0,0;180,0;4;0
10315;5;Huelva;teclado;tienda;0,0;25,0;14;0
10316;11;Sevilla;portátil;online;0,1;809,91;4;0
10317;4;Córdoba;monitor;tienda;0,05;171,0;5;0
10318;12;Almería;ratón;teléfono;0,05;11,88;6;0
10319;8;Cádiz;tablet;online;0,0;349,0;6;0
10320;11;Cádiz;impresora;tienda;0,0;149,9;4;0
10321;8;Córdoba;ratón;online;0,0;12,5;23;0
10322;11;Córdoba;monitor;online;0,05;171,0;5;0
10323;1;Granada;teclado;online;0,0;25,0;6;0
10324;8;Sevilla;portátil;online;0,0;899,9;4;0
10325;6;Jaén;monitor;tienda;0,0;180,0;7;0
10326;11;Córdoba;teclado;teléfono;0,0;25,0;6;0
10327;7;Córdoba;tablet;tienda;0,0;349,0;7;0
10328;2;Almería;monitor;online;0,0;180,0;3;1
10329;10;Jaén;teclado;online;0,0;25,0;12;0
10330;4;Huelva;portátil;online;0,1;809,91;3;1
10331;5;Jaén;portátil;online;0,0;899,9;2;1
10332;6;Córdoba;ratón;teléfono;0,05;11,88;12;0
10333;6;Granada;impresora;tienda;0,0;149,9;6;0
10334;12;Córdoba;ratón;online;0,2;10,0;9;0
10335;11;Málaga;portátil;tienda;0,0;899,9;2;0
10336;4;Málaga;ratón;tienda;0,0;12,5;21;1
10337;12;Almería;portátil;tienda;0,0;899,9;2;0
10338;2;Cádiz;tablet;online;0,05;331,55;2;1
10339;12;Córdoba;teclado;tienda;0,0;25,0;7;0
10340;5;Córdoba;teclado;online;0,0;25,0;18;0
10341;4;Sevilla;monitor;online;0,05;171,0;10;1
10342;9;Jaén;monitor;online;0,0;180,0;6;0
10343;11;Huelva;teclado;tienda;0,0;25,0;6;0
10344;5;Huelva;teclado;tienda;0,05;23,75;15;0
10345;1;Granada;ratón;tienda;0,0;12,5;7;0
10346;9;Cádiz;tablet;teléfono;0,05;331,55;4;0
10347;7;Almería;impresora;tienda;0,05;142,4;4;0
10348;9;Granada;portátil;online;0,05;854,9;5;0
10349;9;Jaén;impresora;tienda;0,0;149,9;5;0
10350;1;Málaga;ratón;tienda;0,2;10,0;13;0
10351;4;Huelva;portátil;online;0,05;854,9;6;0
10352;3;Sevilla;impresora;online;0,1;134,91;10;1
10353;6;Sevilla;impresora;tienda;0,1;134,91;8;0
10354;7;Huelva;monitor;teléfono;0,05;171,0;9;1
10355;9;Jaén;monitor;teléfono;0,05;171,0;6;0
10356;7;Sevilla;monitor;tienda;0,1;162,0;6;0
10357;9;Huelva;tablet;online;0,2;279,2;7;0
10358;3;Sevilla;impresora;tienda;0,05;142,4;6;0
10359;9;Granada;monitor;tienda;0,0;180,0;5;0
10360;1;Cádiz;teclado;online;0,05;23,75;6;1
10361;6;Córdoba;tablet;tienda;0,0;349,0;4;0
10362;6;Cádiz;monitor;online;0,1;162,0;12;0
10363;1;Córdoba;tablet;online;0,0;349,0;2;0
10364;1;Cádiz;monitor;teléfono;0,2;144,0;2;0
10365;9;Sevilla;impresora;tienda;0,1;134,91;5;0
10366;1;Almería;portátil;teléfono;0,2;719,92;3;0
10367;1;Málaga;impresora;online;0,0;149,9;3;0
10368;1;Jaén;tablet;online;0,05;331,55;4;0
10369;9;Sevilla;monitor;online;0,05;171,0;6;0
10370;6;Córdoba;tablet;online;0,0;349,0;9;1
10371;2;Málaga;ratón;tienda;0,1;11,25;15;0
10372;8;Jaén;teclado;tienda;0,05;23,75;15;0
10373;9;Cádiz;tablet;online;0,1;314,1;6;0
10374;5;Almería;tablet;tienda;0,1;314,1;10;0
10375;11;Málaga;portátil;tienda;0,0;899,9;2;0
10376;12;Córdoba;monitor;tienda;0,0;180,0;3;0
10377;1;Almería;ratón;online;0,0;12,5;9;0
10378;11;Málaga;teclado;online;0,05;23,75;6;0
10379;10;Jaén;monitor;online;0,0;180,0;7;0
10380;9;Jaén;ratón;tienda;0,0;12,5;14;0
10381;3;Granada;portátil;tienda;0,2;719,92;3;1
10382;11;Sevilla;impresora;tienda;0,05;142,4;4;0
10383;3;Málaga;ratón;teléfono;0,2;10,0;12;0
10384;9;Granada;portátil;online;0,1;809,91;4;0
10385;10;Almería;teclado;teléfono;0,0;25,0;6;0
10386;4;Almería;tablet;tienda;0,1;314,1;3;0
10387;4;Córdoba;ratón;tienda;0,1;11,25;16;1
10388;11;Jaén;ratón;online;0,0;12,5;13;0
10389;2;Granada;ratón;tienda;0,0;12,5;8;0
10390;6;Almería;portátil;tienda;0,0;899,9;5;0
10391;7;Córdoba;teclado;online;0,0;25,0;15;0
10392;10;Cádiz;teclado;online;0,0;25,0;7;0
10393;6;Málaga;impresora;tienda;0,0;149,9;5;0
10394;7;Cádiz;ratón;teléfono;0,2;10,0;19;0
10395;1;Granada;monitor;online;0,05;171,0;5;0
10396;10;Cádiz;impresora;teléfono;0,2;119,92;4;0
10397;4;Málaga;monitor;online;0,0;180,0;9;0
10398;11;Cádiz;impresora;tienda;0,1;134,91;4;0
10399;7;Huelva;teclado;teléfono;0,0;25,0;7;0
10400;6;Sevilla;impresora;online;0,05;142,4;9;1
10401;11;Córdoba;tablet;teléfono;0,1;314,1;3;0
10402;4;Málaga;tablet;online;0,2;279,2;10;0
10403;8;Almería;ratón;tienda;0,05;11,88;14;0
10404;4;Córdoba;portátil;teléfono;0,0;899,9;3;0
10405;3;Jaén;monitor;tienda;0,2;144,0;7;1
10406;10;Sevilla;impresora;tienda;0,1;134,91;3;0
10407;12;Cádiz;tablet;tienda;0,0;349,0;2;1
10408;5;Cádiz;teclado;tienda;0,0;25,0;15;0
10409;12;Sevilla;tablet;online;0,0;349,0;3;0
10410;6;Cádiz;ratón;online;0,0;12,5;16;0
10411;6;Sevilla;tablet;online;0,1;314,1;10;0
10412;10;Málaga;ratón;teléfono;0,0;12,5;7;0
10413;5;Cádiz;portátil;online;0,0;899,9;4;0
10414;8;Córdoba;teclado;teléfono;0,0;25,0;5;0
10415;1;Jaén;monitor;teléfono;0,0;180,0;1;0
10416;12;Almería;impresora;online;0,0;149,9;3;1
10417;1;Jaén;impresora;tienda;0,0;149,9;3;0
10418;10;Jaén;monitor;tienda;0,0;180,0;2;0
10419;10;Almería;impresora;tienda;0,0;149,9;4;0
10420;8;Granada;monitor;online;0,2;144,0;12;0
10421;4;Jaén;monitor;teléfono;0,0;180,0;6;0
10422;9;Cádiz;monitor;online;0,0;180,0;4;0
10423;1;Cádiz;ratón;online;0,0;12,5;10;0
10424;8;Huelva;monitor;teléfono;0,0;180,0;6;0
10425;6;Cádiz;monitor;online;0,0;180,0;6;0
10426;5;Jaén;tablet;online;0,0;349,0;6;0
10427;1;Huelva;teclado;online;0,05;23,75;10;0
10428;4;Granada;tablet;online;0,0;349,0;6;0
10429;4;Huelva;portátil;teléfono;0,0;899,9;4;0
10430;12;Sevilla;portátil;online;0,0;899,9;3;0
10431;9;Sevilla;monitor;tienda;0,1;162,0;6;0
10432;5;Sevilla;teclado;teléfono;0,0;25,0;7;0
10433;3;Cádiz;monitor;online;0,2;144,0;10;0
10434;1;Córdoba;teclado;tienda;0,0;25,0;4;0
10435;12;Sevilla;impresora;online;0,1;134,91;4;1
10436;6;Huelva;teclado;online;0,0;25,0;14;1
10437;7;Granada;ratón;online;0,05;11,88;15;0
10438;8;Málaga;tablet;online;0,05;331,55;9;0
10439;12;Jaén;monitor;online;0,0;180,0;5;0
10440;10;Jaén;portátil;tienda;0,0;899,9;3;0
10441;4;Huelva;teclado;tienda;0,0;25,0;5;0
10442;4;Córdoba;ratón;online;0,1;11,25;15;1
10443;12;Jaén;teclado;online;0,05;23,75;8;0
10444;5;Córdoba;portátil;tienda;0,05;854,9;5;0
10445;6;Cádiz;ratón;tienda;0,0;12,5;17;0
10446;8;Córdoba;impresora;online;0,0;149,9;3;0
10447;5;Córdoba;ratón;teléfono;0,0;12,5;13;0
10448;8;Almería;impresora;online;0,0;149,9;8;0
10449;12;Almería;teclado;online;0,0;25,0;9;0
10450;5;Málaga;teclado;online;0,0;25,0;16;0
10451;8;Málaga;monitor;tienda;0,05;171,0;5;0
10452;2;Córdoba;ratón;tienda;0,0;12,5;10;0
10453;10;Huelva;ratón;tienda;0,05;11,88;6;0
10454;7;Málaga;portátil;online;0,0;899,9;5;0
10455;11;Huelva;impresora;online;0,0;149,9;4;0
10456;7;Málaga;portátil;online;0,0;899,9;3;0
10457;4;Huelva;ratón;online;0,0;12,5;18;0
10458;2;Sevilla;monitor;online;0,0;180,0;4;0
10459;2;Sevilla;impresora;tienda;0,0;149,9;4;1
10460;12;Málaga;ratón;online;0,05;11,88;9;0
10461;9;Córdoba;portátil;teléfono;0,05;854,9;3;0
10462;8;Jaén;portátil;tienda;0,0;899,9;4;1
10463;4;Málaga;monitor;online;0,0;180,0;10;0
10464;2;Málaga;tablet;online;0,2;279,2;3;1
10465;3;Málaga;impresora;tienda;0,0;149,9;4;0
10466;4;Huelva;ratón;tienda;0,0;12,5;13;0
10467;3;Almería;ratón;teléfono;0,05;11,88;10;0
10468;9;Sevilla;ratón;online;0,0;12,5;21;0
10469;5;Almería;teclado;online;0,0;25,0;12;1
10470;10;Málaga;ratón;tienda;0,0;12,5;9;0
10471;4;Granada;teclado;teléfono;0,0;25,0;9;0
10472;8;Málaga;teclado;teléfono;0,0;25,0;11;0
10473;3;Jaén;monitor;online;0,0;180,0;7;0
10474;9;Almería;tablet;teléfono;0,0;349,0;2;0
10475;4;Almería;tablet;teléfono;0,0;349,0;5;0
10476;4;Granada;tablet;online;0,05;331,55;4;0
10477;6;Jaén;teclado;online;0,0;25,0;15;0
10478;4;Huelva;teclado;teléfono;0,05;23,75;9;0
10479;1;Córdoba;teclado;online;0,0;25,0;9;0
10480;6;Granada;ratón;online;0,2;10,0;29;1
10481;7;Málaga;tablet;online;0,05;331,55;5;0
10482;11;Córdoba;portátil;online;0,0;899,9;3;0
10483;2;Almería;impresora;online;0,05;142,4;4;0
10484;1;Sevilla;impresora;online;0,0;149,9;6;0
10485;6;Almería;impresora;online;0,0;149,9;9;0
10486;8;Almería;monitor;tienda;0,2;144,0;5;0
10487;12;Córdoba;teclado;tienda;0,1;22,5;8;0
10488;11;Almería;ratón;online;0,0;12,5;4;0
10489;1;Granada;portátil;online;0,1;809,91;3;0
10490;10;Málaga;teclado;online;0,1;22,5;14;0
10491;10;Granada;portátil;online;0,0;899,9;3;0
10492;6;Granada;portátil;tienda;0,0;899,9;2;0
10493;5;Córdoba;teclado;online;0,0;25,0;14;0
10494;1;Granada;monitor;tienda;0,0;180,0;2;0
10495;9;Granada;portátil;tienda;0,0;899,9;3;0
10496;8;Granada;impresora;online;0,1;134,91;9;0
10497;11;Cádiz;portátil;teléfono;0,1;809,91;2;0
10498;12;Málaga;monitor;online;0,2;144,0;4;0
10499;8;Huelva;monitor;tienda;0,0;180,0;6;0
10500;8;Córdoba;ratón;teléfono;0,0;12,5;7;0
10501;7;Huelva;impresora;tienda;0,0;149,9;5;0
10502;5;Granada;portátil;tienda;0,0;899,9;3;0
10503;11;Cádiz;portátil;online;0,0;899,9;2;1
10504;10;Córdoba;monitor;online;0,05;171,0;4;0
10505;3;Cádiz;portátil;tienda;0,1;809,91;3;0
10506;5;Huelva;portátil;online;0,0;899,9;6;1
10507;6;Granada;impresora;online;0,1;134,91;7;0
10508;3;Málaga;monitor;teléfono;0,05;171,0;5;0
10509;7;Sevilla;ratón;online;0,0;12,5;22;0
10510;12;Córdoba;impresora;tienda;0,0;149,9;3;0
10511;2;Córdoba;tablet;tienda;0,0;349,0;4;0
10512;3;Almería;portátil;tienda;0,0;899,9;3;0
10513;2;Córdoba;teclado;tienda;0,05;23,75;6;1
10514;8;Almería;portátil;tienda;0,0;899,9;3;0
10515;1;Granada;impresora;tienda;0,0;149,9;4;0
10516;9;Almería;teclado;online;0,05;23,75;10;0
10517;12;Cádiz;impresora;teléfono;0,0;149,9;2;0
10518;5;Sevilla;teclado;teléfono;0,1;22,5;14;0
10519;6;Cádiz;ratón;tienda;0,2;10,0;20;0
10520;8;Granada;portátil;online;0,0;899,9;5;0
10521;2;Málaga;impresora;tienda;0,05;142,4;2;0
10522;4;Almería;impresora;teléfono;0,0;149,9;6;0
10523;9;Sevilla;ratón;online;0,05;11,88;20;0
10524;2;Cádiz;monitor;online;0,0;180,0;4;0
10525;4;Sevilla;teclado;teléfono;0,0;25,0;12;0
10526;4;Cádiz;teclado;online;0,1;22,5;17;1
10527;2;Málaga;tablet;online;0,0;349,0;5;0
10528;1;Cádiz;monitor;online;0,0;180,0;3;0
10529;8;Granada;ratón;teléfono;0,0;12,5;7;0
10530;9;Cádiz;tablet;online;0,1;314,1;8;0
10531;1;Almería;monitor;tienda;0,05;171,0;4;0
10532;8;Huelva;tablet;online;0,0;349,0;4;0
10533;2;Granada;ratón;tienda;0,0;12,5;10;0
10534;12;Sevilla;monitor;tienda;0,0;180,0;2;0
10535;4;Jaén;portátil;teléfono;0,0;899,9;2;0
10536;6;Jaén;impresora;online;0,0;149,9;6;0
10537;4;Granada;impresora;teléfono;0,1;134,91;3;0
10538;8;Málaga;portátil;tienda;0,0;899,9;4;0
10539;10;Sevilla;ratón;teléfono;0,0;12,5;10;0
10540;1;Cádiz;portátil;online;0,0;899,9;2;0
10541;12;Sevilla;portátil;tienda;0,2;719,92;4;0
10542;4;Sevilla;portátil;teléfono;0,0;899,9;4;0
10543;4;Granada;impresora;tienda;0,0;149,9;8;0
10544;5;Málaga;ratón;tienda;0,0;12,5;13;0
10545;10;Sevilla;impresora;tienda;0,1;134,91;8;0
10546;3;Granada;tablet;online;0,1;314,1;6;1
10547;9;Almería;tablet;online;0,0;349,0;4;0
10548;9;Córdoba;portátil;teléfono;0,05;854,9;3;0
10549;5;Jaén;teclado;online;0,05;23,75;19;0
10550;10;Almería;ratón;teléfono;0,0;12,5;8;0
10551;10;Jaén;ratón;teléfono;0,05;11,88;8;0
10552;11;Cádiz;portátil;online;0,05;854,9;4;1
10553;9;Almería;portátil;online;0,0;899,9;3;0
10554;8;Cádiz;ratón;online;0,0;12,5;17;0
10555;10;Almería;portátil;tienda;0,0;899,9;2;0
10556;11;Cádiz;impresora;online;0,0;149,9;3;0
10557;12;Huelva;monitor;online;0,0;180,0;4;0
10558;2;Cádiz;impresora;tienda;0,2;119,92;4;0
10559;1;Jaén;teclado;online;0,1;22,5;13;1
10560;1;Jaén;teclado;tienda;0,0;25,0;6;0
10561;2;Granada;tablet;online;0,05;331,55;4;0
10562;11;Huelva;impresora;tienda;0,0;149,9;2;0
10563;3;Jaén;monitor;online;0,0;180,0;7;0
10564;10;Almería;teclado;tienda;0,0;25,0;7;0
10565;12;Cádiz;portátil;tienda;0,05;854,9;2;0
10566;11;Almería;tablet;teléfono;0,0;349,0;1;0
10567;3;Sevilla;tablet;online;0,05;331,55;7;1
10568;1;Huelva;portátil;tienda;0,0;899,9;2;0
10569;2;Córdoba;impresora;tienda;0,2;119,92;6;0
10570;3;Málaga;impresora;online;0,0;149,9;5;0
10571;2;Sevilla;impresora;online;0,0;149,9;3;1
10572;6;Sevilla;tablet;tienda;0,0;349,0;7;0
10573;12;Cádiz;tablet;teléfono;0,0;349,0;1;0
10574;8;Sevilla;monitor;tienda;0,05;171,0;5;0
10575;10;Sevilla;impresora;online;0,05;142,4;3;0
10576;2;Jaén;monitor;tienda;0,05;171,0;6;0
10577;3;Córdoba;ratón;online;0,0;12,5;13;0
10578;8;Almería;tablet;teléfono;0,0;349,0;4;0
10579;8;Granada;tablet;tienda;0,1;314,1;7;1
10580;2;Jaén;monitor;online;0,2;144,0;7;0
10581;9;Granada;teclado;online;0,0;25,0;10;0
10582;10;Huelva;teclado;teléfono;0,2;20,0;10;0
10583;8;Almería;teclado;online;0,0;25,0;16;0
10584;10;Jaén;monitor;online;0,0;180,0;4;0
10585;5;Granada;impresora;tienda;0,0;149,9;3;0
10586;4;Almería;monitor;tienda;0,05;171,0;7;0
10587;2;Jaén;teclado;tienda;0,2;20,0;9;1
10588;4;Jaén;portátil;tienda;0,0;899,9;4;0
10589;1;Huelva;tablet;online;0,0;349,0;5;0
10590;1;Granada;tablet;teléfono;0,05;331,55;2;0
10591;9;Málaga;teclado;online;0,05;23,75;13;0
10592;12;Cádiz;portátil;tienda;0,05;854,9;2;0
10593;12;Granada;portátil;online;0,05;854,9;3;0
10594;7;Jaén;monitor;teléfono;0,05;171,0;8;0
10595;9;Málaga;portátil;tienda;0,2;719,92;4;0
10596;1;Córdoba;monitor;online;0,0;180,0;4;0
10597;11;Jaén;ratón;online;0,0;12,5;10;0
10598;9;Jaén;ratón;teléfono;0,05;11,88;10;0
10599;9;Almería;tablet;online;0,2;279,2;9;1
10600;2;Jaén;impresora;online;0,0;149,9;4;1
10601;2;Sevilla;tablet;teléfono;0,0;349,0;2;0
10602;5;Jaén;teclado;tienda;0,0;25,0;13;0
10603;4;Sevilla;teclado;tienda;0,0;25,0;1;0
10604;7;Sevilla;impresora;teléfono;0,0;149,9;3;0
10605;6;Sevilla;portátil;online;0,0;899,9;5;0
10606;9;Huelva;tablet;online;0,0;349,0;7;1
10607;2;Málaga;ratón;tienda;0,0;12,5;9;1
10608;7;Jaén;teclado;online;0,1;22,5;16;0
10609;1;Granada;monitor;teléfono;0,2;144,0;5;0
10610;1;Córdoba;monitor;online;0,0;180,0;6;0
10611;2;Granada;monitor;online;0,05;171,0;6;0
10612;10;Málaga;portátil;tienda;0,0;899,9;2;0
10613;4;Jaén;ratón;online;0,0;12,5;19;0
10614;9;Cádiz;ratón;tienda;0,0;12,5;11;0
10615;11;Granada;teclado;online;0,1;22,5;7;1
10616;10;Almería;impresora;online;0,0;149,9;3;0
10617;8;Cádiz;teclado;tienda;0,2;20,0;10;0
10618;3;Málaga;portátil;tienda;0,0;899,9;3;1
10619;1;Cádiz;portátil;online;0,05;854,9;3;0
10620;7;Málaga;teclado;online;0,0;25,0;23;1
10621;4;Málaga;monitor;online;0,05;171,0;13;0
10622;5;Granada;impresora;online;0,0;149,9;7;0
10623;12;Almería;impresora;tienda;0,0;149,9;3;0
10624;6;Granada;impresora;tienda;0,0;149,9;7;0
10625;4;Cádiz;ratón;tienda;0,05;11,88;13;0
10626;11;Sevilla;teclado;tienda;0,05;23,75;7;0
10627;12;Granada;impresora;online;0,1;134,91;5;0
10628;6;Sevilla;ratón;tienda;0,0;12,5;10;0
10629;1;Huelva;impresora;teléfono;0,0;149,9;2;0
10630;7;Huelva;monitor;tienda;0,05;171,0;8;0
10631;5;Córdoba;monitor;tienda;0,0;180,0;8;0
10632;12;Jaén;portátil;teléfono;0,2;719,92;2;0
10633;12;Almería;teclado;tienda;0,2;20,0;9;0
10634;6;Cádiz;tablet;tienda;0,1;314,1;5;1
10635;12;Córdoba;ratón;tienda;0,1;11,25;11;0
10636;1;Córdoba;ratón;online;0,05;11,88;9;1
10637;1;Almería;portátil;tienda;0,05;854,9;2;0
10638;8;Huelva;portátil;tienda;0,0;899,9;4;0
10639;2;Málaga;portátil;online;0,0;899,9;3;1
10640;8;Huelva;teclado;online;0,2;20,0;19;1
10641;1;Huelva;impresora;tienda;0,0;149,9;1;1
10642;3;Granada;tablet;tienda;0,05;331,55;6;0
10643;3;Granada;tablet;tienda;0,0;349,0;4;0
10644;8;Jaén;monitor;online;0,0;180,0;10;0
10645;6;Cádiz;teclado;online;0,0;25,0;21;0
10646;3;Almería;impresora;online;0,0;149,9;5;0
10647;3;Málaga;tablet;tienda;0,0;349,0;3;1
10648;5;Málaga;tablet;tienda;0,2;279,2;7;0
10649;5;Huelva;ratón;online;0,0;12,5;19;0
10650;4;Huelva;portátil;online;0,0;899,9;4;0
10651;6;Sevilla;tablet;online;0,05;331,55;7;0
10652;2;Huelva;teclado;online;0,2;20,0;15;0
10653;5;Córdoba;monitor;teléfono;0,1;162,0;8;0
10654;12;Cádiz;tablet;online;0,0;349,0;3;1
10655;1;Cádiz;teclado;teléfono;0,05;23,75;3;0
10656;2;Granada;monitor;tienda;0,05;171,0;4;0
10657;5;Huelva;impresora;tienda;0,0;149,9;5;0
10658;3;Córdoba;teclado;online;0,2;20,0;17;1
10659;3;Málaga;tablet;online;0,05;331,55;6;0
10660;5;Sevilla;teclado;online;0,05;23,75;12;0
10661;3;Córdoba;monitor;tienda;0,1;162,0;7;0
10662;2;Málaga;tablet;teléfono;0,05;331,55;1;1
10663;7;Córdoba;impresora;tienda;0,1;134,91;10;0
10664;2;Huelva;monitor;tienda;0,0;180,0;5;0
10665;3;Granada;teclado;tienda;0,2;20,0;19;0
10666;4;Huelva;ratón;online;0,2;10,0;25;1
10667;12;Málaga;tablet;tienda;0,0;349,0;4;0
10668;2;Almería;ratón;online;0,0;12,5;12;0
10669;3;Jaén;tablet;tienda;0,0;349,0;5;0
10670;8;Huelva;tablet;tienda;0,2;279,2;4;0
10671;9;Almería;teclado;tienda;0,1;22,5;7;0
10672;9;Málaga;impresora;tienda;0,2;119,92;6;0
10673;12;Jaén;tablet;online;0,0;349,0;3;0
10674;3;Córdoba;impresora;online;0,0;149,9;5;0
10675;11;Granada;teclado;online;0,0;25,0;9;0
10676;2;Sevilla;impresora;tienda;0,0;149,9;3;0
10677;7;Málaga;impresora;tienda;0,0;149,9;8;0
10678;7;Cádiz;impresora;teléfono;0,0;149,9;4;1
10679;10;Córdoba;impresora;online;0,05;142,4;3;1
10680;6;Málaga;teclado;tienda;0,1;22,5;11;1
10681;12;Sevilla;impresora;online;0,0;149,9;4;0
10682;3;Cádiz;teclado;tienda;0,05;23,75;11;0
10683;1;Jaén;impresora;online;0,05;142,4;6;1
10684;9;Córdoba;tablet;tienda;0,2;279,2;6;0
10685;8;Jaén;portátil;online;0,0;899,9;5;0
10686;8;Córdoba;portátil;tienda;0,1;809,91;3;1
10687;12;Granada;ratón;tienda;0,0;12,5;10;1
10688;12;Almería;monitor;online;0,0;180,0;3;0
10689;10;Almería;tablet;online;0,0;349,0;2;0
10690;3;Sevilla;tablet;online;0,0;349,0;5;0
10691;4;Cádiz;ratón;tienda;0,0;12,5;9;0
10692;7;Málaga;tablet;online;0,05;331,55;9;0
10693;6;Jaén;ratón;online;0,05;11,88;24;1
10694;9;Jaén;ratón;online;0,2;10,0;24;0
10695;1;Sevilla;monitor;online;0,0;180,0;4;1
10696;2;Granada;ratón;online;0,0;12,5;10;0
10697;12;Málaga;portátil;online;0,0;899,9;2;0
10698;1;Cádiz;ratón;tienda;0,05;11,88;8;0
10699;4;Jaén;tablet;teléfono;0,0;349,0;4;0
10700;3;Málaga;tablet;online;0,0;349,0;4;0
10701;1;Córdoba;portátil;tienda;0,1;809,91;3;0
10702;9;Granada;tablet;online;0,05;331,55;5;0
10703;11;Cádiz;tablet;online;0,05;331,55;4;0
10704;12;Huelva;portátil;online;0,1;809,91;3;1
10705;6;Cádiz;portátil;tienda;0,2;719,92;6;0
10706;5;Córdoba;ratón;tienda;0,0;12,5;13;0
10707;3;Málaga;teclado;online;0,1;22,5;2;1
10708;4;Granada;teclado;online;0,1;22,5;12;1
10709;10;Málaga;portátil;online;0,0;899,9;1;0
10710;12;Huelva;monitor;teléfono;0,1;162,0;2;0
10711;2;Granada;ratón;online;0,0;12,5;10;0
10712;5;Cádiz;ratón;tienda;0,0;12,5;21;0
10713;10;Málaga;monitor;tienda;0,05;171,0;5;1
10714;10;Granada;teclado;teléfono;0,0;25,0;3;0
10715;1;Huelva;teclado;tienda;0,0;25,0;6;0
10716;8;Cádiz;teclado;teléfono;0,05;23,75;9;1
10717;7;Cádiz;monitor;tienda;0,0;180,0;6;0
10718;7;Almería;monitor;online;0,0;180,0;7;0
10719;9;Córdoba;ratón;online;0,0;12,5;10;0
10720;4;Málaga;ratón;online;0,1;11,25;27;1
10721;8;Granada;ratón;tienda;0,0;12,5;14;0
10722;6;Almería;monitor;online;0,0;180,0;5;0
10723;3;Cádiz;monitor;online;0,05;171,0;9;0
10724;10;Huelva;monitor;tienda;0,0;180,0;3;0
10725;11;Almería;tablet;tienda;0,0;349,0;2;0
10726;6;Málaga;impresora;online;0,0;149,9;6;0
10727;6;Jaén;tablet;tienda;0,0;349,0;6;0
10728;7;Almería;teclado;online;0,0;25,0;12;0
10729;8;Jaén;impresora;online;0,0;149,9;5;0
10730;11;Málaga;ratón;online;0,1;11,25;19;0
10731;6;Granada;teclado;tienda;0,1;22,5;12;0
10732;5;Granada;ratón;online;0,0;12,5;10;0
10733;9;Almería;impresora;tienda;0,0;149,9;6;0
10734;12;Almería;teclado;tienda;0,0;25,0;7;0
10735;2;Sevilla;portátil;online;0,05;854,9;3;0
10736;10;Málaga;monitor;tienda;0,2;144,0;8;0
10737;10;Huelva;impresora;tienda;0,1;134,91;6;1
10738;12;Cádiz;teclado;tienda;0,0;25,0;6;0
10739;8;Huelva;monitor;online;0,05;171,0;9;1
10740;10;Córdoba;impresora;tienda;0,0;149,9;2;0
10741;4;Almería;teclado;online;0,1;22,5;20;1
10742;9;Córdoba;monitor;online;0,0;180,0;7;0
10743;1;Málaga;portátil;online;0,0;899,9;2;0
10744;2;Málaga;impresora;online;0,0;149,9;5;1
10745;4;Granada;impresora;tienda;0,05;142,4;4;1
10746;12;Jaén;teclado;tienda;0,1;22,5;9;0
10747;2;Cádiz;teclado;tienda;0,05;23,75;6;1
10748;8;Granada;monitor;online;0,0;180,0;9;0
10749;10;Jaén;impresora;online;0,1;134,91;5;0
10750;10;Cádiz;impresora;online;0,05;142,4;5;0
10751;2;Huelva;portátil;tienda;0,1;809,91;4;0
10752;1;Córdoba;monitor;online;0,0;180,0;4;0
10753;6;Jaén;impresora;online;0,1;134,91;11;0
10754;8;Málaga;monitor;online;0,1;162,0;9;0
10755;1;Cádiz;teclado;online;0,0;25,0;9;0
10756;1;Jaén;tablet;tienda;0,0;349,0;2;0
10757;7;Granada;monitor;online;0,0;180,0;6;1
10758;8;Sevilla;impresora;tienda;0,05;142,4;5;0
10759;12;Sevilla;ratón;online;0,2;10,0;15;0
10760;10;Granada;monitor;tienda;0,0;180,0;3;0
10761;7;Jaén;portátil;tienda;0,0;899,9;5;0
10762;2;Huelva;monitor;online;0,05;171,0;3;0
10763;7;Huelva;ratón;teléfono;0,05;11,88;16;0
10764;9;Córdoba;impresora;teléfono;0,1;134,91;5;0
10765;3;Huelva;teclado;tienda;0,05;23,75;10;0
10766;5;Jaén;portátil;tienda;0,2;719,92;3;0
10767;5;Granada;portátil;online;0,1;809,91;5;0
10768;1;Huelva;monitor;online;0,1;162,0;5;1
10769;12;Huelva;teclado;online;0,05;23,75;9;0
10770;8;Málaga;teclado;online;0,0;25,0;11;1
10771;2;Córdoba;monitor;online;0,0;180,0;4;0
10772;5;Córdoba;ratón;teléfono;0,0;12,5;13;0
10773;3;Almería;monitor;tienda;0,0;180,0;5;0
10774;1;Jaén;monitor;online;0,1;162,0;4;0
10775;2;Cádiz;impresora;tienda;0,0;149,9;2;0
10776;2;Granada;ratón;online;0,0;12,5;14;0
10777;3;Málaga;ratón;teléfono;0,2;10,0;8;0
10778;12;Sevilla;ratón;teléfono;0,0;12,5;7;1
10779;3;Málaga;portátil;tienda;0,1;809,91;4;0
10780;11;Jaén;ratón;teléfono;0,05;11,88;9;0
10781;9;Cádiz;tablet;online;0,1;314,1;7;0
10782;5;Huelva;portátil;tienda;0,0;899,9;4;0
10783;8;Huelva;teclado;tienda;0,0;25,0;10;0
10784;12;Jaén;monitor;online;0,05;171,0;4;0
10785;7;Huelva;ratón;tienda;0,0;12,5;15;0
10786;5;Almería;impresora;tienda;0,0;149,9;5;0
10787;8;Jaén;teclado;teléfono;0,0;25,0;8;0
10788;8;Almería;portátil;tienda;0,05;854,9;5;0
10789;5;Jaén;ratón;online;0,0;12,5;29;1
10790;7;Málaga;monitor;online;0,0;180,0;8;0
10791;4;Sevilla;tablet;tienda;0,1;314,1;6;0
10792;5;Málaga;portátil;online;0,0;899,9;4;0
10793;3;Sevilla;monitor;tienda;0,1;162,0;6;0
10794;3;Huelva;teclado;tienda;0,0;25,0;7;0
10795;6;Granada;tablet;teléfono;0,0;349,0;4;0
10796;12;Jaén;ratón;online;0,0;12,5;12;0
10797;2;Córdoba;ratón;online;0,05;11,88;12;0
10798;8;Córdoba;tablet;online;0,0;349,0;6;0
10799;3;Sevilla;ratón;online;0,0;12,5;17;0
10800;8;Sevilla;impresora;tienda;0,1;134,91;6;0
10801;4;Huelva;monitor;tienda;0,0;180,0;4;0
10802;10;Cádiz;ratón;online;0,0;12,5;12;0
10803;9;Jaén;monitor;online;0,0;180,0;5;1
10804;10;Cádiz;ratón;online;0,05;11,88;15;0
10805;1;Sevilla;teclado;online;0,2;20,0;13;0
10806;12;Sevilla;impresora;online;0,0;149,9;3;0
10807;5;Sevilla;portátil;teléfono;0,05;854,9;3;0
10808;2;Sevilla;ratón;tienda;0,1;11,25;8;0
10809;1;Córdoba;portátil;tienda;0,0;899,9;1;0
10810;9;Córdoba;teclado;teléfono;0,1;22,5;6;0
10811;8;Málaga;ratón;online;0,0;12,5;13;0
10812;11;Huelva;monitor;online;0,0;180,0;5;0
10813;11;Huelva;monitor;tienda;0,05;171,0;5;0
10814;5;Córdoba;tablet;online;0,05;331,55;7;0
10815;6;Sevilla;tablet;online;0,05;331,55;9;1
10816;3;Almería;ratón;online;0,1;11,25;13;0
10817;8;Cádiz;portátil;online;0,0;899,9;5;0
10818;9;Granada;teclado;tienda;0,0;25,0;10;0
10819;1;Cádiz;tablet;tienda;0,0;349,0;4;0
10820;11;Granada;impresora;online;0,0;149,9;6;0
10821;7;Cádiz;monitor;tienda;0,1;162,0;6;0
10822;12;Córdoba;teclado;online;0,0;25,0;11;0
10823;5;Sevilla;impresora;online;0,0;149,9;6;0
10824;1;Almería;portátil;tienda;0,0;899,9;2;0
10825;2;Córdoba;impresora;tienda;0,0;149,9;4;0
10826;8;Huelva;teclado;teléfono;0,2;20,0;12;0
10827;4;Jaén;tablet;tienda;0,05;331,55;3;0
10828;5;Almería;teclado;online;0,05;23,75;18;0
10829;4;Cádiz;teclado;online;0,05;23,75;13;1
10830;1;Granada;teclado;teléfono;0,2;20,0;6;0
10831;11;Almería;portátil;online;0,0;899,9;2;0
10832;2;Granada;impresora;tienda;0,0;149,9;4;0
10833;8;Málaga;tablet;online;0,1;314,1;7;0
10834;1;Huelva;impresora;online;0,1;134,91;5;0
10835;8;Jaén;ratón;tienda;0,05;11,88;18;0
10836;9;Huelva;impresora;tienda;0,1;134,91;6;0
10837;3;Huelva;portátil;tienda;0,1;809,91;5;0
10838;12;Cádiz;teclado;teléfono;0,0;25,0;4;0
10839;12;Sevilla;ratón;tienda;0,0;12,5;7;0
10840;12;Almería;teclado;tienda;0,0;25,0;3;1
10841;4;Granada;portátil;teléfono;0,0;899,9;3;0
10842;6;Almería;portátil;teléfono;0,0;899,9;4;0
10843;4;Córdoba;teclado;online;0,2;20,0;17;0
10844;12;Granada;tablet;tienda;0,2;279,2;5;0
10845;9;Cádiz;ratón;online;0,2;10,0;26;1
10846;4;Málaga;monitor;teléfono;0,0;180,0;6;0
10847;1;Cádiz;tablet;online;0,0;349,0;2;0
10848;7;Sevilla;impresora;teléfono;0,1;134,91;5;0
10849;12;Huelva;monitor;tienda;0,0;180,0;5;0
10850;11;Jaén;impresora;teléfono;0,2;119,92;4;0
10851;4;Córdoba;monitor;tienda;0,0;180,0;4;0
10852;5;Córdoba;ratón;online;0,05;11,88;17;0
10853;10;Huelva;monitor;teléfono;0,0;180,0;2;0
10854;9;Cádiz;tablet;online;0,0;349,0;5;0
10855;9;Cádiz;portátil;online;0,05;854,9;4;0
10856;6;Cádiz;portátil;online;0,1;809,91;4;0
10857;9;Huelva;impresora;online;0,0;149,9;4;0
10858;9;Málaga;monitor;online;0,0;180,0;7;0
10859;8;Córdoba;impresora;tienda;0,1;134,91;8;0
10860;3;Sevilla;tablet;online;0,1;314,1;7;0
10861;9;Sevilla;ratón;online;0,0;12,5;15;0
10862;7;Almería;tablet;online;0,1;314,1;8;0
10863;5;Almería;portátil;tienda;0,0;899,9;3;0
10864;10;Huelva;portátil;online;0,0;899,9;3;0
10865;4;Granada;portátil;online;0,0;899,9;5;0
10866;4;Córdoba;portátil;online;0,0;899,9;6;0
10867;5;Jaén;impresora;tienda;0,1;134,91;8;0
10868;12;Almería;teclado;teléfono;0,1;22,5;6;0
10869;8;Málaga;portátil;online;0,05;854,9;4;0
10870;9;Cádiz;monitor;online;0,0;180,0;6;0
10871;9;Málaga;portátil;tienda;0,0;899,9;3;0
10872;12;Granada;impresora;online;0,1;134,91;4;0
10873;12;Córdoba;tablet;online;0,0;349,0;3;0
10874;4;Córdoba;portátil;tienda;0,0;899,9;3;0
10875;4;Córdoba;monitor;tienda;0,0;180,0;6;1
10876;11;Huelva;ratón;online;0,0;12,5;9;0
10877;7;Jaén;teclado;online;0,0;25,0;14;0
10878;10;Cádiz;monitor;teléfono;0,0;180,0;5;0
10879;5;Almería;teclado;tienda;0,2;20,0;15;1
10880;4;Córdoba;teclado;teléfono;0,0;25,0;10;0
10881;8;Jaén;tablet;tienda;0,2;279,2;8;0
10882;11;Córdoba;ratón;online;0,1;11,25;15;0
10883;4;Córdoba;teclado;tienda;0,0;25,0;10;0
10884;12;Huelva;ratón;online;0,0;12,5;6;0
10885;6;Sevilla;tablet;online;0,2;279,2;12;0
10886;11;Sevilla;portátil;tienda;0,0;899,9;2;0
10887;4;Jaén;teclado;teléfono;0,1;22,5;19;0
10888;4;Huelva;tablet;online;0,0;349,0;7;1
10889;12;Málaga;monitor;teléfono;0,1;162,0;4;0
10890;5;Cádiz;impresora;tienda;0,0;149,9;4;0
10891;1;Sevilla;monitor;tienda;0,1;162,0;3;0
10892;3;Granada;portátil;online;0,0;899,9;5;0
10893;8;Jaén;tablet;tienda;0,1;314,1;7;0
10894;1;Huelva;tablet;online;0,0;349,0;4;1
10895;3;Almería;monitor;tienda;0,0;180,0;4;0
10896;8;Cádiz;impresora;online;0,05;142,4;6;0
10897;12;Málaga;ratón;online;0,0;12,5;7;0
10898;10;Jaén;portátil;online;0,1;809,91;4;0
10899;12;Jaén;ratón;online;0,1;11,25;11;0
10900;6;Huelva;teclado;teléfono;0,2;20,0;10;0
10901;6;Almería;impresora;tienda;0,0;149,9;6;0
10902;9;Huelva;monitor;tienda;0,2;144,0;7;0
10903;6;Huelva;portátil;teléfono;0,0;899,9;4;0
10904;12;Jaén;impresora;online;0,05;142,4;4;0
10905;3;Sevilla;monitor;online;0,2;144,0;8;0
10906;6;Granada;monitor;online;0,05;171,0;10;0
10907;12;Málaga;ratón;tienda;0,05;11,88;4;0
10908;8;Almería;monitor;online;0,1;162,0;9;0
10909;12;Córdoba;monitor;online;0,0;180,0;6;0
10910;8;Jaén;teclado;online;0,2;20,0;12;1
10911;9;Málaga;portátil;online;0,0;899,9;4;0
10912;10;Málaga;ratón;tienda;0,0;12,5;9;0
10913;3;Jaén;impresora;online;0,0;149,9;6;1
10914;3;Granada;impresora;online;0,1;134,91;8;1
10915;3;Huelva;tablet;teléfono;0,0;349,0;3;0
10916;10;Granada;ratón;tienda;0,0;12,5;11;0
10917;7;Córdoba;monitor;online;0,1;162,0;10;1
10918;6;Málaga;impresora;tienda;0,05;142,4;7;0
10919;5;Granada;portátil;online;0,05;854,9;7;1
10920;8;Huelva;tablet;tienda;0,0;349,0;7;0
10921;3;Cádiz;impresora;teléfono;0,0;149,9;5;0
10922;10;Almería;teclado;tienda;0,0;25,0;7;0
10923;7;Jaén;ratón;tienda;0,05;11,88;26;0
10924;11;Málaga;tablet;tienda;0,0;349,0;3;0
10925;3;Sevilla;impresora;tienda;0,0;149,9;3;0
10926;3;Cádiz;portátil;online;0,2;719,92;5;0
10927;10;Jaén;ratón;teléfono;0,0;12,5;6;0
10928;7;Huelva;teclado;online;0,2;20,0;25;1
10929;1;Cádiz;monitor;teléfono;0,2;144,0;4;0
10930;5;Jaén;impresora;tienda;0,0;149,9;7;0
10931;6;Almería;portátil;online;0,0;899,9;6;0
10932;12;Granada;teclado;tienda;0,0;25,0;3;0
10933;5;Málaga;teclado;online;0,0;25,0;16;0
10934;2;Almería;monitor;tienda;0,0;180,0;5;0
10935;11;Almería;tablet;tienda;0,0;349,0;3;0
10936;7;Granada;ratón;online;0,1;11,25;27;1
10937;8;Granada;portátil;online;0,05;854,9;4;0
10938;2;Cádiz;portátil;tienda;0,0;899,9;2;0
10939;5;Córdoba;teclado;tienda;0,05;23,75;17;0
10940;6;Sevilla;impresora;tienda;0,05;142,4;5;0
10941;3;Almería;teclado;tienda;0,05;23,75;10;0
10942;5;Granada;teclado;tienda;0,0;25,0;18;0
10943;7;Málaga;tablet;tienda;0,0;349,0;7;0
10944;2;Almería;tablet;teléfono;0,2;279,2;4;0
10945;10;Jaén;monitor;online;0,0;180,0;5;0
10946;11;Jaén;tablet;online;0,05;331,55;3;0
10947;7;Jaén;impresora;teléfono;0,0;149,9;7;1
10948;10;Cádiz;impresora;online;0,0;149,9;4;0
10949;5;Jaén;monitor;online;0,0;180,0;9;1
10950;8;Jaén;tablet;teléfono;0,05;331,55;3;0
10951;10;Málaga;tablet;teléfono;0,05;331,55;3;0
10952;8;Sevilla;portátil;online;0,2;719,92;8;0
10953;3;Sevilla;tablet;tienda;0,05;331,55;4;0
10954;5;Almería;impresora;online;0,2;119,92;8;0
10955;6;Jaén;impresora;tienda;0,2;119,92;7;0
10956;7;Almería;impresora;teléfono;0,05;142,4;7;0
10957;9;Huelva;monitor;online;0,05;171,0;8;0
10958;5;Jaén;teclado;online;0,05;23,75;11;0
10959;10;Granada;impresora;tienda;0,05;142,4;4;0
10960;2;Almería;portátil;online;0,0;899,9;4;0
10961;8;Huelva;monitor;teléfono;0,05;171,0;9;0
10962;11;Cádiz;monitor;teléfono;0,0;180,0;3;0
10963;3;Sevilla;teclado;online;0,05;23,75;16;0
10964;1;Huelva;portátil;teléfono;0,0;899,9;2;0
10965;7;Jaén;monitor;online;0,1;162,0;13;0
10966;1;Huelva;impresora;online;0,0;149,9;5;1
10967;11;Málaga;teclado;online;0,0;25,0;8;0
10968;2;Jaén;tablet;online;0,1;314,1;4;0
10969;8;Málaga;portátil;tienda;0,0;899,9;4;0
10970;3;Sevilla;portátil;tienda;0,0;899,9;3;0
10971;10;Granada;impresora;tienda;0,2;119,92;5;0
10972;2;Sevilla;impresora;online;0,0;149,9;5;0
10973;7;Granada;portátil;tienda;0,2;719,92;7;0
10974;3;Jaén;monitor;online;0,0;180,0;7;0
10975;1;Huelva;teclado;teléfono;0,0;25,0;5;0
10976;3;Córdoba;ratón;online;0,05;11,88;15;0
10977;11;Sevilla;impresora;online;0,05;142,4;3;1
10978;4;Granada;portátil;online;0,0;899,9;5;0
10979;7;Córdoba;portátil;online;0,0;899,9;4;1
10980;7;Granada;portátil;teléfono;0,0;899,9;4;0
10981;6;Cádiz;ratón;teléfono;0,0;12,5;17;0
10982;9;Almería;ratón;tienda;0,2;10,0;17;0
10983;1;Jaén;ratón;online;0,1;11,25;9;1
10984;8;Granada;monitor;teléfono;0,2;144,0;6;0
10985;5;Córdoba;tablet;online;0,0;349,0;7;1
10986;2;Huelva;impresora;tienda;0,0;149,9;5;0
10987;2;Córdoba;tablet;online;0,0;349,0;3;1
10988;1;Jaén;impresora;tienda;0,0;149,9;2;0
10989;10;Jaén;tablet;tienda;0,05;331,55;3;0
10990;4;Huelva;portátil;online;0,05;854,9;5;0
10991;8;Jaén;tablet;tienda;0,05;331,55;6;0
10992;2;Granada;ratón;online;0,0;12,5;11;0
10993;7;Málaga;ratón;online;0,1;11,25;22;1
10994;9;Córdoba;monitor;online;0,0;180,0;8;0
10995;7;Huelva;teclado;tienda;0,1;22,5;10;0
10996;10;Huelva;teclado;online;0,05;23,75;10;0
10997;5;Cádiz;portátil;teléfono;0,0;899,9;4;0
10998;4;Granada;teclado;online;0,0;25,0;19;0
10999;1;Sevilla;portátil;teléfono;0,1;809,91;2;0
11000;5;Cádiz;teclado;teléfono;0,05;23,75;5;0
11001;11;Huelva;impresora;online;0,0;149,9;3;1
11002;11;Jaén;tablet;tienda;0,0;349,0;3;0
11003;8;Granada;monitor;online;0,0;180,0;9;0
11004;10;Huelva;ratón;online;0,05;11,88;14;1
11005;8;Jaén;impresora;online;0,0;149,9;6;0
11006;7;Huelva;impresora;online;0,1;134,91;8;1
11007;6;Sevilla;monitor;tienda;0,2;144,0;8;0
11008;8;Cádiz;monitor;online;0,0;180,0;9;0
11009;1;Sevilla;portátil;tienda;0,1;809,91;2;1
11010;2;Málaga;tablet;online;0,0;349,0;5;0
11011;3;Cádiz;monitor;online;0,1;162,0;6;0
11012;2;Málaga;teclado;teléfono;0,2;20,0;7;1
11013;11;Almería;teclado;tienda;0,0;25,0;6;0
11014;9;Jaén;portátil;tienda;0,05;854,9;4;0
11015;2;Granada;portátil;tienda;0,1;809,91;4;0
11016;3;Sevilla;ratón;tienda;0,0;12,5;8;0
11017;4;Huelva;teclado;tienda;0,0;25,0;9;0
11018;3;Jaén;monitor;tienda;0,1;162,0;6;1
11019;7;Jaén;tablet;tienda;0,2;279,2;10;0
11020;7;Málaga;monitor;online;0,0;180,0;9;0
11021;7;Almería;teclado;online;0,0;25,0;15;0
11022;5;Huelva;monitor;tienda;0,0;180,0;6;0
11023;12;Sevilla;teclado;tienda;0,05;23,75;5;0
11024;11;Sevilla;portátil;tienda;0,2;719,92;4;0
11025;2;Cádiz;impresora;online;0,0;149,9;5;0
11026;10;Almería;monitor;tienda;0,0;180,0;4;0
11027;10;Jaén;monitor;online;0,0;180,0;4;0
11028;6;Almería;tablet;tienda;0,0;349,0;7;0
11029;7;Jaén;ratón;online;0,0;12,5;19;0
11030;4;Málaga;tablet;online;0,0;349,0;5;0
11031;6;Almería;impresora;online;0,0;149,9;9;0
11032;6;Granada;tablet;online;0,0;349,0;8;0
11033;10;Almería;teclado;tienda;0,0;25,0;7;0
11034;10;Granada;monitor;tienda;0,1;162,0;7;0
11035;2;Córdoba;ratón;tienda;0,0;12,5;11;0
11036;5;Córdoba;impresora;online;0,05;142,4;11;0
11037;8;Córdoba;ratón;teléfono;0,0;12,5;12;0
11038;7;Sevilla;ratón;tienda;0,1;11,25;28;0
11039;5;Huelva;portátil;online;0,0;899,9;5;0
11040;1;Almería;teclado;tienda;0,0;25,0;6;1
11041;1;Huelva;tablet;teléfono;0,0;349,0;2;0
11042;9;Sevilla;tablet;online;0,0;349,0;5;0
11043;2;Sevilla;impresora;tienda;0,0;149,9;4;0
11044;1;Huelva;ratón;online;0,0;12,5;9;0
11045;10;Cádiz;impresora;teléfono;0,2;119,92;4;0
11046;12;Cádiz;portátil;tienda;0,0;899,9;2;0
11047;12;Huelva;ratón;online;0,0;12,5;8;0
11048;5;Granada;monitor;online;0,0;180,0;10;0
11049;4;Cádiz;teclado;online;0,0;25,0;11;0
11050;1;Málaga;impresora;online;0,0;149,9;4;0
11051;11;Málaga;tablet;tienda;0,0;349,0;4;0
11052;7;Córdoba;teclado;teléfono;0,1;22,5;10;0
11053;7;Huelva;impresora;tienda;0,1;134,91;8;0
11054;9;Jaén;teclado;tienda;0,0;25,0;12;0
11055;10;Granada;impresora;online;0,0;149,9;6;1
11056;12;Sevilla;monitor;tienda;0,0;180,0;2;0
11057;10;Córdoba;monitor;teléfono;0,0;180,0;4;0
11058;2;Cádiz;ratón;tienda;0,0;12,5;11;0
11059;3;Jaén;impresora;tienda;0,1;134,91;7;0
11060;2;Almería;portátil;online;0,2;719,92;4;0
11061;2;Málaga;tablet;online;0,0;349,0;4;1
11062;10;Cádiz;teclado;tienda;0,0;25,0;9;0
11063;7;Jaén;impresora;tienda;0,0;149,9;4;0
11064;9;Sevilla;tablet;online;0,2;279,2;8;1
11065;10;Sevilla;monitor;tienda;0,0;180,0;4;0
11066;2;Granada;tablet;teléfono;0,0;349,0;2;0
11067;8;Granada;impresora;teléfono;0,05;142,4;6;0
11068;2;Almería;portátil;online;0,2;719,92;3;0
11069;4;Jaén;tablet;teléfono;0,1;314,1;3;0
11070;7;Jaén;portátil;tienda;0,05;854,9;5;0
11071;6;Granada;portátil;online;0,0;899,9;6;1
11072;10;Córdoba;monitor;tienda;0,05;171,0;3;0
11073;9;Jaén;ratón;tienda;0,0;12,5;15;0
11074;12;Sevilla;tablet;tienda;0,0;349,0;1;0
11075;8;Málaga;portátil;tienda;0,05;854,9;4;0
11076;8;Huelva;portátil;tienda;0,0;899,9;2;0
11077;3;Huelva;tablet;teléfono;0,05;331,55;4;0
11078;11;Almería;monitor;tienda;0,0;180,0;4;0
11079;6;Jaén;ratón;teléfono;0,0;12,5;14;1
11080;3;Huelva;teclado;teléfono;0,0;25,0;7;0
11081;12;Jaén;ratón;online;0,2;10,0;12;1
11082;2;Málaga;monitor;online;0,0;180,0;6;0
11083;5;Granada;impresora;online;0,1;134,91;9;0
11084;7;Cádiz;portátil;tienda;0,0;899,9;5;0
11085;4;Córdoba;tablet;tienda;0,05;331,55;5;0
11086;5;Cádiz;teclado;tienda;0,0;25,0;14;0
11087;4;Sevilla;portátil;tienda;0,1;809,91;5;0
11088;5;Córdoba;impresora;online;0,0;149,9;8;0
11089;6;Huelva;tablet;tienda;0,0;349,0;5;0
11090;11;Almería;portátil;online;0,0;899,9;4;0
11091;6;Huelva;ratón;online;0,0;12,5;21;1
11092;7;Sevilla;portátil;tienda;0,0;899,9;2;0
11093;11;Málaga;monitor;online;0,0;180,0;6;1
11094;10;Granada;monitor;online;0,05;171,0;5;0
11095;2;Almería;teclado;online;0,0;25,0;10;0
11096;2;Córdoba;impresora;teléfono;0,05;142,4;4;0
11097;3;Huelva;ratón;tienda;0,0;12,5;10;0
11098;4;Jaén;teclado;online;0,1;22,5;13;0
11099;7;Sevilla;impresora;online;0,0;149,9;6;0
11100;6;Jaén;portátil;tienda;0,0;899,9;3;0
11101;10;Huelva;impresora;online;0,05;142,4;8;1
11102;7;Málaga;portátil;tienda;0,0;899,9;3;0
11103;3;Granada;portátil;tienda;0,0;899,9;4;0
11104;8;Málaga;portátil;online;0,0;899,9;5;0
11105;3;Málaga;teclado;teléfono;0,2;20,0;10;0
11106;10;Sevilla;impresora;online;0,1;134,91;3;0
11107;8;Almería;impresora;teléfono;0,0;149,9;3;0
11108;12;Almería;portátil;online;0,1;809,91;2;0
11109;3;Granada;ratón;online;0,0;12,5;14;0
11110;3;Córdoba;impresora;tienda;0,1;134,91;3;0
11111;10;Granada;impresora;tienda;0,0;149,9;4;0
11112;12;Cádiz;monitor;tienda;0,0;180,0;2;0
11113;6;Huelva;ratón;tienda;0,1;11,25;17;1
11114;4;Almería;teclado;teléfono;0,0;25,0;8;0
11115;9;Almería;monitor;tienda;0,0;180,0;5;0
11116;3;Sevilla;impresora;online;0,0;149,9;5;0
11117;2;Granada;ratón;teléfono;0,0;12,5;5;0
11118;8;Cádiz;teclado;teléfono;0,0;25,0;9;0
11119;9;Málaga;ratón;tienda;0,1;11,25;14;0
11120;3;Almería;monitor;online;0,05;171,0;7;0
11121;6;Sevilla;impresora;teléfono;0,05;142,4;4;0
11122;1;Huelva;ratón;tienda;0,1;11,25;7;0
11123;7;Málaga;teclado;tienda;0,1;22,5;17;0
11124;11;Málaga;ratón;online;0,0;12,5;13;0
11125;2;Málaga;monitor;online;0,0;180,0;6;0
11126;3;Huelva;teclado;teléfono;0,05;23,75;7;0
11127;7;Málaga;tablet;tienda;0,1;314,1;4;1
11128;3;Almería;tablet;tienda;0,0;349,0;5;0
11129;6;Almería;teclado;teléfono;0,0;25,0;12;1
11130;10;Cádiz;tablet;tienda;0,05;331,55;4;0
11131;2;Sevilla;teclado;online;0,0;25,0;7;0
11132;9;Granada;portátil;teléfono;0,2;719,92;2;0
11133;8;Almería;impresora;online;0,0;149,9;9;0
11134;6;Granada;impresora;online;0,0;149,9;4;0
11135;5;Sevilla;tablet;tienda;0,0;349,0;4;0
11136;10;Granada;portátil;tienda;0,0;899,9;4;1
11137;3;Málaga;tablet;tienda;0,0;349,0;2;0
11138;6;Málaga;monitor;online;0,0;180,0;7;0
11139;4;Cádiz;impresora;tienda;0,0;149,9;4;1
11140;4;Cádiz;portátil;online;0,0;899,9;5;1
11141;10;Almería;tablet;online;0,05;331,55;5;0
11142;3;Jaén;teclado;teléfono;0,0;25,0;8;1
11143;12;Huelva;impresora;online;0,0;149,9;4;0
11144;11;Málaga;tablet;online;0,05;331,55;3;0
11145;2;Málaga;ratón;online;0,1;11,25;6;1
11146;9;Granada;ratón;tienda;0,0;12,5;10;0
11147;10;Jaén;ratón;online;0,2;10,0;23;0
11148;12;Almería;ratón;tienda;0,0;12,5;7;1
11149;1;Jaén;monitor;tienda;0,0;180,0;4;0
11150;3;Málaga;ratón;teléfono;0,0;12,5;12;0
11151;1;Cádiz;monitor;tienda;0,0;180,0;4;0
11152;11;Huelva;monitor;online;0,0;180,0;3;0
11153;1;Córdoba;ratón;tienda;0,0;12,5;5;0
11154;12;Córdoba;ratón;tienda;0,1;11,25;8;0
11155;8;Sevilla;portátil;teléfono;0,0;899,9;3;0
11156;10;Granada;impresora;teléfono;0,05;142,4;4;0
11157;10;Jaén;monitor;online;0,0;180,0;4;0
11158;5;Málaga;ratón;tienda;0,0;12,5;8;0
11159;8;Sevilla;tablet;teléfono;0,0;349,0;5;0
11160;1;Jaén;monitor;online;0,2;144,0;7;1
11161;12;Córdoba;tablet;tienda;0,0;349,0;2;0
11162;12;Huelva;ratón;online;0,0;12,5;9;0
11163;10;Sevilla;portátil;online;0,0;899,9;4;0
11164;12;Cádiz;impresora;tienda;0,05;142,4;4;0
11165;12;Almería;portátil;tienda;0,05;854,9;1;0
11166;5;Cádiz;portátil;online;0,1;809,91;4;0
11167;2;Cádiz;ratón;online;0,05;11,88;8;1
11168;2;Málaga;monitor;teléfono;0,1;162,0;4;0
11169;6;Almería;teclado;online;0,05;23,75;21;0
11170;12;Almería;portátil;tienda;0,2;719,92;3;0
11171;9;Málaga;ratón;teléfono;0,05;11,88;16;0
11172;1;Jaén;impresora;online;0,05;142,4;4;1
11173;2;Cádiz;portátil;online;0,0;899,9;3;0
11174;9;Granada;ratón;tienda;0,0;12,5;15;0
11175;5;Cádiz;impresora;online;0,0;149,9;6;1
11176;5;Sevilla;monitor;online;0,0;180,0;12;0
11177;1;Almería;monitor;online;0,05;171,0;4;0
11178;11;Granada;teclado;tienda;0,0;25,0;8;0
11179;2;Jaén;teclado;online;0,0;25,0;11;0
11180;12;Málaga;portátil;online;0,05;854,9;2;1
11181;1;Almería;teclado;online;0,2;20,0;10;0
11182;2;Jaén;impresora;teléfono;0,0;149,9;2;0
11183;9;Jaén;ratón;online;0,0;12,5;12;0
11184;4;Málaga;monitor;online;0,0;180,0;11;0
11185;1;Córdoba;impresora;online;0,0;149,9;4;0
11186;4;Sevilla;portátil;online;0,05;854,9;6;0
11187;8;Huelva;monitor;online;0,2;144,0;7;0
11188;7;Sevilla;impresora;online;0,0;149,9;3;1
11189;5;Granada;portátil;online;0,0;899,9;6;0
11190;5;Huelva;tablet;online;0,0;349,0;10;0
11191;8;Sevilla;portátil;tienda;0,0;899,9;4;0
11192;11;Huelva;monitor;teléfono;0,0;180,0;3;0
11193;4;Cádiz;tablet;tienda;0,0;349,0;5;0
11194;8;Granada;ratón;teléfono;0,0;12,5;12;0
11195;8;Granada;teclado;online;0,0;25,0;12;0
11196;8;Córdoba;monitor;online;0,05;171,0;9;1
11197;1;Málaga;impresora;online;0,0;149,9;2;0
11198;11;Almería;teclado;online;0,0;25,0;9;0
11199;7;Málaga;portátil;online;0,05;854,9;4;0
11200;10;Sevilla;tablet;online;0,2;279,2;6;0
11201;7;Málaga;ratón;tienda;0,0;12,5;14;0
11202;12;Granada;monitor;online;0,2;144,0;5;0
11203;7;Málaga;tablet;tienda;0,05;331,55;7;0
11204;3;Cádiz;ratón;teléfono;0,0;12,5;10;0
11205;12;Sevilla;ratón;tienda;0,05;11,88;6;0
11206;8;Cádiz;impresora;online;0,1;134,91;10;0
11207;12;Cádiz;teclado;tienda;0,1;22,5;5;0
11208;7;Sevilla;portátil;teléfono;0,0;899,9;4;0
11209;2;Málaga;tablet;teléfono;0,0;349,0;3;0
11210;4;Córdoba;monitor;online;0,0;180,0;9;0
11211;8;Córdoba;ratón;teléfono;0,1;11,25;10;0
11212;6;Sevilla;teclado;tienda;0,2;20,0;24;0
11213;7;Granada;impresora;tienda;0,2;119,92;10;0
11214;7;Granada;portátil;teléfono;0,05;854,9;4;0
11215;7;Córdoba;monitor;tienda;0,05;171,0;7;0
11216;1;Almería;teclado;online;0,05;23,75;6;0
11217;2;Córdoba;ratón;teléfono;0,0;12,5;5;0
11218;1;Sevilla;monitor;tienda;0,05;171,0;5;0
11219;5;Córdoba;ratón;online;0,0;12,5;17;0
11220;1;Córdoba;monitor;online;0,0;180,0;5;1
11221;9;Sevilla;impresora;online;0,0;149,9;8;0
11222;7;Jaén;impresora;online;0,0;149,9;8;0
11223;12;Granada;portátil;online;0,1;809,91;3;1
11224;4;Córdoba;ratón;online;0,0;12,5;24;0
11225;3;Cádiz;tablet;online;0,05;331,55;5;0
11226;9;Jaén;teclado;teléfono;0,05;23,75;6;1
11227;3;Jaén;tablet;teléfono;0,0;349,0;4;0
11228;10;Jaén;tablet;tienda;0,05;331,55;5;0
11229;5;Málaga;impresora;tienda;0,0;149,9;6;0
11230;9;Jaén;ratón;online;0,0;12,5;17;1
11231;1;Málaga;ratón;online;0,1;11,25;6;0
11232;3;Cádiz;portátil;online;0,1;809,91;5;0
11233;11;Almería;teclado;tienda;0,1;22,5;9;0
11234;2;Almería;tablet;teléfono;0,0;349,0;3;0
11235;6;Huelva;tablet;online;0,0;349,0;7;0
11236;6;Málaga;teclado;tienda;0,05;23,75;20;1
11237;2;Granada;monitor;online;0,0;180,0;4;0
11238;1;Sevilla;tablet;tienda;0,2;279,2;3;0
11239;4;Sevilla;portátil;online;0,1;809,91;8;0
11240;2;Cádiz;monitor;online;0,05;171,0;6;1
11241;3;Sevilla;tablet;teléfono;0,0;349,0;3;0
11242;6;Málaga;tablet;online;0,0;349,0;5;1
11243;11;Cádiz;tablet;teléfono;0,0;349,0;1;0
11244;9;Cádiz;tablet;tienda;0,05;331,55;4;0
11245;8;Granada;tablet;online;0,0;349,0;6;0
11246;12;Sevilla;monitor;online;0,2;144,0;6;0
11247;4;Córdoba;teclado;online;0,2;20,0;20;0
11248;10;Cádiz;ratón;online;0,0;12,5;11;1
11249;7;Huelva;tablet;online;0,0;349,0;8;0
11250;5;Cádiz;teclado;online;0,0;25,0;7;0
11251;3;Granada;tablet;online;0,0;349,0;5;1
11252;3;Cádiz;monitor;teléfono;0,0;180,0;3;0
11253;12;Jaén;monitor;online;0,2;144,0;7;0
11254;6;Málaga;tablet;tienda;0,0;349,0;8;0
11255;7;Málaga;tablet;online;0,2;279,2;10;1
11256;2;Granada;portátil;online;0,05;854,9;2;0
11257;10;Cádiz;impresora;online;0,0;149,9;5;0
11258;2;Cádiz;tablet;online;0,0;349,0;5;0
11259;8;Granada;teclado;online;0,0;25,0;17;1
11260;2;Huelva;ratón;online;0,0;12,5;12;0
11261;5;Jaén;monitor;tienda;0,2;144,0;10;0
11262;6;Almería;portátil;online;0,0;899,9;4;0
11263;2;Granada;ratón;teléfono;0,2;10,0;6;0
11264;8;Cádiz;impresora;online;0,0;149,9;5;0
11265;12;Sevilla;impresora;teléfono;0,05;142,4;2;0
11266;4;Huelva;portátil;tienda;0,0;899,9;4;1
11267;1;Jaén;ratón;teléfono;0,1;11,25;5;0
11268;8;Málaga;portátil;tienda;0,0;899,9;4;0
11269;5;Granada;impresora;teléfono;0,05;142,4;6;0
11270;6;Granada;teclado;teléfono;0,1;22,5;11;0
11271;5;Almería;impresora;teléfono;0,0;149,9;7;0
11272;2;Córdoba;ratón;tienda;0,0;12,5;6;0
11273;5;Granada;tablet;tienda;0,1;314,1;9;0
11274;3;Córdoba;portátil;online;0,1;809,91;4;0
11275;4;Huelva;tablet;tienda;0,0;349,0;4;0
11276;10;Córdoba;ratón;online;0,0;12,5;12;0
11277;9;Cádiz;monitor;tienda;0,1;162,0;3;0
11278;5;Cádiz;teclado;tienda;0,0;25,0;12;1
11279;6;Granada;teclado;tienda;0,0;25,0;11;0
11280;12;Granada;portátil;tienda;0,05;854,9;2;0
11281;8;Málaga;tablet;online;0,05;331,55;5;0
11282;6;Cádiz;tablet;tienda;0,05;331,55;5;0
11283;9;Jaén;teclado;tienda;0,0;25,0;10;0
11284;11;Sevilla;monitor;tienda;0,2;144,0;8;0
11285;12;Almería;monitor;online;0,0;180,0;5;0
11286;2;Málaga;tablet;online;0,0;349,0;4;0
11287;4;Sevilla;portátil;online;0,05;854,9;7;0
11288;2;Cádiz;ratón;online;0,0;12,5;14;0
11289;10;Granada;monitor;online;0,1;162,0;5;0
11290;8;Almería;portátil;teléfono;0,0;899,9;2;0
11291;11;Almería;ratón;online;0,05;11,88;13;1
11292;11;Cádiz;monitor;online;0,0;180,0;4;0
11293;12;Huelva;impresora;teléfono;0,0;149,9;2;0
11294;2;Sevilla;tablet;online;0,0;349,0;5;0
11295;8;Granada;teclado;tienda;0,0;25,0;10;0
11296;8;Córdoba;impresora;online;0,1;134,91;8;0
11297;10;Sevilla;tablet;online;0,2;279,2;6;1
11298;4;Córdoba;teclado;teléfono;0,0;25,0;9;1
11299;1;Málaga;portátil;online;0,05;854,9;3;0
11300;7;Huelva;portátil;online;0,05;854,9;5;0
11301;7;Córdoba;tablet;tienda;0,2;279,2;8;0
11302;8;Cádiz;teclado;online;0,0;25,0;20;0
11303;2;Sevilla;impresora;tienda;0,05;142,4;3;0
11304;3;Jaén;teclado;online;0,05;23,75;10;0
11305;12;Jaén;ratón;teléfono;0,0;12,5;5;0
11306;2;Córdoba;tablet;teléfono;0,05;331,55;3;0
11307;10;Huelva;teclado;tienda;0,0;25,0;8;0
11308;5;Cádiz;ratón;online;0,1;11,25;12;1
11309;2;Cádiz;impresora;online;0,0;149,9;6;1
11310;10;Huelva;monitor;tienda;0,2;144,0;7;0
11311;6;Granada;monitor;online;0,0;180,0;8;0
11312;11;Córdoba;impresora;online;0,05;142,4;7;0
11313;4;Sevilla;impresora;tienda;0,05;142,4;6;0
11314;10;Almería;impresora;online;0,1;134,91;6;0
11315;10;Sevilla;impresora;online;0,0;149,9;4;0
11316;5;Almería;portátil;tienda;0,05;854,9;3;0
11317;11;Jaén;impresora;teléfono;0,0;149,9;3;0
11318;10;Almería;portátil;online;0,05;854,9;4;0
11319;8;Málaga;impresora;teléfono;0,1;134,91;6;0
11320;6;Huelva;tablet;online;0,0;349,0;8;0
11321;7;Córdoba;ratón;online;0,0;12,5;15;1
11322;11;Almería;teclado;online;0,2;20,0;8;0
11323;6;Granada;tablet;tienda;0,1;314,1;8;0
11324;9;Sevilla;ratón;teléfono;0,05;11,88;8;0
11325;12;Granada;ratón;tienda;0,2;10,0;16;0
11326;1;Jaén;portátil;online;0,0;899,9;2;1
11327;5;Córdoba;monitor;online;0,0;180,0;9;1
11328;5;Málaga;monitor;teléfono;0,0;180,0;4;0
11329;7;Córdoba;impresora;online;0,0;149,9;9;1
11330;4;Sevilla;impresora;online;0,1;134,91;10;0
11331;11;Sevilla;portátil;tienda;0,0;899,9;3;0
11332;10;Huelva;ratón;tienda;0,1;11,25;11;1
11333;1;Granada;monitor;online;0,0;180,0;3;1
11334;7;Córdoba;ratón;tienda;0,05;11,88;16;0
11335;6;Córdoba;impresora;tienda;0,2;119,92;7;0
11336;11;Almería;ratón;online;0,1;11,25;8;0
11337;11;Málaga;impresora;online;0,05;142,4;4;0
11338;11;Córdoba;monitor;online;0,2;144,0;6;1
11339;5;Córdoba;monitor;tienda;0,1;162,0;7;0
11340;4;Almería;impresora;teléfono;0,05;142,4;5;0
11341;9;Granada;impresora;online;0,05;142,4;6;0
11342;7;Cádiz;ratón;tienda;0,0;12,5;14;0
11343;4;Almería;tablet;online;0,0;349,0;4;0
11344;7;Cádiz;teclado;online;0,1;22,5;25;1
11345;4;Cádiz;tablet;tienda;0,1;314,1;5;1
11346;8;Málaga;monitor;online;0,0;180,0;7;0
11347;4;Sevilla;ratón;online;0,0;12,5;14;0
11348;1;Málaga;tablet;tienda;0,0;349,0;4;0
11349;12;Sevilla;teclado;online;0,0;25,0;6;0
11350;6;Huelva;monitor;online;0,0;180,0;10;0
11351;7;Córdoba;portátil;online;0,0;899,9;5;0
11352;3;Cádiz;teclado;teléfono;0,0;25,0;7;0
11353;4;Almería;teclado;tienda;0,0;25,0;10;0
11354;3;Almería;ratón;tienda;0,0;12,5;12;0
11355;7;Granada;teclado;online;0,0;25,0;17;0
11356;8;Sevilla;tablet;online;0,05;331,55;6;1
11357;12;Sevilla;portátil;tienda;0,0;899,9;2;1
11358;5;Málaga;impresora;tienda;0,0;149,9;5;0
11359;6;Almería;portátil;online;0,05;854,9;8;1
11360;8;Málaga;teclado;teléfono;0,05;23,75;14;0
11361;11;Cádiz;monitor;online;0,0;180,0;4;0
11362;3;Jaén;tablet;teléfono;0,0;349,0;3;0
11363;6;Sevilla;teclado;online;0,0;25,0;12;1
11364;2;Cádiz;tablet;online;0,0;349,0;4;0
11365;6;Granada;tablet;teléfono;0,05;331,55;4;0
11366;9;Córdoba;ratón;online;0,05;11,88;12;1
11367;3;Huelva;ratón;teléfono;0,0;12,5;12;0
11368;6;Málaga;ratón;tienda;0,0;12,5;13;0
11369;5;Cádiz;ratón;online;0,0;12,5;23;0
11370;7;Granada;tablet;tienda;0,0;349,0;5;0
11371;9;Huelva;tablet;tienda;0,0;349,0;4;0
11372;10;Cádiz;teclado;online;0,0;25,0;11;0
11373;1;Córdoba;impresora;online;0,05;142,4;4;1
11374;8;Almería;portátil;online;0,2;719,92;7;0
11375;1;Córdoba;teclado;teléfono;0,1;22,5;4;0
11376;1;Málaga;tablet;tienda;0,05;331,55;2;0
11377;1;Sevilla;ratón;online;0,0;12,5;9;0
11378;1;Sevilla;teclado;online;0,0;25,0;9;1
11379;9;Córdoba;impresora;teléfono;0,05;142,4;4;0
11380;11;Huelva;portátil;tienda;0,0;899,9;2;0
11381;7;Huelva;portátil;online;0,0;899,9;6;0
11382;3;Málaga;teclado;tienda;0,0;25,0;11;0
11383;8;Córdoba;ratón;tienda;0,2;10,0;24;0
11384;5;Granada;teclado;online;0,0;25,0;12;0
11385;6;Sevilla;tablet;online;0,05;331,55;6;0
11386;6;Huelva;ratón;online;0,0;12,5;18;1
11387;7;Huelva;teclado;teléfono;0,0;25,0;14;0
11388;10;Granada;monitor;tienda;0,0;180,0;4;0
11389;6;Almería;tablet;tienda;0,2;279,2;8;0
11390;9;Cádiz;teclado;online;0,1;22,5;10;1
11391;12;Sevilla;impresora;teléfono;0,05;142,4;3;0
11392;9;Córdoba;monitor;teléfono;0,05;171,0;4;0
11393;7;Huelva;tablet;tienda;0,0;349,0;5;0
11394;12;Málaga;tablet;tienda;0,0;349,0;3;0
11395;1;Córdoba;ratón;online;0,05;11,88;7;0
11396;7;Jaén;impresora;online;0,1;134,91;8;1
11397;7;Málaga;tablet;online;0,0;349,0;7;0
11398;1;Almería;impresora;tienda;0,0;149,9;2;0
11399;2;Granada;tablet;online;0,0;349,0;5;0
11400;8;Granada;monitor;tienda;0,1;162,0;9;0
11401;10;Granada;teclado;teléfono;0,1;22,5;10;0
11402;6;Granada;impresora;tienda;0,0;149,9;9;0
11403;11;Granada;portátil;tienda;0,1;809,91;3;0
11404;4;Cádiz;impresora;teléfono;0,1;134,91;5;0
11405;8;Málaga;impresora;online;0,0;149,9;7;0
11406;2;Almería;impresora;tienda;0,0;149,9;3;0
11407;3;Málaga;teclado;tienda;0,0;25,0;12;0
11408;7;Cádiz;tablet;teléfono;0,2;279,2;6;0
11409;12;Málaga;monitor;online;0,0;180,0;4;0
11410;5;Sevilla;monitor;teléfono;0,05;171,0;4;0
11411;1;Córdoba;monitor;teléfono;0,0;180,0;4;0
11412;2;Jaén;impresora;tienda;0,2;119,92;8;0
11413;4;Jaén;teclado;tienda;0,0;25,0;14;0
11414;6;Sevilla;tablet;online;0,05;331,55;8;0
11415;11;Málaga;ratón;tienda;0,0;12,5;6;0
11416;4;Granada;impresora;tienda;0,05;142,4;4;0
11417;11;Granada;ratón;teléfono;0,0;12,5;8;0
11418;10;Jaén;teclado;online;0,2;20,0;11;0
11419;10;Córdoba;teclado;teléfono;0,0;25,0;5;0
11420;8;Sevilla;tablet;tienda;0,0;349,0;5;0
11421;8;Málaga;portátil;teléfono;0,1;809,91;4;0
11422;9;Córdoba;impresora;tienda;0,0;149,9;6;1
11423;7;Granada;impresora;online;0,0;149,9;8;0
11424;8;Sevilla;portátil;online;0,05;854,9;4;0
11425;8;Málaga;portátil;tienda;0,1;809,91;5;0
11426;4;Huelva;impresora;online;0,2;119,92;11;0
11427;3;Cádiz;impresora;teléfono;0,0;149,9;4;0
11428;12;Cádiz;teclado;online;0,0;25,0;5;0
11429;10;Sevilla;portátil;tienda;0,05;854,9;3;0
11430;3;Sevilla;portátil;tienda;0,0;899,9;3;0
11431;6;Granada;ratón;tienda;0,05;11,88;20;1
11432;3;Granada;impresora;teléfono;0,0;149,9;3;0
11433;11;Sevilla;tablet;tienda;0,0;349,0;3;0
11434;12;Granada;portátil;tienda;0,0;899,9;2;0
11435;9;Huelva;ratón;tienda;0,1;11,25;12;0
11436;11;Córdoba;tablet;tienda;0,2;279,2;4;0
11437;4;Huelva;tablet;tienda;0,2;279,2;6;0
11438;2;Cádiz;teclado;tienda;0,1;22,5;9;0
11439;5;Cádiz;portátil;tienda;0,1;809,91;5;1
11440;12;Almería;tablet;online;0,2;279,2;5;1
11441;10;Huelva;impresora;online;0,1;134,91;8;1
11442;6;Huelva;ratón;online;0,05;11,88;32;1
11443;6;Cádiz;ratón;tienda;0,0;12,5;15;0
11444;9;Jaén;portátil;teléfono;0,0;899,9;2;0
11445;6;Jaén;impresora;online;0,0;149,9;6;0
11446;7;Almería;teclado;tienda;0,05;23,75;14;1
11447;7;Huelva;impresora;online;0,0;149,9;8;0
11448;7;Cádiz;portátil;teléfono;0,0;899,9;3;1
11449;7;Cádiz;tablet;teléfono;0,1;314,1;4;0
11450;5;Huelva;tablet;tienda;0,1;314,1;8;0
11451;10;Granada;tablet;tienda;0,05;331,55;4;1
11452;4;Granada;monitor;teléfono;0,05;171,0;9;0
11453;12;Granada;impresora;online;0,05;142,4;3;0
11454;4;Huelva;teclado;teléfono;0,0;25,0;6;0
11455;10;Sevilla;tablet;online;0,2;279,2;4;0
11456;9;Córdoba;portátil;online;0,1;809,91;2;0
11457;5;Málaga;ratón;teléfono;0,0;12,5;9;0
11458;9;Sevilla;monitor;teléfono;0,0;180,0;5;0
11459;5;Jaén;ratón;teléfono;0,2;10,0;18;1
11460;9;Huelva;tablet;tienda;0,2;279,2;6;1
11461;10;Almería;ratón;online;0,0;12,5;8;1
11462;12;Málaga;portátil;tienda;0,0;899,9;2;0
11463;4;Huelva;ratón;teléfono;0,0;12,5;14;0
11464;6;Granada;teclado;online;0,0;25,0;15;0
11465;4;Córdoba;ratón;online;0,05;11,88;20;0
11466;1;Almería;tablet;tienda;0,05;331,55;1;0
11467;1;Granada;portátil;tienda;0,0;899,9;2;0
11468;12;Sevilla;monitor;tienda;0,05;171,0;4;0
11469;4;Jaén;portátil;teléfono;0,2;719,92;6;0
11470;10;Córdoba;tablet;online;0,05;331,55;3;0
11471;11;Córdoba;teclado;tienda;0,1;22,5;6;0
11472;12;Málaga;portátil;tienda;0,05;854,9;3;0
11473;3;Sevilla;monitor;tienda;0,0;180,0;5;1
11474;4;Córdoba;impresora;online;0,0;149,9;7;0
11475;8;Málaga;tablet;online;0,0;349,0;6;0
11476;2;Jaén;teclado;tienda;0,0;25,0;8;0
11477;1;Málaga;impresora;tienda;0,0;149,9;2;1
11478;4;Almería;tablet;tienda;0,0;349,0;6;0
11479;11;Granada;monitor;online;0,0;180,0;5;1
11480;10;Sevilla;portátil;tienda;0,0;899,9;3;0
11481;12;Almería;tablet;tienda;0,0;349,0;2;0
11482;5;Sevilla;monitor;tienda;0,1;162,0;6;0
11483;8;Córdoba;teclado;online;0,0;25,0;12;0
11484;1;Almería;monitor;teléfono;0,0;180,0;2;1
11485;7;Granada;tablet;tienda;0,1;314,1;6;0
11486;9;Córdoba;portátil;teléfono;0,2;719,92;3;0
11487;5;Cádiz;portátil;online;0,05;854,9;6;0
11488;3;Jaén;ratón;online;0,0;12,5;18;0
11489;2;Huelva;ratón;online;0,05;11,88;13;1
11490;4;Huelva;ratón;tienda;0,0;12,5;12;0
11491;3;Córdoba;ratón;tienda;0,05;11,88;18;0
11492;8;Almería;monitor;tienda;0,0;180,0;7;0
11493;5;Huelva;tablet;online;0,0;349,0;7;0
11494;3;Almería;impresora;tienda;0,0;149,9;5;0
11495;11;Córdoba;portátil;online;0,0;899,9;2;1
11496;9;Cádiz;monitor;online;0,1;162,0;8;0
11497;12;Granada;ratón;online;0,0;12,5;8;0
11498;4;Granada;teclado;tienda;0,1;22,5;12;0
11499;8;Sevilla;impresora;online;0,0;149,9;5;0
11500;8;Málaga;impresora;online;0,05;142,4;10;1
11501;8;Jaén;tablet;online;0,0;349,0;5;1
11502;1;Almería;teclado;tienda;0,0;25,0;8;0
11503;8;Málaga;portátil;online;0,0;899,9;4;1
11504;5;Málaga;tablet;tienda;0,0;349,0;5;0
11505;1;Granada;impresora;online;0,0;149,9;3;0
11506;2;Cádiz;impresora;tienda;0,05;142,4;3;1
11507;9;Córdoba;monitor;teléfono;0,0;180,0;6;0
11508;11;Huelva;ratón;online;0,0;12,5;11;1
11509;2;Sevilla;portátil;teléfono;0,0;899,9;2;0
11510;1;Málaga;impresora;online;0,2;119,92;6;0
11511;11;Granada;portátil;tienda;0,0;899,9;3;0
11512;11;Granada;tablet;online;0,0;349,0;4;0
11513;12;Granada;tablet;online;0,0;349,0;3;0
11514;4;Huelva;teclado;tienda;0,0;25,0;10;0
11515;7;Sevilla;impresora;online;0,1;134,91;10;1
11516;7;Sevilla;portátil;tienda;0,0;899,9;5;0
11517;12;Córdoba;impresora;teléfono;0,0;149,9;2;0
11518;7;Málaga;teclado;tienda;0,0;25,0;13;0
11519;12;Sevilla;tablet;teléfono;0,0;349,0;2;0
11520;7;Almería;portátil;online;0,0;899,9;3;1
11521;9;Jaén;impresora;online;0,05;142,4;6;0
11522;10;Granada;portátil;online;0,0;899,9;3;0
11523;10;Almería;impresora;tienda;0,0;149,9;3;0
11524;7;Sevilla;monitor;online;0,0;180,0;9;0
11525;12;Jaén;ratón;online;0,0;12,5;8;0
11526;3;Sevilla;tablet;tienda;0,0;349,0;4;0
11527;3;Cádiz;ratón;online;0,0;12,5;13;0
11528;9;Huelva;ratón;teléfono;0,05;11,88;9;0
11529;10;Huelva;impresora;online;0,0;149,9;4;0
11530;11;Córdoba;ratón;online;0,2;10,0;13;0
11531;12;Córdoba;ratón;tienda;0,0;12,5;10;0
11532;12;Córdoba;portátil;tienda;0,0;899,9;1;0
11533;11;Córdoba;monitor;teléfono;0,1;162,0;3;0
11534;5;Granada;teclado;tienda;0,0;25,0;10;0
11535;8;Jaén;impresora;online;0,1;134,91;9;0
11536;1;Huelva;ratón;tienda;0,2;10,0;13;0
11537;10;Almería;portátil;teléfono;0,0;899,9;2;0
11538;6;Granada;monitor;online;0,0;180,0;13;0
11539;9;Córdoba;ratón;tienda;0,1;11,25;16;0
11540;8;Sevilla;portátil;online;0,1;809,91;7;0
11541;2;Huelva;impresora;teléfono;0,0;149,9;2;0
11542;10;Granada;monitor;tienda;0,05;171,0;4;0
11543;7;Jaén;tablet;tienda;0,0;349,0;4;0
11544;7;Cádiz;tablet;tienda;0,0;349,0;7;0
11545;5;Almería;ratón;tienda;0,1;11,25;26;0
11546;6;Córdoba;ratón;online;0,0;12,5;23;1
11547;4;Sevilla;teclado;online;0,05;23,75;9;0
11548;3;Almería;monitor;tienda;0,0;180,0;7;0
11549;9;Jaén;monitor;teléfono;0,05;171,0;5;0
11550;7;Almería;teclado;online;0,0;25,0;11;0
11551;9;Cádiz;ratón;teléfono;0,0;12,5;6;0
11552;8;Málaga;impresora;teléfono;0,0;149,9;4;0
11553;1;Sevilla;tablet;tienda;0,2;279,2;4;0
11554;1;Córdoba;impresora;online;0,05;142,4;4;1
11555;2;Cádiz;ratón;tienda;0,0;12,5;11;0
11556;5;Huelva;teclado;teléfono;0,05;23,75;8;0
11557;11;Cádiz;tablet;teléfono;0,05;331,55;2;0
11558;6;Jaén;teclado;tienda;0,05;23,75;11;0
11559;4;Huelva;impresora;teléfono;0,0;149,9;3;0
11560;2;Granada;ratón;tienda;0,1;11,25;11;0
11561;2;Granada;ratón;online;0,05;11,88;17;0
11562;5;Málaga;impresora;online;0,0;149,9;6;0
11563;5;Sevilla;tablet;tienda;0,0;349,0;6;0
11564;7;Jaén;teclado;online;0,0;25,0;17;0
11565;11;Granada;impresora;online;0,0;149,9;3;0
11566;1;Málaga;impresora;teléfono;0,05;142,4;2;0
11567;10;Cádiz;ratón;online;0,05;11,88;13;1
11568;8;Sevilla;impresora;teléfono;0,0;149,9;4;0
11569;1;Almería;monitor;tienda;0,0;180,0;3;0
11570;9;Málaga;teclado;tienda;0,0;25,0;7;0
11571;3;Córdoba;tablet;online;0,1;314,1;6;0
11572;5;Jaén;monitor;online;0,0;180,0;8;1
11573;8;Málaga;tablet;online;0,0;349,0;6;0
11574;8;Cádiz;impresora;online;0,0;149,9;5;0
11575;5;Córdoba;impresora;tienda;0,05;142,4;6;0
11576;8;Cádiz;portátil;online;0,05;854,9;4;0
11577;5;Málaga;portátil;tienda;0,0;899,9;3;0
11578;4;Sevilla;teclado;online;0,05;23,75;16;0
11579;10;Granada;ratón;online;0,05;11,88;17;0
11580;1;Sevilla;ratón;online;0,05;11,88;10;1
11581;6;Málaga;portátil;online;0,05;854,9;5;0
11582;4;Almería;ratón;tienda;0,0;12,5;15;0
11583;2;Jaén;teclado;online;0,0;25,0;9;0
11584;8;Málaga;teclado;online;0,05;23,75;10;0
11585;6;Sevilla;teclado;online;0,0;25,0;20;0
11586;9;Granada;ratón;online;0,1;11,25;7;0
11587;3;Huelva;monitor;online;0,1;162,0;7;0
11588;7;Cádiz;tablet;tienda;0,0;349,0;7;0
11589;5;Huelva;impresora;tienda;0,1;134,91;7;1
11590;4;Jaén;teclado;tienda;0,0;25,0;14;0
11591;6;Córdoba;tablet;online;0,05;331,55;11;0
11592;8;Almería;portátil;online;0,0;899,9;5;0
11593;1;Jaén;teclado;online;0,0;25,0;10;0
11594;1;Málaga;ratón;tienda;0,0;12,5;7;0
11595;1;Cádiz;tablet;online;0,1;314,1;4;0
11596;4;Málaga;monitor;online;0,2;144,0;10;1
11597;10;Jaén;monitor;online;0,05;171,0;6;0
11598;10;Sevilla;impresora;online;0,0;149,9;4;0
11599;3;Sevilla;monitor;online;0,0;180,0;4;0
11600;2;Huelva;monitor;tienda;0,05;171,0;6;0
11601;10;Almería;tablet;tienda;0,05;331,55;4;0
11602;7;Almería;portátil;tienda;0,0;899,9;5;0
11603;10;Sevilla;tablet;teléfono;0,0;349,0;3;0
11604;11;Jaén;teclado;tienda;0,0;25,0;7;0
11605;11;Huelva;tablet;online;0,0;349,0;4;0
11606;4;Jaén;impresora;tienda;0,1;134,91;5;0
11607;9;Sevilla;teclado;tienda;0,1;22,5;13;0
11608;5;Málaga;monitor;online;0,05;171,0;7;0
11609;1;Almería;monitor;online;0,0;180,0;2;0
11610;5;Cádiz;tablet;teléfono;0,0;349,0;3;0
11611;3;Jaén;teclado;tienda;0,05;23,75;7;0
11612;9;Granada;tablet;online;0,0;349,0;5;0
11613;4;Málaga;tablet;teléfono;0,0;349,0;4;0
11614;2;Cádiz;impresora;online;0,1;134,91;6;0
11615;8;Almería;impresora;tienda;0,0;149,9;6;0
11616;12;Málaga;impresora;online;0,0;149,9;4;1
11617;11;Granada;impresora;online;0,1;134,91;7;1
11618;6;Huelva;impresora;tienda;0,1;134,91;7;0
11619;3;Cádiz;impresora;tienda;0,05;142,4;4;0
11620;11;Sevilla;teclado;online;0,0;25,0;5;0
11621;5;Málaga;monitor;online;0,2;144,0;11;0
11622;2;Málaga;ratón;tienda;0,05;11,88;10;0
11623;7;Málaga;impresora;teléfono;0,2;119,92;9;1
11624;2;Almería;monitor;online;0,0;180,0;6;0
11625;6;Almería;impresora;online;0,1;134,91;10;0
11626;6;Córdoba;monitor;online;0,0;180,0;8;0
11627;9;Cádiz;monitor;online;0,0;180,0;5;1
11628;2;Córdoba;teclado;tienda;0,0;25,0;7;1
11629;12;Sevilla;portátil;teléfono;0,1;809,91;2;0
11630;11;Málaga;teclado;tienda;0,2;20,0;11;1
11631;4;Sevilla;portátil;online;0,0;899,9;6;0
11632;6;Huelva;tablet;teléfono;0,0;349,0;4;0
11633;9;Córdoba;tablet;tienda;0,1;314,1;5;1
11634;8;Almería;ratón;tienda;0,0;12,5;16;0
11635;4;Sevilla;tablet;teléfono;0,0;349,0;2;0
11636;9;Sevilla;portátil;tienda;0,0;899,9;3;0
11637;2;Córdoba;monitor;online;0,1;162,0;5;1
11638;4;Córdoba;impresora;teléfono;0,0;149,9;6;0
11639;10;Huelva;impresora;tienda;0,1;134,91;6;0
11640;1;Almería;monitor;tienda;0,0;180,0;4;0
11641;5;Málaga;monitor;tienda;0,2;144,0;8;0
11642;2;Córdoba;portátil;tienda;0,1;809,91;4;0
11643;2;Huelva;tablet;tienda;0,0;349,0;5;1
11644;5;Jaén;ratón;online;0,0;12,5;16;0
11645;9;Jaén;monitor;online;0,0;180,0;6;1
11646;12;Granada;ratón;teléfono;0,0;12,5;4;0
11647;3;Granada;tablet;teléfono;0,0;349,0;4;0
11648;4;Córdoba;monitor;tienda;0,0;180,0;5;0
11649;5;Sevilla;portátil;online;0,05;854,9;5;0
11650;1;Granada;monitor;tienda;0,05;171,0;5;0
11651;3;Almería;ratón;tienda;0,05;11,88;9;0
11652;7;Cádiz;ratón;tienda;0,1;11,25;13;0
11653;8;Sevilla;teclado;online;0,1;22,5;14;0
11654;3;Huelva;ratón;tienda;0,05;11,88;6;0
11655;12;Málaga;ratón;teléfono;0,1;11,25;5;0
11656;7;Huelva;impresora;online;0,0;149,9;10;0
11657;4;Huelva;impresora;tienda;0,0;149,9;5;0
11658;1;Málaga;tablet;online;0,05;331,55;4;0
11659;8;Sevilla;monitor;online;0,2;144,0;10;0
11660;9;Córdoba;teclado;online;0,2;20,0;21;0
11661;10;Cádiz;impresora;online;0,0;149,9;4;0
11662;1;Almería;monitor;teléfono;0,05;171,0;4;1
11663;5;Granada;teclado;tienda;0,0;25,0;17;0
11664;5;Málaga;impresora;teléfono;0,0;149,9;5;1
11665;11;Granada;teclado;teléfono;0,1;22,5;4;1
11666;4;Córdoba;tablet;tienda;0,0;349,0;4;0
11667;1;Cádiz;monitor;tienda;0,05;171,0;5;0
11668;8;Sevilla;teclado;online;0,0;25,0;14;1
11669;3;Sevilla;portátil;teléfono;0,0;899,9;3;0
11670;5;Huelva;impresora;tienda;0,1;134,91;5;0
11671;5;Córdoba;portátil;online;0,1;809,91;5;0
11672;8;Huelva;tablet;teléfono;0,05;331,55;4;1
11673;10;Cádiz;impresora;teléfono;0,05;142,4;3;0
11674;11;Almería;portátil;online;0,2;719,92;5;0
11675;6;Huelva;portátil;online;0,2;719,92;11;1
11676;10;Cádiz;impresora;tienda;0,2;119,92;6;0
11677;10;Almería;ratón;teléfono;0,05;11,88;9;0
11678;1;Sevilla;ratón;online;0,0;12,5;8;0
11679;8;Jaén;ratón;teléfono;0,2;10,0;14;0
11680;1;Córdoba;tablet;online;0,1;314,1;3;0
11681;7;Almería;ratón;online;0,0;12,5;18;0
11682;10;Granada;tablet;tienda;0,1;314,1;5;0
11683;6;Cádiz;teclado;online;0,0;25,0;12;0
11684;5;Sevilla;portátil;online;0,1;809,91;6;0
11685;4;Jaén;portátil;teléfono;0,0;899,9;4;0
11686;10;Málaga;tablet;online;0,1;314,1;8;1
11687;9;Cádiz;monitor;teléfono;0,0;180,0;3;0
11688;10;Córdoba;portátil;tienda;0,0;899,9;2;0
11689;9;Granada;tablet;teléfono;0,0;349,0;4;0
11690;12;Huelva;portátil;tienda;0,0;899,9;1;0
11691;5;Córdoba;impresora;tienda;0,2;119,92;10;0
11692;8;Granada;monitor;online;0,1;162,0;7;0
11693;12;Cádiz;teclado;teléfono;0,05;23,75;6;0
11694;7;Córdoba;teclado;tienda;0,0;25,0;10;1
11695;10;Granada;teclado;online;0,05;23,75;9;0
11696;1;Málaga;ratón;online;0,0;12,5;11;0
11697;3;Cádiz;impresora;teléfono;0,0;149,9;4;0
11698;1;Cádiz;monitor;online;0,0;180,0;4;0
11699;12;Sevilla;portátil;tienda;0,2;719,92;2;0
11700;11;Almería;tablet;tienda;0,05;331,55;2;0
11701;8;Almería;ratón;online;0,0;12,5;17;0
11702;11;Almería;teclado;tienda;0,2;20,0;11;0
11703;9;Cádiz;impresora;teléfono;0,2;119,92;7;0
11704;9;Sevilla;teclado;online;0,0;25,0;10;1
11705;2;Huelva;teclado;online;0,0;25,0;12;1
11706;7;Huelva;impresora;tienda;0,1;134,91;7;0
11707;5;Córdoba;monitor;online;0,0;180,0;7;0
11708;6;Jaén;impresora;online;0,0;149,9;9;0
11709;1;Málaga;teclado;tienda;0,1;22,5;11;1
11710;4;Málaga;tablet;teléfono;0,05;331,55;4;0
11711;3;Málaga;ratón;tienda;0,0;12,5;6;0
11712;10;Cádiz;tablet;tienda;0,0;349,0;2;0
11713;12;Málaga;impresora;tienda;0,0;149,9;5;0
11714;5;Jaén;portátil;online;0,0;899,9;5;0
11715;10;Sevilla;tablet;tienda;0,0;349,0;5;0
11716;5;Granada;teclado;online;0,05;23,75;22;1
11717;7;Málaga;teclado;online;0,05;23,75;14;0
11718;3;Huelva;tablet;tienda;0,0;349,0;3;0
11719;7;Cádiz;teclado;online;0,2;20,0;21;1
11720;4;Jaén;portátil;online;0,0;899,9;3;0
11721;6;Almería;ratón;online;0,0;12,5;20;0
11722;10;Almería;impresora;online;0,0;149,9;4;0
11723;5;Málaga;ratón;online;0,2;10,0;31;1
11724;9;Málaga;monitor;online;0,2;144,0;12;0
11725;10;Sevilla;portátil;tienda;0,0;899,9;2;0
11726;9;Córdoba;monitor;online;0,0;180,0;7;0
11727;6;Sevilla;ratón;tienda;0,1;11,25;18;1
11728;5;Granada;monitor;online;0,1;162,0;12;0
11729;9;Córdoba;tablet;tienda;0,0;349,0;5;0
11730;8;Córdoba;teclado;online;0,2;20,0;21;0
11731;7;Almería;portátil;online;0,1;809,91;8;0
11732;4;Sevilla;ratón;teléfono;0,05;11,88;15;0
11733;8;Huelva;tablet;online;0,0;349,0;5;0
11734;10;Cádiz;impresora;online;0,0;149,9;5;0
11735;9;Almería;portátil;online;0,0;899,9;5;0
11736;11;Córdoba;tablet;teléfono;0,0;349,0;2;1
11737;9;Málaga;portátil;online;0,0;899,9;3;0
11738;1;Huelva;impresora;online;0,1;134,91;3;0
11739;8;Córdoba;ratón;teléfono;0,0;12,5;11;0
11740;8;Jaén;portátil;tienda;0,0;899,9;4;0
11741;8;Málaga;tablet;tienda;0,0;349,0;4;0
11742;2;Huelva;tablet;teléfono;0,0;349,0;3;0
11743;10;Huelva;ratón;teléfono;0,1;11,25;9;0
11744;3;Granada;teclado;online;0,0;25,0;12;0
11745;7;Cádiz;ratón;tienda;0,0;12,5;20;0
11746;5;Cádiz;tablet;online;0,0;349,0;4;1
11747;1;Jaén;portátil;online;0,0;899,9;3;0
11748;6;Málaga;portátil;tienda;0,0;899,9;6;0
11749;3;Jaén;ratón;tienda;0,2;10,0;14;0
11750;9;Granada;impresora;tienda;0,0;149,9;6;0
11751;5;Cádiz;ratón;teléfono;0,1;11,25;15;0
11752;2;Córdoba;portátil;tienda;0,1;809,91;3;0
11753;10;Cádiz;portátil;tienda;0,1;809,91;3;0
11754;3;Sevilla;ratón;tienda;0,1;11,25;12;0
11755;10;Málaga;tablet;online;0,05;331,55;3;1
11756;4;Jaén;ratón;tienda;0,05;11,88;20;1
11757;4;Cádiz;monitor;tienda;0,05;171,0;7;0
11758;4;Málaga;monitor;online;0,0;180,0;5;0
11759;2;Huelva;teclado;tienda;0,0;25,0;10;0
11760;12;Sevilla;portátil;online;0,0;899,9;2;0
11761;9;Jaén;teclado;online;0,1;22,5;10;0
11762;9;Almería;portátil;tienda;0,0;899,9;3;0
11763;10;Córdoba;tablet;tienda;0,0;349,0;3;0
11764;1;Málaga;tablet;tienda;0,1;314,1;4;0
11765;11;Córdoba;impresora;tienda;0,0;149,9;3;0
11766;5;Jaén;monitor;teléfono;0,1;162,0;6;0
11767;10;Córdoba;tablet;teléfono;0,0;349,0;3;0
11768;7;Almería;tablet;tienda;0,1;314,1;7;0
11769;8;Granada;monitor;teléfono;0,0;180,0;5;0
11770;1;Cádiz;impresora;tienda;0,0;149,9;4;0
11771;12;Almería;monitor;tienda;0,05;171,0;3;0
11772;5;Córdoba;monitor;tienda;0,05;171,0;5;0
11773;8;Huelva;teclado;tienda;0,0;25,0;14;1
11774;1;Jaén;tablet;tienda;0,2;279,2;4;0
11775;7;Córdoba;teclado;tienda;0,2;20,0;19;0
11776;12;Huelva;tablet;teléfono;0,05;331,55;2;0
11777;5;Cádiz;tablet;teléfono;0,0;349,0;4;0
11778;6;Granada;ratón;online;0,05;11,88;14;0
11779;6;Cádiz;ratón;online;0,0;12,5;18;1
11780;10;Córdoba;teclado;online;0,05;23,75;14;0
11781;8;Huelva;teclado;tienda;0,05;23,75;11;0
11782;3;Cádiz;monitor;online;0,05;171,0;6;0
11783;8;Sevilla;ratón;online;0,1;11,25;18;1
11784;9;Almería;portátil;online;0,1;809,91;5;0
11785;5;Córdoba;teclado;online;0,0;25,0;19;1
11786;6;Sevilla;teclado;tienda;0,0;25,0;11;0
11787;2;Jaén;impresora;tienda;0,05;142,4;5;0
11788;12;Córdoba;impresora;online;0,0;149,9;3;0
11789;9;Granada;tablet;online;0,0;349,0;4;0
11790;9;Cádiz;monitor;teléfono;0,0;180,0;1;0
11791;3;Cádiz;tablet;teléfono;0,2;279,2;3;0
11792;11;Almería;tablet;online;0,0;349,0;4;0
11793;3;Málaga;impresora;online;0,05;142,4;4;0
11794;8;Granada;ratón;tienda;0,0;12,5;12;0
11795;1;Almería;tablet;online;0,05;331,55;5;0
11796;10;Sevilla;monitor;tienda;0,1;162,0;2;0
11797;8;Málaga;ratón;tienda;0,2;10,0;15;0
11798;10;Cádiz;ratón;tienda;0,0;12,5;7;0
11799;1;Córdoba;tablet;teléfono;0,2;279,2;2;0
11800;4;Málaga;portátil;online;0,0;899,9;4;1
11801;3;Huelva;ratón;tienda;0,2;10,0;21;0
11802;5;Sevilla;ratón;online;0,0;12,5;16;0
11803;4;Jaén;impresora;tienda;0,0;149,9;3;0
11804;10;Málaga;impresora;tienda;0,05;142,4;3;0
11805;4;Granada;teclado;online;0,0;25,0;13;0
11806;8;Cádiz;ratón;tienda;0,0;12,5;8;0
11807;5;Almería;teclado;tienda;0,2;20,0;24;0
11808;7;Cádiz;portátil;online;0,05;854,9;6;0
11809;3;Málaga;portátil;teléfono;0,0;899,9;3;1
11810;7;Almería;portátil;tienda;0,0;899,9;5;0
11811;5;Granada;impresora;online;0,2;119,92;12;1
11812;12;Almería;teclado;tienda;0,1;22,5;9;0
11813;8;Cádiz;portátil;teléfono;0,0;899,9;3;1
11814;2;Huelva;monitor;tienda;0,1;162,0;6;0
11815;8;Granada;impresora;online;0,0;149,9;8;0
11816;7;Málaga;tablet;tienda;0,05;331,55;4;0
11817;5;Córdoba;teclado;tienda;0,05;23,75;15;0
11818;6;Almería;teclado;teléfono;0,1;22,5;13;0
11819;9;Huelva;impresora;tienda;0,0;149,9;5;0
11820;6;Córdoba;teclado;tienda;0,0;25,0;8;0
11821;4;Córdoba;portátil;tienda;0,0;899,9;4;0
11822;12;Cádiz;tablet;tienda;0,0;349,0;3;0
11823;8;Málaga;monitor;online;0,2;144,0;10;0
11824;12;Granada;ratón;teléfono;0,0;12,5;6;0
11825;9;Málaga;tablet;tienda;0,0;349,0;7;0
11826;4;Almería;ratón;online;0,0;12,5;22;0
11827;5;Málaga;teclado;online;0,0;25,0;10;0
11828;12;Málaga;ratón;tienda;0,0;12,5;5;0
11829;7;Almería;teclado;online;0,1;22,5;15;0
11830;2;Huelva;ratón;online;0,0;12,5;9;0
11831;7;Almería;monitor;tienda;0,1;162,0;7;0
11832;1;Huelva;tablet;tienda;0,0;349,0;2;0
11833;11;Sevilla;portátil;online;0,0;899,9;3;1
11834;8;Málaga;monitor;online;0,2;144,0;11;0
11835;3;Almería;impresora;tienda;0,05;142,4;5;0
11836;2;Almería;ratón;tienda;0,05;11,88;9;0
11837;6;Granada;ratón;online;0,1;11,25;22;0
11838;4;Cádiz;tablet;teléfono;0,0;349,0;3;0
11839;7;Cádiz;tablet;teléfono;0,0;349,0;5;0
11840;4;Córdoba;portátil;online;0,0;899,9;5;0
11841;2;Córdoba;teclado;tienda;0,05;23,75;8;0
11842;7;Jaén;tablet;online;0,0;349,0;6;0
11843;3;Cádiz;teclado;online;0,2;20,0;18;1
11844;7;Málaga;teclado;tienda;0,0;25,0;10;0
11845;7;Huelva;impresora;tienda;0,1;134,91;6;0
11846;12;Jaén;impresora;online;0,05;142,4;4;1
11847;2;Sevilla;impresora;tienda;0,1;134,91;5;0
11848;6;Almería;portátil;teléfono;0,0;899,9;3;0
11849;5;Málaga;ratón;online;0,0;12,5;14;0
11850;3;Sevilla;portátil;tienda;0,0;899,9;2;0
11851;10;Cádiz;tablet;tienda;0,0;349,0;2;0
11852;7;Málaga;monitor;online;0,05;171,0;15;0
11853;9;Sevilla;portátil;tienda;0,05;854,9;4;1
11854;5;Granada;ratón;tienda;0,1;11,25;14;0
11855;1;Almería;teclado;tienda;0,0;25,0;9;0
11856;9;Huelva;impresora;tienda;0,1;134,91;6;0
11857;9;Córdoba;ratón;tienda;0,0;12,5;13;0
11858;2;Sevilla;portátil;teléfono;0,2;719,92;3;0
11859;3;Málaga;teclado;online;0,0;25,0;13;0
11860;6;Jaén;impresora;online;0,1;134,91;8;0
11861;4;Jaén;monitor;online;0,0;180,0;9;0
11862;9;Jaén;tablet;tienda;0,1;314,1;5;0
11863;6;Granada;tablet;online;0,05;331,55;11;0
11864;3;Málaga;monitor;online;0,0;180,0;7;0
11865;6;Sevilla;monitor;tienda;0,0;180,0;9;0
11866;2;Huelva;tablet;online;0,05;331,55;4;0
11867;12;Cádiz;impresora;tienda;0,2;119,92;3;0
11868;4;Jaén;teclado;teléfono;0,0;25,0;9;0
11869;4;Almería;monitor;teléfono;0,0;180,0;6;0
11870;7;Sevilla;ratón;tienda;0,0;12,5;16;0
11871;9;Almería;tablet;tienda;0,1;314,1;3;0
11872;2;Granada;ratón;online;0,0;12,5;7;0
11873;10;Jaén;teclado;tienda;0,0;25,0;7;0
11874;4;Sevilla;monitor;teléfono;0,0;180,0;5;0
11875;1;Málaga;tablet;teléfono;0,05;331,55;2;0
11876;2;Sevilla;ratón;online;0,0;12,5;9;0
11877;7;Jaén;teclado;tienda;0,2;20,0;16;0
11878;9;Huelva;ratón;online;0,0;12,5;13;0
11879;5;Huelva;teclado;teléfono;0,0;25,0;11;0
11880;1;Granada;monitor;online;0,0;180,0;5;0
11881;5;Huelva;ratón;online;0,0;12,5;13;1
11882;10;Córdoba;monitor;online;0,1;162,0;6;0
11883;3;Sevilla;impresora;tienda;0,0;149,9;5;1
11884;6;Córdoba;monitor;online;0,0;180,0;4;0
11885;6;Almería;tablet;tienda;0,1;314,1;7;0
11886;8;Sevilla;monitor;teléfono;0,0;180,0;5;0
11887;12;Almería;portátil;online;0,0;899,9;3;0
11888;1;Cádiz;impresora;tienda;0,05;142,4;4;0
11889;8;Granada;portátil;tienda;0,0;899,9;3;0
11890;9;Granada;portátil;online;0,05;854,9;5;0
11891;1;Almería;monitor;teléfono;0,2;144,0;3;0
11892;12;Cádiz;portátil;online;0,2;719,92;5;0
11893;2;Granada;teclado;online;0,05;23,75;14;1
11894;6;Sevilla;tablet;tienda;0,0;349,0;8;0
11895;8;Granada;portátil;online;0,05;854,9;5;0
11896;3;Granada;impresora;online;0,1;134,91;8;1
11897;1;Huelva;impresora;tienda;0,05;142,4;3;0
11898;6;Granada;teclado;teléfono;0,0;25,0;12;0
11899;5;Cádiz;monitor;tienda;0,1;162,0;6;0
11900;1;Cádiz;portátil;teléfono;0,05;854,9;2;0
11901;6;Huelva;teclado;online;0,0;25,0;13;0
11902;3;Huelva;ratón;teléfono;0,0;12,5;6;0
11903;11;Cádiz;portátil;online;0,0;899,9;3;0
11904;6;Almería;impresora;online;0,05;142,4;6;1
11905;8;Almería;monitor;online;0,0;180,0;6;0
11906;6;Sevilla;ratón;tienda;0,1;11,25;22;0
11907;5;Málaga;ratón;tienda;0,0;12,5;22;0
11908;5;Córdoba;tablet;online;0,05;331,55;10;0
11909;1;Almería;teclado;online;0,0;25,0;10;0
11910;4;Cádiz;impresora;tienda;0,0;149,9;6;0
11911;12;Cádiz;portátil;online;0,0;899,9;4;1
11912;5;Málaga;ratón;tienda;0,0;12,5;12;0
11913;8;Huelva;tablet;tienda;0,0;349,0;5;1
11914;4;Málaga;tablet;online;0,1;314,1;6;1
11915;10;Córdoba;impresora;tienda;0,2;119,92;5;0
11916;3;Jaén;impresora;online;0,0;149,9;6;0
11917;5;Granada;monitor;online;0,05;171,0;10;1
11918;3;Granada;teclado;tienda;0,05;23,75;6;0
11919;2;Jaén;monitor;teléfono;0,0;180,0;3;0
11920;9;Huelva;portátil;teléfono;0,0;899,9;2;0
11921;5;Almería;tablet;online;0,05;331,55;6;0
11922;1;Granada;impresora;online;0,2;119,92;7;0
11923;4;Granada;teclado;tienda;0,0;25,0;9;0
11924;6;Málaga;impresora;tienda;0,0;149,9;10;0
11925;3;Sevilla;portátil;online;0,05;854,9;4;0
11926;12;Jaén;tablet;tienda;0,0;349,0;2;0
11927;10;Cádiz;portátil;teléfono;0,0;899,9;1;0
11928;3;Granada;ratón;tienda;0,2;10,0;16;1
11929;6;Huelva;impresora;online;0,1;134,91;14;1
11930;4;Jaén;teclado;tienda;0,05;23,75;6;0
11931;4;Almería;tablet;teléfono;0,0;349,0;3;0
11932;1;Almería;tablet;tienda;0,0;349,0;4;0
11933;7;Córdoba;ratón;online;0,0;12,5;17;0
11934;11;Granada;teclado;tienda;0,05;23,75;5;0
11935;12;Jaén;portátil;online;0,2;719,92;4;0
11936;6;Sevilla;tablet;online;0,1;314,1;12;0
11937;3;Sevilla;impresora;tienda;0,05;142,4;8;1
11938;10;Almería;teclado;tienda;0,05;23,75;8;0
11939;11;Sevilla;teclado;online;0,1;22,5;7;1
11940;3;Jaén;monitor;online;0,0;180,0;5;1
11941;8;Huelva;monitor;online;0,0;180,0;7;1
11942;12;Sevilla;ratón;online;0,05;11,88;9;1
11943;6;Granada;tablet;online;0,0;349,0;7;0
11944;6;Almería;impresora;online;0,1;134,91;9;0
11945;6;Cádiz;tablet;online;0,0;349,0;10;1
11946;9;Sevilla;ratón;online;0,1;11,25;17;0
11947;4;Jaén;portátil;online;0,0;899,9;3;1
11948;7;Córdoba;monitor;online;0,0;180,0;4;0
11949;11;Almería;ratón;tienda;0,0;12,5;8;0
11950;9;Cádiz;ratón;tienda;0,0;12,5;8;0
11951;10;Almería;teclado;tienda;0,0;25,0;8;0
11952;7;Granada;ratón;teléfono;0,0;12,5;11;0
11953;1;Jaén;impresora;online;0,0;149,9;4;0
11954;7;Almería;tablet;tienda;0,05;331,55;6;1
11955;4;Granada;monitor;teléfono;0,2;144,0;8;0
11956;1;Huelva;impresora;online;0,0;149,9;5;0
11957;5;Huelva;monitor;teléfono;0,2;144,0;4;0
11958;4;Málaga;portátil;tienda;0,0;899,9;4;0
11959;6;Jaén;ratón;tienda;0,2;10,0;26;0
11960;2;Granada;tablet;tienda;0,05;331,55;4;0
11961;1;Granada;impresora;tienda;0,0;149,9;3;0
11962;7;Jaén;portátil;tienda;0,0;899,9;3;0
11963;12;Málaga;ratón;tienda;0,05;11,88;10;1
11964;7;Almería;impresora;online;0,0;149,9;8;0
11965;9;Jaén;ratón;tienda;0,2;10,0;14;0
11966;3;Málaga;impresora;tienda;0,05;142,4;5;0
11967;5;Granada;portátil;online;0,05;854,9;3;0
11968;2;Granada;portátil;teléfono;0,2;719,92;2;0
11969;4;Córdoba;monitor;online;0,05;171,0;6;0
11970;12;Huelva;impresora;tienda;0,1;134,91;3;0
11971;11;Cádiz;tablet;tienda;0,0;349,0;3;0
11972;9;Jaén;tablet;online;0,0;349,0;7;0
11973;12;Sevilla;portátil;online;0,0;899,9;3;1
11974;11;Sevilla;impresora;online;0,0;149,9;4;0
11975;11;Málaga;impresora;online;0,0;149,9;4;1
11976;12;Huelva;teclado;online;0,0;25,0;7;0
11977;1;Granada;impresora;teléfono;0,1;134,91;4;0
11978;6;Huelva;monitor;teléfono;0,0;180,0;5;0
11979;7;Málaga;ratón;teléfono;0,0;12,5;12;1
11980;7;Málaga;ratón;online;0,0;12,5;15;0
11981;5;Granada;monitor;tienda;0,0;180,0;8;0
11982;1;Córdoba;monitor;online;0,1;162,0;5;0
11983;5;Málaga;impresora;online;0,05;142,4;7;0
11984;6;Almería;impresora;tienda;0,05;142,4;8;0
11985;8;Huelva;tablet;online;0,05;331,55;7;1
11986;1;Córdoba;teclado;tienda;0,2;20,0;6;0
11987;5;Córdoba;tablet;tienda;0,2;279,2;5;0
11988;5;Cádiz;impresora;tienda;0,0;149,9;3;0
11989;3;Almería;portátil;online;0,05;854,9;6;0
11990;5;Jaén;tablet;tienda;0,1;314,1;7;0
11991;3;Sevilla;ratón;tienda;0,05;11,88;16;0
11992;4;Córdoba;teclado;online;0,0;25,0;13;0
11993;2;Sevilla;tablet;online;0,0;349,0;5;0
11994;1;Almería;ratón;online;0,0;12,5;9;0
11995;7;Málaga;monitor;online;0,0;180,0;10;0
11996;5;Málaga;tablet;tienda;0,0;349,0;2;0
11997;6;Cádiz;monitor;tienda;0,0;180,0;7;0
11998;5;Cádiz;teclado;tienda;0,2;20,0;23;0
11999;11;Cádiz;teclado;teléfono;0,0;25,0;5;0
12000;10;Málaga;ratón;online;0,1;11,25;18;0
12001;12;Almería;tablet;online;0,0;349,0;2;0
12002;11;Cádiz;monitor;online;0,0;180,0;3;1
12003;5;Cádiz;portátil;online;0,0;899,9;4;0
12004;8;Málaga;tablet;online;0,1;314,1;6;0
12005;4;Jaén;tablet;online;0,05;331,55;8;0
12006;5;Huelva;portátil;online;0,1;809,91;7;1
12007;10;Cádiz;ratón;tienda;0,0;12,5;12;0
12008;12;Málaga;teclado;online;0,05;23,75;9;0
12009;11;Almería;tablet;online;0,2;279,2;4;0
12010;3;Sevilla;portátil;teléfono;0,0;899,9;2;0
12011;9;Córdoba;portátil;online;0,05;854,9;4;0
12012;12;Granada;portátil;online;0,0;899,9;2;0
12013;11;Cádiz;impresora;online;0,05;142,4;3;1
12014;2;Sevilla;tablet;online;0,0;349,0;4;1
12015;6;Málaga;portátil;online;0,0;899,9;6;0
12016;8;Jaén;portátil;online;0,05;854,9;5;0
12017;12;Málaga;tablet;online;0,2;279,2;5;0
12018;1;Córdoba;teclado;tienda;0,0;25,0;9;0
12019;3;Málaga;portátil;online;0,1;809,91;4;0
12020;2;Jaén;ratón;online;0,0;12,5;15;1
12021;6;Jaén;tablet;tienda;0,0;349,0;7;0
12022;1;Huelva;teclado;tienda;0,0;25,0;6;0
12023;4;Córdoba;monitor;tienda;0,1;162,0;10;0
12024;6;Sevilla;portátil;tienda;0,0;899,9;4;0
12025;2;Córdoba;teclado;teléfono;0,05;23,75;8;0
12026;6;Jaén;tablet;online;0,2;279,2;9;0
12027;10;Jaén;impresora;tienda;0,05;142,4;5;0
12028;9;Córdoba;monitor;tienda;0,0;180,0;4;0
12029;9;Córdoba;teclado;tienda;0,2;20,0;16;0
12030;6;Huelva;teclado;tienda;0,1;22,5;15;0
12031;9;Cádiz;ratón;online;0,0;12,5;15;0
12032;2;Sevilla;teclado;tienda;0,0;25,0;8;0
12033;7;Huelva;ratón;tienda;0,0;12,5;14;0
12034;12;Jaén;ratón;online;0,2;10,0;13;0
12035;11;Sevilla;portátil;online;0,05;854,9;2;0
12036;9;Córdoba;portátil;teléfono;0,05;854,9;2;0
12037;2;Cádiz;tablet;teléfono;0,2;279,2;5;0
12038;9;Málaga;tablet;online;0,0;349,0;3;0
12039;1;Cádiz;impresora;online;0,0;149,9;5;0
12040;3;Córdoba;ratón;teléfono;0,0;12,5;12;0
12041;3;Córdoba;teclado;teléfono;0,2;20,0;12;0
12042;5;Huelva;monitor;tienda;0,0;180,0;4;0
12043;10;Córdoba;impresora;online;0,05;142,4;5;0
12044;2;Córdoba;portátil;online;0,0;899,9;4;0
12045;10;Málaga;monitor;teléfono;0,0;180,0;3;0
12046;9;Huelva;teclado;tienda;0,0;25,0;8;0
12047;11;Huelva;ratón;online;0,0;12,5;13;0
12048;4;Jaén;ratón;teléfono;0,2;10,0;17;0
12049;6;Jaén;monitor;tienda;0,05;171,0;7;0
12050;4;Jaén;monitor;tienda;0,0;180,0;4;0
12051;6;Málaga;monitor;online;0,0;180,0;7;0
12052;7;Jaén;monitor;teléfono;0,1;162,0;6;0
12053;6;Sevilla;ratón;teléfono;0,0;12,5;8;1
12054;11;Huelva;monitor;tienda;0,2;144,0;6;0
12055;11;Almería;portátil;teléfono;0,05;854,9;2;1
12056;9;Córdoba;ratón;teléfono;0,05;11,88;7;0
12057;1;Huelva;impresora;tienda;0,0;149,9;3;0
12058;12;Huelva;tablet;teléfono;0,2;279,2;3;0
12059;4;Almería;tablet;tienda;0,0;349,0;4;0
12060;1;Jaén;teclado;tienda;0,05;23,75;5;0
12061;1;Córdoba;monitor;online;0,2;144,0;6;1
12062;2;Huelva;ratón;tienda;0,1;11,25;15;1
12063;9;Almería;ratón;online;0,1;11,25;17;0
12064;12;Granada;tablet;online;0,0;349,0;3;0
12065;2;Jaén;portátil;tienda;0,1;809,91;3;0
12066;3;Cádiz;monitor;online;0,0;180,0;5;0
12067;3;Cádiz;ratón;teléfono;0,0;12,5;6;0
12068;5;Sevilla;impresora;teléfono;0,0;149,9;4;0
12069;3;Sevilla;impresora;online;0,2;119,92;12;0
12070;1;Málaga;tablet;online;0,0;349,0;4;0
12071;4;Málaga;tablet;online;0,2;279,2;10;0
12072;8;Huelva;impresora;tienda;0,0;149,9;6;0
12073;10;Jaén;portátil;online;0,0;899,9;4;1
12074;9;Huelva;tablet;teléfono;0,1;314,1;4;0
12075;11;Cádiz;portátil;teléfono;0,0;899,9;2;1
12076;6;Jaén;teclado;online;0,0;25,0;17;0
12077;7;Córdoba;ratón;online;0,0;12,5;19;1
12078;10;Huelva;teclado;online;0,0;25,0;14;1
12079;12;Cádiz;monitor;online;0,0;180,0;3;0
12080;8;Córdoba;monitor;tienda;0,05;171,0;6;0
12081;7;Sevilla;impresora;tienda;0,0;149,9;6;0
12082;12;Córdoba;portátil;online;0,0;899,9;2;1
12083;7;Córdoba;ratón;tienda;0,0;12,5;18;0
12084;5;Jaén;portátil;tienda;0,05;854,9;7;0
12085;10;Almería;ratón;tienda;0,0;12,5;9;0
12086;10;Córdoba;tablet;online;0,0;349,0;5;0
12087;9;Málaga;tablet;online;0,05;331,55;5;0
12088;9;Almería;monitor;online;0,1;162,0;6;0
12089;9;Málaga;impresora;tienda;0,0;149,9;4;0
12090;10;Granada;monitor;online;0,0;180,0;8;1
12091;10;Cádiz;teclado;online;0,0;25,0;12;0
12092;7;Málaga;impresora;online;0,0;149,9;10;0
12093;4;Almería;ratón;tienda;0,05;11,88;18;0
12094;1;Córdoba;impresora;online;0,0;149,9;4;0
12095;10;Córdoba;portátil;online;0,05;854,9;3;1
12096;2;Granada;impresora;online;0,0;149,9;4;0
12097;7;Granada;impresora;online;0,0;149,9;9;0
12098;9;Málaga;portátil;tienda;0,2;719,92;4;0
12099;8;Almería;impresora;online;0,0;149,9;7;0
12100;1;Jaén;ratón;online;0,05;11,88;12;0
12101;5;Almería;portátil;online;0,1;809,91;9;0
12102;1;Málaga;tablet;online;0,0;349,0;4;1
12103;3;Sevilla;teclado;online;0,0;25,0;9;0
12104;6;Huelva;monitor;tienda;0,0;180,0;7;0
12105;10;Almería;impresora;online;0,1;134,91;6;0
12106;5;Almería;monitor;online;0,0;180,0;6;0
12107;3;Granada;ratón;online;0,1;11,25;10;0
12108;3;Almería;monitor;online;0,0;180,0;7;1
12109;8;Jaén;monitor;online;0,0;180,0;6;1
12110;9;Granada;ratón;teléfono;0,0;12,5;8;0
12111;12;Córdoba;teclado;tienda;0,0;25,0;5;1
12112;1;Jaén;ratón;online;0,05;11,88;9;1
12113;8;Jaén;ratón;online;0,1;11,25;21;1
12114;8;Cádiz;ratón;tienda;0,1;11,25;17;0
12115;1;Córdoba;tablet;tienda;0,0;349,0;2;0
12116;9;Málaga;tablet;online;0,0;349,0;6;1
12117;1;Granada;portátil;teléfono;0,2;719,92;3;0
12118;7;Huelva;portátil;teléfono;0,0;899,9;3;0
12119;9;Sevilla;teclado;online;0,05;23,75;12;0
12120;5;Córdoba;tablet;teléfono;0,05;331,55;6;0
12121;5;Sevilla;impresora;online;0,1;134,91;7;0
12122;12;Huelva;teclado;tienda;0,0;25,0;4;0
12123;10;Huelva;impresora;tienda;0,05;142,4;2;0
12124;2;Huelva;monitor;online;0,2;144,0;10;0
12125;3;Huelva;tablet;tienda;0,1;314,1;6;0
12126;11;Huelva;tablet;online;0,0;349,0;3;0
12127;6;Jaén;tablet;tienda;0,2;279,2;7;0
12128;7;Huelva;portátil;tienda;0,0;899,9;5;0
12129;9;Sevilla;tablet;tienda;0,0;349,0;3;0
12130;4;Cádiz;ratón;tienda;0,0;12,5;12;0
12131;1;Almería;impresora;tienda;0,0;149,9;3;0
12132;7;Jaén;impresora;online;0,0;149,9;6;0
12133;1;Málaga;teclado;teléfono;0,1;22,5;8;0
12134;6;Málaga;ratón;teléfono;0,05;11,88;12;0
12135;7;Huelva;portátil;online;0,0;899,9;5;0
12136;10;Málaga;portátil;online;0,0;899,9;3;0
12137;1;Málaga;portátil;online;0,0;899,9;2;0
12138;11;Cádiz;ratón;online;0,1;11,25;16;0
12139;6;Sevilla;ratón;tienda;0,0;12,5;17;0
12140;10;Sevilla;impresora;teléfono;0,2;119,92;5;0
12141;6;Málaga;portátil;online;0,05;854,9;6;0
12142;4;Sevilla;impresora;online;0,1;134,91;7;0
12143;10;Granada;impresora;online;0,1;134,91;6;0
12144;1;Córdoba;portátil;online;0,0;899,9;3;0
12145;5;Huelva;monitor;teléfono;0,05;171,0;6;0
12146;8;Málaga;tablet;teléfono;0,0;349,0;4;0
12147;3;Málaga;tablet;teléfono;0,0;349,0;3;0
12148;1;Málaga;tablet;online;0,05;331,55;3;0
12149;12;Córdoba;teclado;tienda;0,2;20,0;10;0
12150;11;Granada;tablet;online;0,2;279,2;5;0
12151;3;Jaén;portátil;tienda;0,1;809,91;3;0
12152;10;Jaén;impresora;teléfono;0,2;119,92;5;0
12153;7;Jaén;teclado;teléfono;0,0;25,0;10;1
12154;5;Córdoba;monitor;online;0,0;180,0;8;0
12155;3;Granada;portátil;online;0,2;719,92;7;0
12156;10;Granada;tablet;tienda;0,0;349,0;3;0
12157;11;Cádiz;monitor;tienda;0,05;171,0;4;0
12158;10;Cádiz;portátil;teléfono;0,0;899,9;2;0
12159;6;Granada;portátil;online;0,0;899,9;5;0
12160;7;Sevilla;teclado;online;0,2;20,0;26;1
12161;6;Cádiz;impresora;tienda;0,0;149,9;8;0
12162;10;Jaén;ratón;tienda;0,0;12,5;11;0
12163;7;Granada;teclado;online;0,0;25,0;18;0
12164;3;Málaga;ratón;online;0,2;10,0;18;0
12165;12;Sevilla;ratón;tienda;0,0;12,5;3;0
12166;5;Granada;portátil;tienda;0,1;809,91;5;1
12167;8;Jaén;portátil;online;0,0;899,9;5;1
12168;7;Almería;portátil;tienda;0,0;899,9;4;0
12169;12;Huelva;portátil;tienda;0,05;854,9;2;0
12170;8;Córdoba;tablet;online;0,0;349,0;5;0
12171;8;Córdoba;ratón;tienda;0,05;11,88;21;0
12172;5;Huelva;tablet;tienda;0,0;349,0;4;0
12173;8;Huelva;teclado;online;0,05;23,75;10;1
12174;11;Málaga;ratón;tienda;0,0;12,5;6;0
12175;7;Almería;monitor;online;0,05;171,0;10;1
12176;4;Almería;ratón;tienda;0,0;12,5;18;0
12177;1;Almería;portátil;online;0,1;809,91;3;0
12178;11;Jaén;portátil;tienda;0,0;899,9;3;0
12179;2;Huelva;tablet;tienda;0,05;331,55;3;0
12180;5;Jaén;monitor;teléfono;0,05;171,0;7;0
12181;9;Jaén;impresora;tienda;0,2;119,92;8;1
12182;5;Sevilla;monitor;teléfono;0,2;144,0;11;0
12183;1;Málaga;teclado;online;0,0;25,0;7;1
12184;5;Málaga;tablet;online;0,0;349,0;6;0
12185;8;Jaén;teclado;teléfono;0,0;25,0;6;0
12186;6;Granada;monitor;online;0,05;171,0;6;0
12187;5;Almería;monitor;online;0,0;180,0;11;0
12188;10;Sevilla;tablet;tienda;0,05;331,55;4;0
12189;8;Almería;monitor;teléfono;0,0;180,0;4;0
12190;4;Cádiz;teclado;tienda;0,0;25,0;7;0
12191;10;Huelva;monitor;teléfono;0,05;171,0;2;0
12192;12;Cádiz;teclado;online;0,0;25,0;7;1
12193;9;Córdoba;tablet;online;0,0;349,0;5;0
12194;4;Almería;ratón;online;0,0;12,5;12;0
12195;4;Jaén;portátil;online;0,0;899,9;5;0
12196;12;Córdoba;tablet;online;0,0;349,0;2;0
12197;3;Sevilla;tablet;tienda;0,05;331,55;3;0
12198;7;Huelva;ratón;online;0,05;11,88;19;0
12199;7;Málaga;portátil;tienda;0,0;899,9;5;0
12200;12;Huelva;ratón;tienda;0,0;12,5;5;1
12201;11;Córdoba;ratón;tienda;0,2;10,0;12;0
12202;7;Sevilla;portátil;tienda;0,0;899,9;3;0
12203;7;Córdoba;tablet;teléfono;0,1;314,1;4;1
12204;4;Huelva;portátil;tienda;0,2;719,92;5;1
12205;10;Granada;teclado;tienda;0,0;25,0;7;1
12206;12;Huelva;monitor;teléfono;0,05;171,0;2;0
12207;4;Cádiz;impresora;online;0,2;119,92;11;0
12208;12;Granada;impresora;tienda;0,0;149,9;3;0
12209;4;Jaén;tablet;tienda;0,05;331,55;4;0
12210;1;Granada;teclado;teléfono;0,05;23,75;5;0
12211;6;Sevilla;ratón;tienda;0,0;12,5;22;0
12212;12;Jaén;ratón;tienda;0,0;12,5;7;0
12213;11;Jaén;teclado;teléfono;0,0;25,0;3;0
12214;2;Huelva;monitor;teléfono;0,0;180,0;3;0
12215;7;Sevilla;portátil;teléfono;0,1;809,91;3;1
12216;4;Granada;teclado;tienda;0,05;23,75;16;0
12217;6;Almería;ratón;tienda;0,0;12,5;22;0
12218;3;Huelva;tablet;teléfono;0,0;349,0;4;0
12219;12;Sevilla;monitor;online;0,0;180,0;6;0
12220;9;Sevilla;ratón;tienda;0,1;11,25;20;0
12221;4;Huelva;impresora;tienda;0,2;119,92;8;0
12222;12;Granada;tablet;tienda;0,0;349,0;3;0
12223;4;Granada;impresora;online;0,1;134,91;6;0
12224;3;Granada;tablet;online;0,0;349,0;4;0
12225;8;Jaén;teclado;teléfono;0,05;23,75;8;0
12226;3;Jaén;impresora;online;0,05;142,4;7;0
12227;4;Sevilla;tablet;online;0,0;349,0;3;0
12228;2;Almería;teclado;online;0,2;20,0;12;0
12229;7;Córdoba;tablet;tienda;0,2;279,2;8;0
12230;6;Granada;impresora;online;0,0;149,9;4;0
12231;3;Granada;teclado;online;0,1;22,5;17;0
12232;2;Málaga;portátil;teléfono;0,0;899,9;2;0
12233;12;Cádiz;portátil;teléfono;0,05;854,9;1;0
12234;9;Granada;tablet;tienda;0,0;349,0;3;0
12235;1;Huelva;teclado;online;0,0;25,0;8;1
12236;10;Cádiz;portátil;online;0,05;854,9;3;0
12237;3;Huelva;ratón;tienda;0,0;12,5;10;0
12238;4;Almería;impresora;online;0,05;142,4;7;1
12239;1;Córdoba;tablet;teléfono;0,0;349,0;2;0
12240;12;Málaga;impresora;online;0,0;149,9;3;1
12241;9;Cádiz;tablet;online;0,0;349,0;2;0
12242;6;Granada;portátil;online;0,0;899,9;5;0
12243;12;Sevilla;portátil;tienda;0,0;899,9;2;0
12244;12;Cádiz;tablet;tienda;0,05;331,55;3;0
12245;3;Sevilla;impresora;online;0,0;149,9;6;1
12246;5;Jaén;ratón;online;0,0;12,5;19;1
12247;4;Almería;monitor;online;0,0;180,0;8;0
12248;7;Jaén;impresora;tienda;0,0;149,9;6;0
12249;9;Jaén;monitor;online;0,0;180,0;6;0
12250;10;Córdoba;tablet;tienda;0,0;349,0;3;0
12251;6;Cádiz;portátil;tienda;0,2;719,92;8;0
12252;12;Málaga;teclado;online;0,0;25,0;10;0
12253;10;Cádiz;teclado;online;0,0;25,0;11;0
12254;3;Sevilla;ratón;online;0,1;11,25;14;0
12255;6;Almería;impresora;tienda;0,2;119,92;10;0
12256;11;Córdoba;ratón;online;0,0;12,5;12;0
12257;2;Huelva;ratón;teléfono;0,05;11,88;5;0
12258;11;Almería;tablet;tienda;0,2;279,2;5;0
12259;4;Málaga;teclado;tienda;0,0;25,0;6;0
12260;1;Sevilla;tablet;tienda;0,0;349,0;4;0
12261;6;Málaga;impresora;tienda;0,0;149,9;5;0
12262;4;Sevilla;portátil;online;0,1;809,91;5;1
12263;8;Granada;impresora;online;0,05;142,4;9;1
12264;9;Cádiz;impresora;online;0,0;149,9;4;0
12265;7;Jaén;ratón;online;0,0;12,5;18;0
12266;4;Málaga;ratón;online;0,1;11,25;20;1
12267;1;Córdoba;tablet;online;0,0;349,0;4;0
12268;7;Sevilla;ratón;tienda;0,05;11,88;22;0
12269;4;Málaga;impresora;online;0,0;149,9;5;0
12270;6;Granada;ratón;teléfono;0,0;12,5;14;0
12271;2;Cádiz;portátil;tienda;0,0;899,9;3;0
12272;12;Córdoba;monitor;tienda;0,0;180,0;3;0
12273;11;Córdoba;ratón;tienda;0,05;11,88;11;0
12274;8;Almería;ratón;tienda;0,0;12,5;16;0
12275;3;Málaga;tablet;tienda;0,2;279,2;7;0
12276;11;Almería;tablet;tienda;0,1;314,1;4;0
12277;9;Almería;ratón;tienda;0,05;11,88;12;0
12278;7;Huelva;portátil;tienda;0,0;899,9;5;0
12279;8;Sevilla;monitor;online;0,1;162,0;11;0
12280;5;Huelva;ratón;online;0,0;12,5;24;0
12281;12;Málaga;monitor;online;0,1;162,0;6;1
12282;5;Jaén;teclado;online;0,0;25,0;14;1
12283;3;Jaén;impresora;online;0,1;134,91;6;0
12284;12;Córdoba;monitor;tienda;0,0;180,0;3;0
12285;5;Huelva;impresora;online;0,0;149,9;6;0
12286;2;Córdoba;impresora;online;0,0;149,9;4;0
12287;2;Córdoba;portátil;tienda;0,1;809,91;2;0
12288;8;Almería;impresora;online;0,1;134,91;9;0
12289;7;Málaga;tablet;tienda;0,0;349,0;6;0
12290;10;Granada;teclado;online;0,0;25,0;10;0
12291;4;Granada;tablet;tienda;0,05;331,55;4;0
12292;8;Málaga;portátil;online;0,0;899,9;4;0
12293;8;Cádiz;teclado;tienda;0,05;23,75;9;0
12294;12;Granada;teclado;online;0,0;25,0;2;0
12295;5;Huelva;teclado;tienda;0,2;20,0;28;0
12296;3;Jaén;tablet;online;0,2;279,2;9;0
12297;10;Sevilla;monitor;tienda;0,0;180,0;4;0
12298;12;Jaén;ratón;online;0,0;12,5;8;0
12299;6;Málaga;tablet;tienda;0,0;349,0;5;0
12300;6;Almería;tablet;tienda;0,0;349,0;6;0
12301;2;Granada;teclado;tienda;0,0;25,0;10;0
12302;4;Jaén;tablet;tienda;0,0;349,0;6;0
12303;1;Córdoba;tablet;online;0,05;331,55;3;0
12304;5;Sevilla;monitor;online;0,0;180,0;8;0
12305;7;Córdoba;tablet;tienda;0,05;331,55;7;0
12306;5;Huelva;teclado;online;0,0;25,0;15;0
12307;9;Córdoba;impresora;tienda;0,0;149,9;5;0
12308;4;Córdoba;tablet;teléfono;0,0;349,0;4;1
12309;8;Sevilla;tablet;tienda;0,0;349,0;4;0
12310;1;Córdoba;tablet;online;0,0;349,0;5;0
12311;8;Jaén;portátil;online;0,05;854,9;5;0
12312;9;Málaga;tablet;tienda;0,0;349,0;2;0
12313;5;Málaga;monitor;online;0,0;180,0;8;0
12314;1;Granada;tablet;online;0,0;349,0;2;1
12315;4;Jaén;ratón;online;0,0;12,5;19;0
12316;8;Almería;impresora;online;0,0;149,9;8;1
12317;4;Granada;portátil;online;0,05;854,9;4;0
12318;12;Huelva;ratón;online;0,0;12,5;9;0
12319;8;Granada;teclado;tienda;0,05;23,75;11;1
12320;6;Almería;ratón;tienda;0,2;10,0;30;0
12321;1;Granada;monitor;tienda;0,2;144,0;5;0
12322;6;Málaga;tablet;online;0,2;279,2;12;1
12323;3;Córdoba;monitor;online;0,05;171,0;8;0
12324;8;Huelva;portátil;tienda;0,1;809,91;5;1
12325;4;Córdoba;portátil;online;0,0;899,9;4;1
12326;2;Córdoba;portátil;tienda;0,0;899,9;3;0
12327;7;Jaén;portátil;online;0,2;719,92;9;1
12328;2;Huelva;teclado;online;0,05;23,75;7;0
12329;12;Granada;monitor;online;0,0;180,0;3;0
12330;7;Sevilla;tablet;online;0,0;349,0;7;0
12331;6;Huelva;impresora;tienda;0,2;119,92;13;1
12332;8;Cádiz;impresora;online;0,05;142,4;6;0
12333;5;Córdoba;monitor;teléfono;0,0;180,0;5;0
12334;12;Granada;impresora;tienda;0,0;149,9;1;0
12335;7;Jaén;impresora;teléfono;0,0;149,9;6;0
12336;12;Granada;ratón;tienda;0,1;11,25;12;0
12337;5;Granada;portátil;online;0,0;899,9;5;0
12338;8;Córdoba;portátil;online;0,0;899,9;4;0
12339;3;Jaén;ratón;online;0,0;12,5;17;0
12340;9;Córdoba;ratón;online;0,2;10,0;22;1
12341;1;Córdoba;ratón;tienda;0,1;11,25;7;0
12342;5;Córdoba;ratón;tienda;0,0;12,5;10;0
12343;9;Almería;ratón;online;0,0;12,5;10;0
12344;3;Huelva;teclado;tienda;0,05;23,75;7;0
12345;4;Córdoba;impresora;online;0,2;119,92;11;0
12346;2;Cádiz;tablet;online;0,05;331,55;6;0
12347;12;Huelva;teclado;teléfono;0,1;22,5;4;0
12348;6;Jaén;tablet;online;0,0;349,0;8;0
12349;4;Málaga;ratón;online;0,0;12,5;15;0
12350;2;Cádiz;monitor;teléfono;0,0;180,0;3;0
12351;12;Cádiz;monitor;tienda;0,0;180,0;3;1
12352;5;Cádiz;monitor;teléfono;0,0;180,0;6;0
12353;2;Málaga;tablet;tienda;0,05;331,55;4;0
12354;6;Córdoba;portátil;online;0,05;854,9;6;0
12355;5;Granada;ratón;online;0,1;11,25;19;0
12356;5;Sevilla;impresora;online;0,05;142,4;7;0
12357;4;Granada;portátil;online;0,1;809,91;4;0
12358;6;Jaén;ratón;tienda;0,05;11,88;15;0
12359;2;Córdoba;monitor;tienda;0,2;144,0;4;0
12360;9;Jaén;impresora;online;0,0;149,9;7;0
12361;2;Granada;portátil;tienda;0,0;899,9;3;0
12362;2;Cádiz;ratón;tienda;0,0;12,5;8;0
12363;7;Huelva;tablet;tienda;0,05;331,55;5;1
12364;9;Málaga;portátil;online;0,0;899,9;2;0
12365;12;Huelva;teclado;tienda;0,05;23,75;6;0
12366;3;Huelva;portátil;tienda;0,05;854,9;2;0
12367;10;Jaén;ratón;online;0,0;12,5;12;0
12368;4;Granada;portátil;teléfono;0,05;854,9;3;0
12369;8;Córdoba;ratón;online;0,05;11,88;19;1
12370;6;Huelva;monitor;online;0,0;180,0;4;0
12371;5;Málaga;teclado;online;0,0;25,0;17;1
12372;5;Málaga;tablet;tienda;0,1;314,1;6;0
12373;7;Huelva;impresora;tienda;0,1;134,91;9;0
12374;1;Málaga;teclado;online;0,0;25,0;5;1
12375;7;Málaga;tablet;tienda;0,1;314,1;7;1
12376;7;Córdoba;teclado;online;0,2;20,0;23;0
12377;11;Huelva;ratón;teléfono;0,0;12,5;7;0
12378;3;Huelva;teclado;online;0,1;22,5;12;1
12379;10;Huelva;portátil;tienda;0,0;899,9;2;0
12380;5;Málaga;impresora;online;0,0;149,9;4;1
12381;1;Córdoba;teclado;online;0,05;23,75;4;1
12382;4;Almería;teclado;online;0,1;22,5;9;0
12383;11;Huelva;teclado;online;0,0;25,0;10;0
12384;10;Sevilla;tablet;tienda;0,0;349,0;3;0
12385;10;Jaén;tablet;tienda;0,1;314,1;3;0
12386;2;Cádiz;monitor;online;0,1;162,0;5;0
12387;7;Granada;portátil;tienda;0,05;854,9;2;0
12388;12;Huelva;ratón;online;0,1;11,25;10;1
12389;6;Sevilla;portátil;teléfono;0,05;854,9;4;0
12390;7;Córdoba;portátil;tienda;0,05;854,9;3;0
12391;6;Jaén;tablet;online;0,05;331,55;9;0
12392;1;Cádiz;tablet;online;0,05;331,55;5;1
12393;12;Jaén;teclado;online;0,1;22,5;8;0
12394;6;Huelva;tablet;tienda;0,0;349,0;6;1
12395;11;Almería;monitor;tienda;0,0;180,0;3;0
12396;7;Huelva;teclado;tienda;0,0;25,0;16;0
12397;8;Sevilla;portátil;teléfono;0,2;719,92;5;1
12398;5;Córdoba;tablet;tienda;0,2;279,2;7;0
12399;9;Cádiz;portátil;tienda;0,0;899,9;4;0
12400;10;Cádiz;impresora;tienda;0,0;149,9;3;0
12401;1;Granada;teclado;tienda;0,0;25,0;5;0
12402;9;Córdoba;monitor;tienda;0,05;171,0;3;0
12403;4;Granada;teclado;online;0,0;25,0;9;0
12404;12;Jaén;ratón;online;0,0;12,5;8;0
12405;8;Huelva;impresora;tienda;0,0;149,9;3;0
12406;2;Huelva;impresora;tienda;0,0;149,9;3;0
12407;7;Huelva;ratón;tienda;0,0;12,5;14;1
12408;1;Córdoba;impresora;online;0,0;149,9;3;1
12409;6;Almería;monitor;tienda;0,2;144,0;7;0
12410;12;Málaga;portátil;tienda;0,2;719,92;3;0
12411;4;Sevilla;tablet;online;0,0;349,0;5;0
12412;4;Sevilla;impresora;online;0,0;149,9;7;0
12413;9;Granada;portátil;online;0,0;899,9;4;0
12414;11;Jaén;impresora;online;0,0;149,9;2;1
12415;3;Sevilla;tablet;online;0,0;349,0;3;0
12416;8;Cádiz;tablet;online;0,2;279,2;9;0
12417;12;Cádiz;monitor;tienda;0,0;180,0;5;0
12418;10;Jaén;tablet;tienda;0,0;349,0;3;0
12419;12;Jaén;tablet;online;0,0;349,0;4;1
12420;12;Málaga;tablet;tienda;0,0;349,0;2;0
12421;4;Huelva;impresora;tienda;0,0;149,9;6;0
12422;4;Jaén;ratón;tienda;0,2;10,0;23;0
12423;5;Jaén;impresora;online;0,05;142,4;5;0
12424;6;Málaga;teclado;tienda;0,0;25,0;15;0
12425;12;Granada;ratón;tienda;0,0;12,5;8;0
12426;2;Granada;impresora;online;0,1;134,91;4;0
12427;2;Granada;portátil;tienda;0,0;899,9;3;0
12428;2;Málaga;monitor;tienda;0,0;180,0;6;0
12429;2;Huelva;portátil;online;0,0;899,9;3;0
12430;1;Jaén;tablet;online;0,1;314,1;3;0
12431;10;Cádiz;monitor;tienda;0,0;180,0;3;0
12432;5;Córdoba;portátil;tienda;0,0;899,9;4;0
12433;2;Málaga;portátil;tienda;0,0;899,9;2;0
12434;11;Cádiz;tablet;online;0,05;331,55;3;0
12435;10;Jaén;monitor;tienda;0,0;180,0;2;0
12436;2;Sevilla;impresora;online;0,1;134,91;8;0
12437;1;Granada;impresora;tienda;0,05;142,4;3;0
12438;12;Sevilla;teclado;teléfono;0,05;23,75;7;0
12439;4;Huelva;monitor;tienda;0,0;180,0;5;0
12440;7;Cádiz;impresora;online;0,0;149,9;6;0
12441;3;Granada;monitor;online;0,0;180,0;5;0
12442;1;Granada;ratón;teléfono;0,0;12,5;6;0
12443;6;Sevilla;tablet;tienda;0,0;349,0;4;0
12444;6;Cádiz;impresora;online;0,0;149,9;8;0
12445;5;Córdoba;tablet;online;0,0;349,0;7;0
12446;5;Granada;ratón;tienda;0,0;12,5;12;1
12447;10;Jaén;monitor;tienda;0,0;180,0;5;0
12448;3;Jaén;monitor;online;0,0;180,0;6;1
12449;12;Huelva;ratón;tienda;0,1;11,25;11;0
12450;7;Huelva;impresora;tienda;0,0;149,9;6;1
12451;7;Málaga;ratón;online;0,05;11,88;10;0
12452;3;Almería;teclado;online;0,2;20,0;22;0
12453;10;Málaga;tablet;online;0,0;349,0;5;0
12454;8;Almería;portátil;teléfono;0,1;809,91;3;0
12455;6;Almería;portátil;online;0,05;854,9;9;0
12456;12;Sevilla;teclado;tienda;0,0;25,0;5;0
12457;5;Jaén;tablet;online;0,0;349,0;7;0
12458;8;Huelva;impresora;tienda;0,0;149,9;7;0
12459;2;Jaén;portátil;online;0,0;899,9;4;1
12460;11;Jaén;portátil;tienda;0,0;899,9;2;0
12461;12;Huelva;ratón;teléfono;0,0;12,5;5;0
12462;9;Sevilla;tablet;tienda;0,0;349,0;3;0
12463;5;Córdoba;impresora;tienda;0,0;149,9;6;0
12464;4;Málaga;teclado;teléfono;0,0;25,0;6;0
12465;12;Sevilla;monitor;online;0,0;180,0;3;0
12466;9;Jaén;monitor;online;0,0;180,0;4;0
12467;2;Málaga;tablet;teléfono;0,1;314,1;2;0
12468;5;Almería;ratón;tienda;0,05;11,88;13;0
12469;10;Málaga;teclado;online;0,1;22,5;12;0
12470;10;Sevilla;ratón;teléfono;0,0;12,5;5;0
12471;11;Málaga;monitor;tienda;0,05;171,0;3;0
12472;10;Jaén;ratón;online;0,2;10,0;12;1
12473;2;Málaga;ratón;tienda;0,2;10,0;8;0
12474;11;Almería;portátil;online;0,0;899,9;3;1
12475;11;Jaén;monitor;tienda;0,0;180,0;3;0
12476;7;Almería;tablet;tienda;0,05;331,55;4;0
12477;6;Granada;teclado;tienda;0,0;25,0;15;0
12478;11;Málaga;portátil;online;0,0;899,9;2;0
12479;7;Cádiz;ratón;tienda;0,1;11,25;16;1
12480;12;Jaén;teclado;tienda;0,0;25,0;6;1
12481;2;Huelva;tablet;tienda;0,0;349,0;4;0
12482;3;Almería;portátil;tienda;0,0;899,9;2;0
12483;6;Sevilla;tablet;online;0,05;331,55;9;0
12484;3;Granada;impresora;teléfono;0,0;149,9;5;0
12485;12;Jaén;impresora;online;0,0;149,9;4;1
12486;12;Jaén;portátil;online;0,0;899,9;3;0
12487;10;Granada;teclado;tienda;0,1;22,5;13;0
12488;1;Granada;teclado;online;0,0;25,0;8;0
12489;10;Huelva;impresora;teléfono;0,0;149,9;3;0
12490;7;Jaén;impresora;teléfono;0,0;149,9;4;0
12491;9;Sevilla;impresora;tienda;0,0;149,9;4;0
12492;10;Almería;impresora;tienda;0,05;142,4;5;0
12493;4;Córdoba;teclado;tienda;0,1;22,5;15;1
12494;4;Granada;portátil;tienda;0,0;899,9;3;0
12495;12;Almería;portátil;teléfono;0,05;854,9;2;0
12496;2;Málaga;monitor;tienda;0,0;180,0;4;0
12497;1;Almería;teclado;online;0,0;25,0;8;0
12498;2;Málaga;ratón;teléfono;0,1;11,25;12;0
12499;12;Granada;tablet;teléfono;0,1;314,1;4;0
12500;6;Córdoba;monitor;online;0,1;162,0;12;0
12501;4;Sevilla;ratón;tienda;0,0;12,5;16;1
12502;12;Almería;teclado;online;0,0;25,0;8;0
12503;3;Cádiz;monitor;tienda;0,1;162,0;10;0
12504;2;Huelva;monitor;tienda;0,0;180,0;5;0
12505;5;Cádiz;impresora;online;0,1;134,91;8;0
12506;7;Málaga;teclado;tienda;0,0;25,0;11;0
12507;10;Jaén;ratón;tienda;0,0;12,5;5;0
12508;8;Huelva;teclado;teléfono;0,0;25,0;10;0
12509;11;Cádiz;portátil;tienda;0,0;899,9;1;0
12510;8;Almería;monitor;online;0,05;171,0;7;0
12511;3;Huelva;tablet;tienda;0,2;279,2;5;0
12512;9;Jaén;impresora;online;0,0;149,9;6;0
12513;6;Granada;ratón;tienda;0,0;12,5;9;0
12514;11;Cádiz;ratón;online;0,0;12,5;9;0
12515;7;Cádiz;teclado;online;0,0;25,0;15;0
12516;6;Cádiz;impresora;teléfono;0,0;149,9;4;0
12517;5;Sevilla;ratón;tienda;0,1;11,25;17;0
12518;3;Almería;ratón;online;0,0;12,5;13;0
12519;1;Huelva;ratón;online;0,0;12,5;13;1
12520;4;Almería;ratón;online;0,1;11,25;20;0
12521;2;Jaén;impresora;teléfono;0,1;134,91;4;0
12522;5;Granada;ratón;online;0,0;12,5;19;0
12523;8;Cádiz;tablet;online;0,05;331,55;6;1
12524;11;Córdoba;teclado;tienda;0,05;23,75;8;0
12525;1;Málaga;monitor;online;0,0;180,0;7;0
12526;9;Sevilla;portátil;teléfono;0,0;899,9;2;0
12527;5;Cádiz;teclado;online;0,05;23,75;21;1
12528;11;Jaén;ratón;online;0,05;11,88;5;0
12529;8;Málaga;portátil;online;0,0;899,9;5;0
12530;12;Sevilla;impresora;online;0,0;149,9;4;0
12531;10;Granada;teclado;online;0,0;25,0;11;1
12532;8;Málaga;impresora;tienda;0,2;119,92;8;0
12533;7;Sevilla;tablet;tienda;0,05;331,55;9;0
12534;7;Jaén;portátil;online;0,0;899,9;4;0
12535;9;Málaga;teclado;teléfono;0,0;25,0;6;0
12536;5;Huelva;portátil;tienda;0,0;899,9;3;0
12537;6;Granada;tablet;online;0,0;349,0;5;0
12538;8;Córdoba;teclado;teléfono;0,0;25,0;10;0
12539;11;Jaén;monitor;online;0,0;180,0;3;0
12540;8;Málaga;tablet;tienda;0,1;314,1;6;1
12541;3;Granada;ratón;online;0,0;12,5;16;0
12542;12;Córdoba;portátil;tienda;0,0;899,9;1;0
12543;7;Cádiz;portátil;online;0,05;854,9;6;0
12544;1;Sevilla;portátil;online;0,05;854,9;1;1
12545;4;Sevilla;portátil;online;0,0;899,9;4;0
12546;7;Sevilla;teclado;tienda;0,05;23,75;10;1
12547;12;Jaén;teclado;online;0,2;20,0;11;0
12548;2;Almería;teclado;tienda;0,0;25,0;8;0
12549;4;Sevilla;impresora;online;0,1;134,91;7;0
12550;3;Huelva;ratón;tienda;0,0;12,5;9;0
12551;5;Huelva;tablet;teléfono;0,0;349,0;4;1
12552;6;Almería;monitor;online;0,0;180,0;11;0
12553;3;Sevilla;monitor;tienda;0,0;180,0;6;0
12554;1;Málaga;monitor;online;0,0;180,0;2;0
12555;4;Málaga;monitor;tienda;0,05;171,0;5;0
12556;1;Almería;tablet;tienda;0,05;331,55;3;0
12557;7;Jaén;portátil;online;0,2;719,92;7;0
12558;1;Córdoba;portátil;online;0,1;809,91;3;0
12559;7;Almería;ratón;tienda;0,0;12,5;13;0
12560;6;Cádiz;portátil;tienda;0,05;854,9;4;0
12561;2;Huelva;impresora;online;0,0;149,9;4;1
12562;1;Sevilla;portátil;tienda;0,0;899,9;2;0
12563;2;Almería;ratón;tienda;0,0;12,5;10;0
12564;2;Jaén;teclado;online;0,0;25,0;10;1
12565;2;Sevilla;tablet;tienda;0,0;349,0;4;0
12566;7;Málaga;impresora;online;0,0;149,9;7;0
12567;11;Granada;teclado;online;0,05;23,75;6;1
12568;3;Córdoba;ratón;tienda;0,2;10,0;16;1
12569;6;Córdoba;tablet;tienda;0,05;331,55;9;0
12570;6;Cádiz;teclado;teléfono;0,0;25,0;13;0
12571;6;Cádiz;teclado;online;0,0;25,0;15;1
12572;4;Sevilla;teclado;tienda;0,0;25,0;10;0
12573;2;Cádiz;tablet;teléfono;0,2;279,2;4;0
12574;3;Málaga;impresora;online;0,05;142,4;4;0
12575;3;Jaén;monitor;tienda;0,05;171,0;6;0
12576;4;Cádiz;monitor;online;0,0;180,0;7;0
12577;2;Almería;tablet;online;0,1;314,1;5;0
12578;9;Huelva;teclado;tienda;0,0;25,0;7;0
12579;2;Almería;monitor;online;0,0;180,0;4;0
12580;1;Cádiz;portátil;online;0,0;899,9;3;0
12581;3;Sevilla;teclado;tienda;0,05;23,75;8;0
12582;2;Granada;ratón;tienda;0,1;11,25;14;0
12583;11;Sevilla;monitor;online;0,0;180,0;4;0
12584;7;Jaén;tablet;tienda;0,0;349,0;5;0
12585;9;Almería;teclado;online;0,1;22,5;21;0
12586;12;Almería;monitor;tienda;0,05;171,0;3;0
12587;6;Jaén;monitor;tienda;0,1;162,0;10;0
12588;12;Córdoba;teclado;teléfono;0,0;25,0;3;0
12589;9;Córdoba;ratón;tienda;0,0;12,5;12;0
12590;5;Córdoba;ratón;online;0,0;12,5;17;0
12591;11;Almería;ratón;online;0,0;12,5;9;0
12592;6;Jaén;teclado;online;0,0;25,0;14;0
12593;7;Almería;monitor;online;0,05;171,0;12;0
12594;7;Granada;impresora;online;0,05;142,4;9;1
12595;7;Huelva;tablet;teléfono;0,0;349,0;4;0
12596;10;Sevilla;impresora;online;0,1;134,91;8;0
12597;4;Málaga;ratón;online;0,05;11,88;19;1
12598;9;Málaga;tablet;teléfono;0,05;331,55;3;0
12599;12;Almería;impresora;online;0,0;149,9;6;1
12600;11;Granada;monitor;online;0,0;180,0;5;0
12601;3;Huelva;impresora;tienda;0,0;149,9;4;1
12602;11;Córdoba;ratón;tienda;0,2;10,0;9;0
12603;1;Sevilla;impresora;tienda;0,0;149,9;2;0
12604;6;Sevilla;impresora;tienda;0,0;149,9;9;0
12605;6;Sevilla;impresora;online;0,0;149,9;8;0
12606;12;Sevilla;impresora;tienda;0,1;134,91;3;0
12607;12;Córdoba;impresora;online;0,05;142,4;6;0
12608;1;Cádiz;tablet;tienda;0,05;331,55;4;0
12609;11;Almería;impresora;online;0,0;149,9;4;1
12610;12;Huelva;impresora;tienda;0,05;142,4;4;0
12611;8;Cádiz;impresora;online;0,05;142,4;6;1
12612;12;Málaga;ratón;tienda;0,05;11,88;9;0
12613;5;Cádiz;teclado;teléfono;0,0;25,0;9;0
12614;7;Granada;monitor;online;0,0;180,0;6;0
12615;12;Málaga;portátil;tienda;0,0;899,9;2;0
12616;2;Huelva;tablet;online;0,0;349,0;4;0
12617;10;Huelva;impresora;tienda;0,0;149,9;3;0
12618;10;Córdoba;ratón;online;0,1;11,25;16;1
12619;10;Málaga;monitor;tienda;0,0;180,0;4;0
12620;12;Sevilla;monitor;teléfono;0,1;162,0;4;0
12621;11;Huelva;impresora;tienda;0,0;149,9;3;0
12622;10;Cádiz;portátil;online;0,0;899,9;2;0
12623;6;Huelva;impresora;tienda;0,0;149,9;6;0
12624;5;Huelva;monitor;tienda;0,0;180,0;8;0
12625;10;Cádiz;ratón;teléfono;0,1;11,25;6;0
12626;11;Córdoba;impresora;tienda;0,1;134,91;6;0
12627;2;Almería;monitor;teléfono;0,0;180,0;4;0
12628;4;Sevilla;portátil;online;0,0;899,9;5;0
12629;11;Cádiz;ratón;online;0,0;12,5;5;0
12630;9;Almería;impresora;tienda;0,05;142,4;4;0
12631;3;Málaga;impresora;online;0,0;149,9;4;0
12632;1;Córdoba;teclado;online;0,1;22,5;11;0
12633;8;Huelva;monitor;tienda;0,0;180,0;5;0
12634;6;Almería;monitor;teléfono;0,0;180,0;3;0
12635;5;Huelva;impresora;online;0,0;149,9;8;0
12636;1;Córdoba;ratón;online;0,0;12,5;8;0
12637;10;Córdoba;tablet;tienda;0,0;349,0;3;0
12638;3;Huelva;tablet;online;0,05;331,55;7;0
12639;6;Jaén;impresora;online;0,0;149,9;6;0
12640;5;Jaén;monitor;tienda;0,0;180,0;9;0
12641;8;Málaga;teclado;tienda;0,0;25,0;9;0
12642;2;Málaga;ratón;tienda;0,1;11,25;15;0
12643;6;Cádiz;impresora;teléfono;0,0;149,9;3;0
12644;2;Jaén;impresora;tienda;0,1;134,91;4;0
12645;7;Málaga;monitor;tienda;0,1;162,0;8;0
12646;3;Huelva;impresora;tienda;0,2;119,92;6;0
12647;2;Huelva;tablet;tienda;0,0;349,0;5;0
12648;10;Sevilla;tablet;tienda;0,0;349,0;3;0
12649;5;Sevilla;impresora;tienda;0,0;149,9;4;0
12650;11;Sevilla;portátil;tienda;0,1;809,91;3;0
12651;2;Jaén;ratón;online;0,05;11,88;10;1
12652;1;Córdoba;portátil;teléfono;0,2;719,92;1;0
12653;11;Almería;portátil;teléfono;0,05;854,9;2;0
12654;11;Málaga;monitor;tienda;0,2;144,0;5;0
12655;9;Almería;impresora;online;0,05;142,4;5;0
12656;12;Málaga;ratón;online;0,1;11,25;13;0
12657;5;Jaén;ratón;tienda;0,05;11,88;20;0
12658;10;Cádiz;portátil;teléfono;0,05;854,9;2;0
12659;2;Córdoba;monitor;teléfono;0,05;171,0;4;0
12660;3;Málaga;portátil;tienda;0,1;809,91;4;0
12661;5;Cádiz;impresora;teléfono;0,0;149,9;5;0
12662;11;Sevilla;teclado;online;0,2;20,0;13;0
12663;1;Málaga;tablet;tienda;0,0;349,0;4;0
12664;6;Huelva;portátil;tienda;0,0;899,9;6;0
12665;9;Málaga;impresora;online;0,0;149,9;2;0
12666;1;Córdoba;ratón;online;0,0;12,5;15;0
12667;2;Jaén;ratón;tienda;0,2;10,0;18;0
12668;9;Huelva;tablet;online;0,05;331,55;5;0
12669;11;Córdoba;monitor;online;0,0;180,0;4;0
12670;11;Granada;teclado;online;0,05;23,75;12;0
12671;1;Almería;ratón;tienda;0,05;11,88;7;0
12672;7;Huelva;tablet;tienda;0,0;349,0;4;0
12673;12;Málaga;ratón;tienda;0,1;11,25;4;0
12674;4;Jaén;ratón;online;0,0;12,5;11;0
12675;4;Jaén;ratón;online;0,1;11,25;26;1
12676;4;Huelva;monitor;tienda;0,0;180,0;5;0
12677;10;Huelva;portátil;tienda;0,05;854,9;2;0
12678;5;Granada;tablet;tienda;0,0;349,0;7;0
12679;5;Granada;monitor;tienda;0,05;171,0;8;0
12680;10;Cádiz;teclado;tienda;0,0;25,0;5;0
12681;9;Sevilla;monitor;online;0,0;180,0;7;0
12682;12;Huelva;tablet;tienda;0,0;349,0;2;0
12683;4;Córdoba;portátil;tienda;0,0;899,9;3;0
12684;8;Granada;teclado;online;0,1;22,5;19;1
12685;5;Sevilla;teclado;online;0,1;22,5;11;1
12686;3;Almería;ratón;online;0,05;11,88;13;0
12687;1;Jaén;teclado;online;0,05;23,75;9;0
12688;7;Sevilla;monitor;teléfono;0,2;144,0;7;0
12689;4;Cádiz;tablet;online;0,0;349,0;6;0
12690;9;Almería;tablet;tienda;0,05;331,55;4;0
12691;9;Sevilla;ratón;teléfono;0,0;12,5;10;0
12692;3;Córdoba;tablet;online;0,0;349,0;4;1
12693;12;Cádiz;teclado;online;0,1;22,5;13;1
12694;12;Huelva;ratón;teléfono;0,1;11,25;7;0
12695;1;Cádiz;portátil;teléfono;0,05;854,9;2;0
12696;2;Granada;ratón;online;0,0;12,5;11;0
12697;4;Jaén;monitor;tienda;0,0;180,0;5;0
12698;2;Cádiz;impresora;online;0,0;149,9;7;1
12699;8;Huelva;monitor;online;0,0;180,0;5;0
12700;11;Sevilla;monitor;tienda;0,0;180,0;1;0
12701;1;Málaga;portátil;tienda;0,0;899,9;2;0
12702;4;Málaga;portátil;tienda;0,0;899,9;5;1
12703;1;Málaga;monitor;online;0,05;171,0;5;1
12704;2;Málaga;monitor;teléfono;0,0;180,0;2;0
12705;6;Jaén;teclado;tienda;0,0;25,0;12;0
12706;9;Almería;portátil;online;0,0;899,9;3;0
12707;3;Granada;monitor;online;0,0;180,0;7;0
12708;5;Sevilla;impresora;online;0,1;134,91;9;0
12709;5;Cádiz;monitor;online;0,05;171,0;9;1
12710;7;Jaén;impresora;teléfono;0,0;149,9;5;0
12711;12;Huelva;tablet;teléfono;0,2;279,2;3;1
12712;11;Granada;portátil;online;0,1;809,91;2;0
12713;9;Granada;teclado;tienda;0,2;20,0;8;0
12714;2;Almería;portátil;teléfono;0,05;854,9;3;0
12715;12;Córdoba;teclado;online;0,1;22,5;12;0
12716;2;Málaga;teclado;teléfono;0,0;25,0;6;0
12717;10;Jaén;tablet;tienda;0,0;349,0;2;0
12718;11;Huelva;teclado;online;0,2;20,0;6;0
12719;3;Córdoba;tablet;teléfono;0,0;349,0;4;1
12720;12;Jaén;ratón;tienda;0,1;11,25;11;1
12721;2;Almería;tablet;online;0,1;314,1;5;0
12722;6;Almería;monitor;tienda;0,0;180,0;4;0
12723;5;Granada;ratón;tienda;0,0;12,5;15;0
12724;2;Cádiz;portátil;tienda;0,0;899,9;2;0
12725;8;Granada;portátil;online;0,0;899,9;3;1
12726;9;Córdoba;tablet;online;0,0;349,0;5;0
12727;10;Sevilla;impresora;online;0,0;149,9;4;0
12728;1;Huelva;portátil;online;0,05;854,9;2;0
12729;12;Sevilla;ratón;online;0,0;12,5;9;0
12730;2;Cádiz;portátil;tienda;0,05;854,9;3;0
12731;3;Sevilla;impresora;online;0,0;149,9;5;0
12732;6;Granada;portátil;teléfono;0,0;899,9;2;0
12733;2;Málaga;monitor;online;0,0;180,0;5;0
12734;4;Cádiz;tablet;teléfono;0,0;349,0;4;1
12735;2;Granada;portátil;online;0,0;899,9;3;1
12736;7;Córdoba;portátil;teléfono;0,0;899,9;3;0
12737;9;Sevilla;impresora;online;0,0;149,9;4;1
12738;4;Almería;portátil;teléfono;0,1;809,91;5;0
12739;5;Cádiz;monitor;online;0,0;180,0;10;0
12740;9;Cádiz;impresora;online;0,0;149,9;4;0
12741;7;Cádiz;impresora;tienda;0,0;149,9;3;0
12742;2;Granada;portátil;teléfono;0,0;899,9;2;1
12743;8;Huelva;tablet;tienda;0,0;349,0;5;0
12744;9;Jaén;impresora;teléfono;0,0;149,9;3;0
12745;2;Córdoba;monitor;online;0,0;180,0;8;0
12746;3;Córdoba;ratón;online;0,05;11,88;19;0
12747;9;Málaga;ratón;tienda;0,0;12,5;9;0
12748;5;Jaén;teclado;teléfono;0,2;20,0;21;0
12749;6;Huelva;teclado;online;0,05;23,75;14;0
12750;12;Cádiz;teclado;online;0,0;25,0;7;1
12751;4;Cádiz;tablet;online;0,05;331,55;4;0
12752;12;Cádiz;portátil;tienda;0,1;809,91;2;0
12753;7;Sevilla;ratón;online;0,1;11,25;27;0
12754;2;Cádiz;ratón;online;0,0;12,5;11;0
12755;7;Granada;tablet;tienda;0,0;349,0;5;0
12756;3;Almería;tablet;online;0,0;349,0;5;0
12757;10;Córdoba;monitor;online;0,1;162,0;9;0
12758;2;Málaga;teclado;tienda;0,0;25,0;4;1
12759;9;Cádiz;portátil;tienda;0,0;899,9;4;0
12760;2;Córdoba;teclado;teléfono;0,0;25,0;3;0
12761;10;Granada;teclado;tienda;0,0;25,0;9;0
12762;7;Málaga;tablet;online;0,2;279,2;12;0
12763;5;Sevilla;tablet;tienda;0,0;349,0;6;0
12764;7;Huelva;teclado;tienda;0,05;23,75;16;0
12765;6;Cádiz;impresora;online;0,0;149,9;8;0
12766;8;Huelva;ratón;online;0,0;12,5;14;0
12767;11;Córdoba;monitor;online;0,0;180,0;5;0
12768;4;Granada;ratón;teléfono;0,0;12,5;8;0
12769;3;Cádiz;teclado;online;0,0;25,0;17;0
12770;3;Cádiz;impresora;tienda;0,1;134,91;4;0
12771;1;Jaén;impresora;online;0,1;134,91;5;1
12772;3;Sevilla;portátil;online;0,05;854,9;4;0
12773;5;Jaén;monitor;online;0,1;162,0;8;1
12774;11;Málaga;teclado;teléfono;0,0;25,0;5;0
12775;10;Málaga;tablet;teléfono;0,0;349,0;3;0
12776;10;Cádiz;ratón;online;0,0;12,5;7;0
12777;5;Córdoba;impresora;tienda;0,0;149,9;6;0
12778;3;Málaga;portátil;online;0,0;899,9;3;0
12779;12;Cádiz;ratón;online;0,0;12,5;4;0
12780;11;Huelva;impresora;tienda;0,2;119,92;5;0
12781;5;Granada;portátil;online;0,0;899,9;4;0
12782;12;Jaén;tablet;online;0,05;331,55;3;0
12783;9;Córdoba;ratón;online;0,0;12,5;15;0
12784;4;Córdoba;portátil;online;0,0;899,9;6;0
12785;2;Granada;portátil;tienda;0,0;899,9;3;0
12786;1;Córdoba;portátil;teléfono;0,0;899,9;2;0
12787;6;Jaén;monitor;tienda;0,1;162,0;9;0
12788;6;Córdoba;tablet;tienda;0,05;331,55;9;0
12789;4;Sevilla;impresora;online;0,0;149,9;4;0
12790;1;Almería;tablet;online;0,2;279,2;6;1
12791;5;Jaén;tablet;tienda;0,05;331,55;5;0
12792;2;Cádiz;teclado;online;0,05;23,75;7;1
12793;9;Almería;monitor;online;0,05;171,0;7;1
12794;9;Málaga;ratón;tienda;0,2;10,0;15;0
12795;5;Almería;tablet;tienda;0,0;349,0;3;0
12796;11;Almería;impresora;tienda;0,0;149,9;3;0
12797;4;Granada;ratón;online;0,05;11,88;15;1
12798;4;Granada;impresora;tienda;0,2;119,92;11;0
12799;1;Málaga;tablet;tienda;0,05;331,55;4;0
12800;9;Jaén;impresora;online;0,1;134,91;8;0
12801;5;Cádiz;tablet;tienda;0,05;331,55;5;0
12802;6;Cádiz;monitor;online;0,2;144,0;10;0
12803;2;Córdoba;tablet;online;0,0;349,0;5;1
12804;10;Jaén;ratón;online;0,0;12,5;10;1
12805;7;Cádiz;tablet;tienda;0,0;349,0;4;0
12806;2;Huelva;monitor;tienda;0,0;180,0;2;0
12807;1;Jaén;portátil;online;0,0;899,9;3;0
12808;5;Jaén;impresora;tienda;0,2;119,92;13;0
12809;3;Cádiz;teclado;online;0,0;25,0;14;0
12810;2;Sevilla;ratón;online;0,1;11,25;12;1
12811;9;Sevilla;portátil;online;0,0;899,9;4;1
12812;1;Córdoba;impresora;tienda;0,2;119,92;4;0
12813;12;Almería;monitor;tienda;0,0;180,0;3;0
12814;2;Málaga;portátil;online;0,0;899,9;3;0
12815;12;Almería;monitor;tienda;0,0;180,0;4;0
12816;11;Sevilla;portátil;online;0,05;854,9;2;0
12817;7;Huelva;teclado;tienda;0,0;25,0;12;0
12818;11;Huelva;ratón;online;0,0;12,5;9;0
12819;1;Córdoba;monitor;tienda;0,1;162,0;4;0
12820;10;Granada;monitor;tienda;0,1;162,0;5;0
12821;4;Córdoba;monitor;tienda;0,0;180,0;4;0
12822;5;Granada;portátil;online;0,0;899,9;4;0
12823;1;Almería;impresora;online;0,0;149,9;5;1
12824;4;Sevilla;ratón;tienda;0,0;12,5;10;1
12825;2;Granada;portátil;online;0,0;899,9;2;0
12826;4;Málaga;teclado;online;0,0;25,0;13;0
12827;10;Málaga;teclado;tienda;0,0;25,0;7;0
12828;10;Almería;tablet;online;0,1;314,1;5;0
12829;12;Córdoba;ratón;teléfono;0,05;11,88;6;1
12830;4;Huelva;tablet;online;0,05;331,55;4;0
12831;3;Jaén;monitor;tienda;0,1;162,0;6;0
12832;6;Córdoba;portátil;online;0,0;899,9;4;0
12833;8;Cádiz;teclado;online;0,1;22,5;20;0
12834;9;Almería;monitor;tienda;0,2;144,0;7;0
12835;10;Jaén;teclado;online;0,1;22,5;10;0
12836;6;Huelva;impresora;online;0,05;142,4;5;0
12837;7;Málaga;impresora;online;0,0;149,9;11;1
12838;11;Granada;tablet;online;0,0;349,0;4;0
12839;5;Almería;portátil;teléfono;0,0;899,9;3;0
12840;7;Granada;monitor;online;0,05;171,0;8;0
12841;2;Huelva;portátil;online;0,0;899,9;3;0
12842;12;Huelva;monitor;teléfono;0,0;180,0;2;0
12843;4;Jaén;teclado;teléfono;0,0;25,0;10;1
12844;10;Granada;monitor;online;0,0;180,0;6;0
12845;5;Almería;tablet;teléfono;0,0;349,0;5;1
12846;8;Sevilla;portátil;tienda;0,0;899,9;3;0
12847;7;Jaén;impresora;tienda;0,0;149,9;4;0
12848;8;Huelva;portátil;online;0,1;809,91;5;1
12849;9;Huelva;ratón;online;0,0;12,5;15;0
12850;10;Sevilla;ratón;tienda;0,1;11,25;10;0
12851;12;Córdoba;impresora;online;0,05;142,4;3;0
12852;3;Huelva;portátil;tienda;0,0;899,9;2;0
12853;2;Sevilla;tablet;online;0,1;314,1;6;1
12854;3;Jaén;impresora;tienda;0,0;149,9;5;0
12855;9;Málaga;impresora;online;0,0;149,9;8;1
12856;6;Sevilla;tablet;teléfono;0,05;331,55;7;0
12857;8;Cádiz;impresora;tienda;0,0;149,9;7;1
12858;9;Málaga;portátil;online;0,0;899,9;3;0
12859;10;Almería;impresora;teléfono;0,0;149,9;2;0
12860;10;Huelva;monitor;online;0,0;180,0;5;0
12861;1;Málaga;portátil;tienda;0,0;899,9;3;0
12862;7;Córdoba;portátil;tienda;0,0;899,9;5;0
12863;5;Granada;impresora;teléfono;0,1;134,91;7;0
12864;4;Sevilla;teclado;tienda;0,1;22,5;12;0
12865;4;Huelva;ratón;tienda;0,0;12,5;16;0
12866;1;Sevilla;ratón;teléfono;0,0;12,5;6;0
12867;8;Cádiz;portátil;teléfono;0,05;854,9;4;0
12868;3;Almería;impresora;tienda;0,0;149,9;3;0
12869;4;Jaén;portátil;tienda;0,0;899,9;3;0
12870;8;Cádiz;portátil;tienda;0,2;719,92;8;0
12871;4;Córdoba;portátil;online;0,0;899,9;4;0
12872;12;Granada;teclado;tienda;0,0;25,0;7;0
12873;9;Málaga;teclado;tienda;0,05;23,75;9;0
12874;7;Cádiz;tablet;tienda;0,2;279,2;9;0
12875;6;Sevilla;portátil;tienda;0,0;899,9;4;0
12876;6;Jaén;impresora;teléfono;0,0;149,9;4;0
12877;4;Granada;teclado;online;0,05;23,75;22;1
12878;6;Huelva;impresora;online;0,05;142,4;5;0
12879;4;Granada;portátil;online;0,0;899,9;5;0
12880;1;Granada;teclado;teléfono;0,0;25,0;4;0
12881;5;Jaén;portátil;online;0,05;854,9;5;0
12882;7;Huelva;teclado;online;0,0;25,0;16;1
12883;12;Sevilla;portátil;tienda;0,0;899,9;2;0
12884;10;Jaén;teclado;tienda;0,2;20,0;10;0
12885;1;Granada;portátil;tienda;0,0;899,9;2;0
12886;11;Almería;teclado;online;0,0;25,0;10;0
12887;10;Málaga;impresora;online;0,05;142,4;7;0
12888;3;Granada;portátil;online;0,0;899,9;4;0
12889;6;Sevilla;ratón;online;0,1;11,25;22;1
12890;5;Málaga;ratón;online;0,05;11,88;20;0
12891;10;Cádiz;ratón;online;0,0;12,5;12;0
12892;6;Almería;portátil;teléfono;0,0;899,9;3;0
12893;7;Córdoba;impresora;online;0,05;142,4;9;0
12894;11;Cádiz;tablet;online;0,2;279,2;2;0
12895;12;Córdoba;ratón;tienda;0,0;12,5;7;0
12896;7;Granada;portátil;online;0,0;899,9;4;0
12897;6;Córdoba;impresora;teléfono;0,0;149,9;6;0
12898;10;Sevilla;monitor;tienda;0,0;180,0;5;0
12899;4;Sevilla;ratón;tienda;0,05;11,88;13;0
12900;5;Córdoba;monitor;online;0,0;180,0;10;0
12901;2;Almería;teclado;teléfono;0,0;25,0;3;0
12902;12;Córdoba;portátil;teléfono;0,0;899,9;2;0
12903;10;Jaén;tablet;online;0,0;349,0;3;0
12904;9;Granada;impresora;tienda;0,2;119,92;10;0
12905;3;Granada;teclado;online;0,2;20,0;20;0
12906;12;Sevilla;tablet;tienda;0,05;331,55;2;0
12907;4;Málaga;monitor;teléfono;0,2;144,0;8;0
12908;5;Sevilla;portátil;online;0,0;899,9;4;0
12909;7;Granada;portátil;tienda;0,1;809,91;4;0
12910;5;Málaga;portátil;online;0,2;719,92;10;0
12911;5;Sevilla;impresora;online;0,0;149,9;6;1
12912;5;Granada;ratón;online;0,0;12,5;16;0
12913;8;Almería;teclado;online;0,05;23,75;15;0
12914;4;Almería;monitor;tienda;0,0;180,0;4;0
12915;2;Córdoba;impresora;online;0,0;149,9;4;1
12916;2;Málaga;teclado;tienda;0,2;20,0;11;0
12917;7;Jaén;teclado;tienda;0,0;25,0;14;0
12918;8;Jaén;monitor;tienda;0,05;171,0;4;0
12919;3;Córdoba;portátil;online;0,0;899,9;5;1
12920;1;Cádiz;ratón;teléfono;0,0;12,5;7;0
12921;11;Almería;ratón;teléfono;0,05;11,88;8;0
12922;8;Huelva;tablet;online;0,0;349,0;9;0
12923;7;Cádiz;portátil;online;0,0;899,9;4;0
12924;1;Granada;impresora;tienda;0,0;149,9;4;0
12925;8;Almería;tablet;online;0,05;331,55;7;0
12926;3;Huelva;tablet;online;0,0;349,0;6;0
12927;9;Granada;teclado;online;0,0;25,0;11;0
12928;8;Jaén;teclado;online;0,0;25,0;9;0
12929;4;Granada;tablet;tienda;0,0;349,0;6;0
12930;3;Granada;teclado;online;0,0;25,0;12;1
12931;11;Málaga;portátil;tienda;0,0;899,9;3;0
12932;3;Huelva;monitor;tienda;0,1;162,0;7;0
12933;10;Málaga;portátil;tienda;0,1;809,91;4;0
12934;8;Granada;portátil;teléfono;0,0;899,9;4;1
12935;5;Jaén;portátil;tienda;0,0;899,9;4;0
12936;5;Jaén;tablet;teléfono;0,0;349,0;6;0
12937;11;Granada;impresora;online;0,05;142,4;4;0
12938;3;Málaga;teclado;teléfono;0,0;25,0;10;0
12939;2;Córdoba;monitor;online;0,0;180,0;4;0
12940;6;Almería;tablet;online;0,0;349,0;7;0
12941;5;Sevilla;ratón;online;0,0;12,5;16;0
12942;2;Almería;teclado;teléfono;0,05;23,75;9;0
12943;6;Córdoba;teclado;online;0,05;23,75;15;1
12944;9;Cádiz;impresora;tienda;0,1;134,91;5;0
12945;2;Almería;monitor;online;0,05;171,0;7;0
12946;10;Málaga;teclado;teléfono;0,0;25,0;5;0
12947;12;Jaén;portátil;tienda;0,0;899,9;2;0
12948;5;Almería;ratón;tienda;0,0;12,5;16;0
12949;4;Málaga;ratón;online;0,0;12,5;18;0
12950;11;Málaga;monitor;tienda;0,05;171,0;4;0
12951;8;Huelva;teclado;online;0,1;22,5;19;0
12952;4;Córdoba;portátil;tienda;0,0;899,9;3;0
12953;9;Almería;impresora;online;0,0;149,9;5;1
12954;2;Cádiz;impresora;tienda;0,0;149,9;4;0
12955;12;Sevilla;tablet;online;0,1;314,1;3;0
12956;9;Córdoba;monitor;online;0,05;171,0;4;1
12957;5;Sevilla;tablet;tienda;0,1;314,1;6;0
12958;1;Málaga;monitor;tienda;0,05;171,0;4;0
12959;4;Cádiz;portátil;tienda;0,0;899,9;4;0
12960;5;Cádiz;monitor;teléfono;0,05;171,0;4;0
12961;5;Huelva;teclado;tienda;0,0;25,0;4;0
12962;1;Granada;ratón;teléfono;0,0;12,5;3;0
12963;1;Almería;portátil;tienda;0,05;854,9;2;0
12964;6;Huelva;impresora;online;0,05;142,4;10;0
12965;8;Huelva;impresora;online;0,05;142,4;4;0
12966;4;Huelva;teclado;tienda;0,0;25,0;13;0
12967;1;Jaén;monitor;tienda;0,0;180,0;3;0
12968;1;Granada;ratón;online;0,1;11,25;11;1
12969;8;Sevilla;teclado;tienda;0,0;25,0;6;0
12970;7;Jaén;ratón;tienda;0,05;11,88;20;0
12971;3;Córdoba;monitor;online;0,2;144,0;7;0
12972;5;Granada;monitor;tienda;0,0;180,0;7;0
12973;3;Sevilla;portátil;online;0,0;899,9;5;0
12974;11;Sevilla;ratón;tienda;0,05;11,88;9;0
12975;4;Almería;impresora;online;0,0;149,9;8;0
12976;3;Huelva;impresora;teléfono;0,0;149,9;5;0
12977;9;Almería;ratón;tienda;0,0;12,5;7;0
12978;12;Córdoba;portátil;tienda;0,0;899,9;2;0
12979;5;Huelva;teclado;tienda;0,0;25,0;15;1
12980;12;Huelva;teclado;online;0,0;25,0;4;0
12981;12;Huelva;tablet;online;0,0;349,0;3;0
12982;5;Almería;monitor;teléfono;0,0;180,0;4;0
12983;6;Málaga;teclado;online;0,05;23,75;16;0
12984;2;Sevilla;teclado;teléfono;0,0;25,0;7;0
12985;1;Málaga;impresora;online;0,0;149,9;4;0
12986;12;Málaga;impresora;tienda;0,05;142,4;4;0
12987;7;Jaén;tablet;teléfono;0,0;349,0;5;0
12988;12;Málaga;monitor;tienda;0,05;171,0;4;0
12989;9;Jaén;portátil;teléfono;0,0;899,9;2;0
12990;2;Córdoba;ratón;tienda;0,05;11,88;10;1
12991;3;Granada;teclado;teléfono;0,2;20,0;12;0
12992;3;Sevilla;impresora;tienda;0,0;149,9;2;0
12993;1;Granada;portátil;online;0,05;854,9;2;0
12994;12;Granada;ratón;teléfono;0,1;11,25;7;0
12995;10;Cádiz;teclado;online;0,0;25,0;12;1
12996;5;Huelva;ratón;online;0,1;11,25;25;0
12997;11;Almería;teclado;tienda;0,0;25,0;7;0
12998;2;Granada;portátil;tienda;0,05;854,9;2;0
12999;1;Huelva;tablet;online;0,0;349,0;4;1
13000;8;Almería;portátil;teléfono;0,0;899,9;3;0
13001;12;Almería;monitor;online;0,0;180,0;6;1
13002;8;Málaga;tablet;tienda;0,1;314,1;4;0
13003;8;Málaga;ratón;online;0,1;11,25;21;0
13004;1;Granada;ratón;tienda;0,05;11,88;6;0
13005;2;Almería;teclado;teléfono;0,1;22,5;8;0
13006;11;Málaga;teclado;tienda;0,05;23,75;7;0
13007;1;Córdoba;tablet;online;0,2;279,2;7;1
13008;6;Córdoba;ratón;online;0,05;11,88;16;0
13009;12;Granada;tablet;online;0,0;349,0;3;0
13010;11;Jaén;teclado;teléfono;0,0;25,0;6;0
13011;8;Granada;portátil;tienda;0,2;719,92;4;0
13012;4;Córdoba;ratón;tienda;0,0;12,5;9;0
13013;12;Almería;tablet;tienda;0,1;314,1;4;0
13014;10;Córdoba;tablet;online;0,0;349,0;3;0
13015;4;Sevilla;portátil;tienda;0,0;899,9;2;0
13016;6;Jaén;tablet;tienda;0,0;349,0;6;0
13017;4;Málaga;ratón;tienda;0,0;12,5;14;0
13018;9;Jaén;portátil;teléfono;0,2;719,92;3;0
13019;3;Córdoba;portátil;tienda;0,1;809,91;3;0
13020;10;Córdoba;ratón;tienda;0,0;12,5;9;0
13021;5;Málaga;portátil;tienda;0,0;899,9;2;0
13022;2;Almería;impresora;online;0,0;149,9;4;0
13023;8;Almería;impresora;online;0,2;119,92;11;0
13024;2;Almería;monitor;online;0,2;144,0;8;0
13025;11;Almería;impresora;tienda;0,2;119,92;6;0
13026;9;Granada;monitor;tienda;0,1;162,0;6;0
13027;2;Granada;teclado;tienda;0,0;25,0;7;0
13028;2;Málaga;portátil;teléfono;0,0;899,9;2;0
13029;8;Jaén;monitor;tienda;0,0;180,0;5;0
13030;5;Málaga;tablet;tienda;0,0;349,0;4;0
13031;3;Málaga;monitor;online;0,0;180,0;9;0
13032;2;Granada;monitor;online;0,0;180,0;7;0
13033;2;Huelva;monitor;tienda;0,0;180,0;5;0
13034;9;Almería;monitor;online;0,1;162,0;11;0
13035;9;Almería;teclado;online;0,0;25,0;8;0
13036;11;Huelva;teclado;online;0,0;25,0;7;0
13037;1;Málaga;portátil;online;0,05;854,9;3;0
13038;12;Cádiz;impresora;teléfono;0,1;134,91;2;0
13039;3;Granada;monitor;tienda;0,1;162,0;5;0
13040;5;Huelva;teclado;tienda;0,0;25,0;15;0
13041;2;Granada;portátil;tienda;0,0;899,9;3;0
13042;6;Córdoba;teclado;tienda;0,0;25,0;14;1
13043;6;Málaga;portátil;online;0,2;719,92;7;1
13044;11;Málaga;monitor;teléfono;0,0;180,0;2;0
13045;3;Jaén;impresora;tienda;0,1;134,91;3;0
13046;10;Almería;portátil;teléfono;0,0;899,9;2;0
13047;8;Sevilla;tablet;online;0,0;349,0;5;0
13048;1;Cádiz;tablet;tienda;0,05;331,55;2;0
13049;5;Córdoba;tablet;tienda;0,0;349,0;7;0
13050;11;Jaén;portátil;tienda;0,0;899,9;2;0
13051;11;Sevilla;tablet;teléfono;0,1;314,1;2;0
13052;5;Jaén;impresora;tienda;0,0;149,9;7;0
13053;8;Granada;monitor;online;0,0;180,0;7;0
13054;6;Málaga;tablet;tienda;0,05;331,55;4;0
13055;12;Almería;ratón;tienda;0,0;12,5;8;0
13056;4;Almería;impresora;tienda;0,05;142,4;6;0
13057;11;Jaén;impresora;tienda;0,0;149,9;4;0
13058;8;Huelva;monitor;online;0,0;180,0;9;0
13059;11;Córdoba;impresora;online;0,05;142,4;5;1
13060;1;Córdoba;teclado;teléfono;0,0;25,0;4;0
13061;7;Huelva;teclado;tienda;0,1;22,5;11;0
13062;5;Granada;portátil;tienda;0,1;809,91;3;0
13063;12;Jaén;impresora;tienda;0,0;149,9;4;0
13064;11;Sevilla;portátil;teléfono;0,2;719,92;2;0
13065;3;Jaén;tablet;tienda;0,0;349,0;5;0
13066;7;Córdoba;impresora;tienda;0,05;142,4;6;0
13067;5;Sevilla;monitor;online;0,1;162,0;11;1
13068;8;Córdoba;portátil;tienda;0,0;899,9;3;0
13069;5;Málaga;ratón;teléfono;0,0;12,5;14;0
13070;8;Almería;impresora;tienda;0,0;149,9;3;0
13071;2;Granada;monitor;online;0,2;144,0;9;1
13072;4;Málaga;tablet;tienda;0,0;349,0;5;0
13073;7;Córdoba;monitor;tienda;0,05;171,0;7;0
13074;2;Cádiz;teclado;online;0,0;25,0;8;0
13075;11;Huelva;teclado;online;0,0;25,0;6;0
13076;9;Almería;teclado;online;0,05;23,75;20;0
13077;7;Almería;ratón;tienda;0,05;11,88;18;0
13078;6;Córdoba;portátil;online;0,1;809,91;5;0
13079;5;Granada;portátil;online;0,1;809,91;6;1
13080;3;Cádiz;monitor;online;0,0;180,0;9;0
13081;8;Cádiz;monitor;teléfono;0,0;180,0;4;1
13082;2;Málaga;tablet;tienda;0,0;349,0;4;0
13083;3;Sevilla;teclado;online;0,05;23,75;15;0
13084;3;Sevilla;tablet;tienda;0,0;349,0;6;0
13085;12;Huelva;monitor;online;0,0;180,0;5;0
13086;3;Sevilla;portátil;tienda;0,2;719,92;4;0
13087;10;Almería;tablet;tienda;0,0;349,0;3;0
13088;11;Granada;teclado;online;0,0;25,0;6;0
13089;10;Jaén;monitor;online;0,0;180,0;4;0
13090;4;Jaén;ratón;tienda;0,2;10,0;23;0
13091;1;Granada;ratón;online;0,0;12,5;8;1
13092;9;Granada;teclado;online;0,0;25,0;15;0
13093;11;Córdoba;tablet;tienda;0,1;314,1;3;0
13094;3;Sevilla;impresora;online;0,05;142,4;5;1
13095;9;Sevilla;impresora;tienda;0,1;134,91;6;0
13096;8;Granada;monitor;tienda;0,0;180,0;4;0
13097;12;Sevilla;monitor;online;0,0;180,0;5;1
13098;5;Granada;teclado;tienda;0,0;25,0;12;0
13099;1;Cádiz;monitor;online;0,05;171,0;4;0
13100;2;Córdoba;teclado;tienda;0,0;25,0;5;0
13101;2;Huelva;monitor;online;0,0;180,0;4;1
13102;9;Córdoba;impresora;tienda;0,05;142,4;5;0
13103;3;Granada;teclado;online;0,05;23,75;11;1
13104;3;Granada;ratón;tienda;0,1;11,25;6;0
13105;10;Cádiz;monitor;teléfono;0,0;180,0;5;0
13106;7;Huelva;monitor;tienda;0,0;180,0;6;0
13107;10;Almería;tablet;online;0,1;314,1;6;0
13108;3;Cádiz;teclado;tienda;0,05;23,75;9;0
13109;5;Almería;teclado;online;0,0;25,0;23;0
13110;8;Córdoba;impresora;online;0,05;142,4;9;0
13111;1;Jaén;portátil;tienda;0,0;899,9;2;0
13112;5;Cádiz;portátil;tienda;0,1;809,91;6;0
13113;10;Cádiz;monitor;teléfono;0,05;171,0;4;0
13114;4;Jaén;monitor;tienda;0,05;171,0;6;0
13115;10;Córdoba;monitor;online;0,1;162,0;5;0
13116;4;Córdoba;portátil;online;0,0;899,9;3;1
13117;3;Granada;tablet;online;0,0;349,0;6;0
13118;9;Granada;ratón;tienda;0,2;10,0;9;0
13119;7;Sevilla;portátil;online;0,2;719,92;8;0
13120;11;Málaga;tablet;online;0,0;349,0;2;1
13121;8;Granada;portátil;online;0,0;899,9;2;1
13122;1;Cádiz;monitor;tienda;0,0;180,0;3;0
13123;1;Granada;ratón;tienda;0,05;11,88;8;0
13124;1;Cádiz;tablet;tienda;0,0;349,0;2;0
13125;1;Almería;portátil;tienda;0,05;854,9;2;0
13126;2;Málaga;portátil;teléfono;0,05;854,9;1;0
13127;9;Jaén;tablet;online;0,0;349,0;4;0
13128;8;Almería;impresora;online;0,0;149,9;9;0
13129;4;Granada;monitor;tienda;0,2;144,0;11;0
13130;12;Almería;ratón;tienda;0,05;11,88;9;0
13131;10;Almería;ratón;online;0,05;11,88;16;0
13132;5;Huelva;portátil;online;0,0;899,9;5;0
13133;11;Jaén;teclado;online;0,1;22,5;6;0
13134;11;Málaga;portátil;tienda;0,0;899,9;1;0
13135;4;Sevilla;portátil;online;0,2;719,92;7;1
13136;7;Almería;monitor;tienda;0,2;144,0;11;0
13137;6;Huelva;tablet;tienda;0,05;331,55;5;0
13138;1;Cádiz;ratón;tienda;0,2;10,0;12;0
13139;4;Granada;portátil;tienda;0,0;899,9;4;0
13140;5;Granada;impresora;teléfono;0,0;149,9;5;0
13141;4;Almería;tablet;online;0,0;349,0;6;0
13142;3;Córdoba;portátil;online;0,0;899,9;5;0
13143;11;Córdoba;impresora;tienda;0,0;149,9;4;0
13144;12;Cádiz;impresora;online;0,05;142,4;3;0
13145;2;Jaén;monitor;tienda;0,0;180,0;3;0
13146;9;Huelva;teclado;tienda;0,1;22,5;10;0
13147;7;Almería;teclado;tienda;0,0;25,0;9;0
13148;3;Jaén;ratón;online;0,1;11,25;9;1
13149;11;Huelva;tablet;online;0,0;349,0;5;0
13150;5;Almería;tablet;online;0,05;331,55;10;1
13151;1;Huelva;monitor;tienda;0,05;171,0;4;0
13152;4;Sevilla;monitor;online;0,2;144,0;10;0
13153;7;Granada;ratón;teléfono;0,1;11,25;21;0
13154;11;Cádiz;monitor;tienda;0,1;162,0;5;0
13155;4;Jaén;portátil;tienda;0,0;899,9;2;0
13156;5;Málaga;teclado;teléfono;0,1;22,5;10;0
13157;4;Almería;monitor;tienda;0,0;180,0;7;0
13158;3;Córdoba;tablet;tienda;0,05;331,55;2;0
13159;11;Jaén;monitor;tienda;0,0;180,0;4;0
13160;3;Almería;impresora;online;0,0;149,9;4;1
13161;10;Córdoba;tablet;online;0,0;349,0;5;0
13162;11;Sevilla;tablet;tienda;0,0;349,0;3;0
13163;7;Huelva;ratón;tienda;0,0;12,5;14;0
13164;9;Córdoba;impresora;online;0,05;142,4;7;0
13165;12;Huelva;tablet;online;0,0;349,0;4;0
13166;12;Málaga;impresora;tienda;0,0;149,9;3;0
13167;1;Jaén;impresora;teléfono;0,0;149,9;2;0
13168;5;Sevilla;tablet;tienda;0,0;349,0;4;0
13169;2;Málaga;impresora;tienda;0,1;134,91;5;0
13170;10;Jaén;portátil;online;0,0;899,9;3;0
13171;7;Cádiz;portátil;teléfono;0,0;899,9;2;0
13172;1;Almería;tablet;online;0,2;279,2;7;0
13173;9;Sevilla;ratón;online;0,1;11,25;18;0
13174;7;Cádiz;portátil;online;0,1;809,91;7;0
13175;4;Almería;teclado;online;0,0;25,0;13;1
13176;11;Sevilla;ratón;teléfono;0,2;10,0;8;0
13177;10;Cádiz;monitor;tienda;0,0;180,0;3;0
13178;9;Cádiz;impresora;teléfono;0,0;149,9;4;0
13179;8;Almería;tablet;tienda;0,0;349,0;6;0
13180;7;Córdoba;monitor;online;0,1;162,0;10;0
13181;7;Sevilla;ratón;online;0,1;11,25;24;1
13182;7;Sevilla;teclado;online;0,05;23,75;15;0
13183;11;Córdoba;teclado;tienda;0,1;22,5;8;0
13184;11;Sevilla;ratón;teléfono;0,05;11,88;7;0
13185;3;Granada;monitor;online;0,0;180,0;5;0
13186;9;Almería;teclado;tienda;0,0;25,0;14;1
13187;5;Sevilla;tablet;tienda;0,0;349,0;6;0
13188;4;Jaén;monitor;teléfono;0,1;162,0;6;0
13189;8;Granada;impresora;teléfono;0,0;149,9;4;1
13190;6;Córdoba;portátil;tienda;0,0;899,9;4;0
13191;12;Sevilla;tablet;online;0,0;349,0;2;0
13192;11;Córdoba;tablet;tienda;0,0;349,0;2;0
13193;7;Huelva;tablet;teléfono;0,05;331,55;5;0
13194;2;Sevilla;ratón;tienda;0,1;11,25;9;0
13195;1;Granada;portátil;online;0,05;854,9;4;0
13196;2;Huelva;monitor;tienda;0,0;180,0;3;0
13197;5;Huelva;monitor;teléfono;0,0;180,0;4;0
13198;4;Granada;monitor;online;0,0;180,0;10;1
13199;3;Almería;teclado;tienda;0,2;20,0;18;0
13200;3;Almería;teclado;online;0,05;23,75;17;0
13201;3;Jaén;tablet;teléfono;0,0;349,0;4;0
13202;1;Córdoba;monitor;tienda;0,0;180,0;3;0
13203;7;Málaga;portátil;teléfono;0,0;899,9;3;0
13204;7;Cádiz;teclado;online;0,2;20,0;33;1
13205;3;Sevilla;monitor;tienda;0,0;180,0;5;0
13206;7;Jaén;impresora;online;0,05;142,4;11;0
13207;11;Sevilla;impresora;online;0,1;134,91;4;0
13208;3;Granada;ratón;online;0,05;11,88;12;0
13209;7;Almería;portátil;teléfono;0,1;809,91;3;0
13210;12;Jaén;tablet;tienda;0,2;279,2;4;0
13211;8;Almería;tablet;online;0,1;314,1;11;1
13212;1;Almería;ratón;teléfono;0,1;11,25;9;0
13213;11;Almería;teclado;tienda;0,05;23,75;8;0
13214;2;Jaén;tablet;tienda;0,05;331,55;5;0
13215;11;Huelva;impresora;online;0,0;149,9;4;0
13216;11;Córdoba;monitor;online;0,0;180,0;3;0
13217;5;Granada;portátil;tienda;0,0;899,9;3;0
13218;10;Almería;teclado;teléfono;0,0;25,0;5;1
13219;9;Cádiz;tablet;online;0,05;331,55;4;1
13220;9;Jaén;teclado;online;0,1;22,5;12;0
13221;5;Cádiz;impresora;teléfono;0,0;149,9;4;0
13222;3;Cádiz;teclado;teléfono;0,0;25,0;10;0
13223;5;Huelva;tablet;tienda;0,0;349,0;7;0
13224;12;Jaén;tablet;teléfono;0,0;349,0;1;0
13225;2;Granada;teclado;online;0,0;25,0;9;0
13226;12;Málaga;tablet;teléfono;0,0;349,0;2;0
13227;10;Granada;impresora;tienda;0,05;142,4;4;0
13228;4;Cádiz;tablet;online;0,2;279,2;9;0
13229;1;Granada;tablet;tienda;0,0;349,0;3;0
13230;8;Córdoba;ratón;tienda;0,05;11,88;16;0
13231;2;Málaga;tablet;teléfono;0,0;349,0;3;0
13232;5;Sevilla;tablet;tienda;0,0;349,0;5;0
13233;9;Jaén;monitor;online;0,1;162,0;10;0
13234;6;Córdoba;impresora;online;0,0;149,9;6;0
13235;4;Sevilla;tablet;tienda;0,0;349,0;6;0
13236;4;Almería;teclado;tienda;0,2;20,0;18;0
13237;5;Málaga;impresora;tienda;0,0;149,9;4;0
13238;12;Jaén;ratón;online;0,05;11,88;13;1
13239;8;Huelva;ratón;online;0,0;12,5;7;1
13240;3;Sevilla;monitor;tienda;0,1;162,0;7;0
13241;9;Málaga;teclado;tienda;0,1;22,5;14;0
13242;6;Granada;impresora;online;0,0;149,9;5;0
13243;9;Almería;impresora;online;0,0;149,9;3;1
13244;8;Almería;teclado;teléfono;0,0;25,0;6;0
13245;7;Málaga;portátil;online;0,1;809,91;9;0
13246;5;Sevilla;monitor;online;0,1;162,0;10;0
13247;10;Almería;monitor;online;0,05;171,0;7;0
13248;9;Sevilla;ratón;tienda;0,0;12,5;12;0
13249;5;Cádiz;impresora;online;0,1;134,91;9;1
13250;4;Granada;portátil;online;0,0;899,9;5;0
13251;11;Almería;ratón;online;0,1;11,25;13;0
13252;4;Almería;ratón;tienda;0,0;12,5;15;1
13253;10;Jaén;portátil;tienda;0,0;899,9;2;0
13254;8;Sevilla;impresora;online;0,0;149,9;7;0
13255;7;Sevilla;ratón;online;0,0;12,5;21;1
13256;9;Almería;monitor;online;0,0;180,0;5;0
13257;3;Jaén;impresora;online;0,0;149,9;3;1
13258;9;Huelva;portátil;teléfono;0,05;854,9;3;0
13259;12;Almería;impresora;online;0,0;149,9;2;0
13260;10;Granada;portátil;tienda;0,0;899,9;3;0
13261;7;Jaén;monitor;online;0,05;171,0;8;0
13262;6;Jaén;teclado;tienda;0,0;25,0;12;0
13263;9;Córdoba;monitor;online;0,0;180,0;7;0
13264;4;Cádiz;monitor;tienda;0,0;180,0;5;0
13265;9;Sevilla;monitor;online;0,0;180,0;3;0
13266;6;Cádiz;portátil;online;0,0;899,9;6;0
13267;6;Jaén;monitor;online;0,0;180,0;12;1
13268;12;Córdoba;portátil;online;0,2;719,92;5;1
13269;12;Córdoba;monitor;tienda;0,05;171,0;4;0
13270;1;Almería;monitor;online;0,2;144,0;5;0
13271;2;Almería;monitor;tienda;0,0;180,0;5;0
13272;5;Granada;impresora;online;0,05;142,4;5;0
13273;12;Málaga;tablet;online;0,0;349,0;4;0
13274;4;Almería;tablet;teléfono;0,0;349,0;3;0
13275;12;Sevilla;ratón;tienda;0,2;10,0;9;0
13276;1;Granada;ratón;tienda;0,0;12,5;10;0
13277;8;Sevilla;monitor;online;0,1;162,0;8;0
13278;4;Málaga;tablet;tienda;0,0;349,0;6;0
13279;9;Granada;impresora;tienda;0,2;119,92;7;0
13280;12;Granada;ratón;teléfono;0,1;11,25;4;0
13281;1;Jaén;teclado;tienda;0,0;25,0;5;0
13282;3;Málaga;impresora;online;0,0;149,9;4;0
13283;1;Granada;portátil;tienda;0,05;854,9;3;0
13284;5;Sevilla;ratón;online;0,0;12,5;28;0
13285;5;Málaga;ratón;tienda;0,0;12,5;19;0
13286;9;Almería;teclado;online;0,2;20,0;18;0
13287;8;Almería;portátil;online;0,05;854,9;6;0
13288;4;Granada;portátil;online;0,2;719,92;6;0
13289;7;Cádiz;portátil;online;0,1;809,91;6;0
13290;11;Huelva;teclado;teléfono;0,05;23,75;5;0
13291;11;Málaga;tablet;tienda;0,2;279,2;4;0
13292;2;Jaén;ratón;online;0,0;12,5;11;0
13293;11;Jaén;monitor;tienda;0,0;180,0;3;0
13294;4;Córdoba;ratón;tienda;0,0;12,5;17;1
13295;9;Jaén;ratón;online;0,05;11,88;15;0
13296;2;Córdoba;ratón;tienda;0,05;11,88;13;0
13297;4;Almería;teclado;tienda;0,0;25,0;11;0
13298;8;Málaga;tablet;teléfono;0,0;349,0;4;1
13299;4;Córdoba;impresora;tienda;0,2;119,92;8;0
13300;4;Málaga;monitor;tienda;0,05;171,0;9;1
13301;4;Huelva;portátil;teléfono;0,1;809,91;4;0
13302;1;Jaén;impresora;online;0,0;149,9;4;0
13303;12;Almería;impresora;tienda;0,1;134,91;4;0
13304;12;Granada;impresora;online;0,0;149,9;4;0
13305;7;Córdoba;tablet;online;0,05;331,55;6;0
13306;2;Cádiz;ratón;teléfono;0,0;12,5;6;0
13307;4;Málaga;impresora;online;0,0;149,9;6;0
13308;9;Almería;ratón;online;0,0;12,5;12;0
13309;5;Córdoba;monitor;teléfono;0,0;180,0;4;0
13310;7;Almería;teclado;online;0,2;20,0;22;1
13311;6;Cádiz;monitor;tienda;0,0;180,0;4;0
13312;1;Málaga;portátil;online;0,2;719,92;4;1
13313;4;Málaga;portátil;tienda;0,0;899,9;4;0
13314;9;Málaga;portátil;online;0,2;719,92;5;1
13315;5;Jaén;impresora;online;0,0;149,9;10;0
13316;5;Huelva;impresora;tienda;0,05;142,4;8;0
13317;6;Jaén;monitor;teléfono;0,2;144,0;9;0
13318;6;Cádiz;monitor;tienda;0,0;180,0;7;0
13319;1;Huelva;monitor;tienda;0,0;180,0;5;0
13320;5;Almería;monitor;tienda;0,0;180,0;10;0
13321;8;Jaén;ratón;teléfono;0,0;12,5;16;0
13322;3;Cádiz;ratón;online;0,0;12,5;17;0
13323;2;Málaga;impresora;tienda;0,1;134,91;2;0
13324;4;Huelva;impresora;online;0,2;119,92;6;1
13325;12;Sevilla;ratón;online;0,0;12,5;11;0
13326;9;Almería;monitor;teléfono;0,0;180,0;4;0
13327;9;Córdoba;portátil;tienda;0,0;899,9;2;0
13328;2;Almería;monitor;online;0,0;180,0;7;0
13329;3;Jaén;monitor;online;0,05;171,0;5;0
13330;11;Granada;monitor;tienda;0,05;171,0;5;0
13331;1;Cádiz;ratón;online;0,0;12,5;7;1
13332;12;Málaga;ratón;teléfono;0,05;11,88;5;0
13333;1;Córdoba;teclado;online;0,0;25,0;6;0
13334;2;Córdoba;ratón;online;0,0;12,5;12;0
13335;2;Cádiz;monitor;tienda;0,05;171,0;6;0
13336;3;Jaén;monitor;tienda;0,0;180,0;5;0
13337;8;Almería;teclado;online;0,0;25,0;13;0
13338;12;Jaén;teclado;online;0,05;23,75;9;0
13339;5;Málaga;teclado;teléfono;0,05;23,75;11;0
13340;4;Cádiz;impresora;online;0,0;149,9;9;0
13341;12;Cádiz;portátil;tienda;0,0;899,9;2;0
13342;9;Huelva;teclado;online;0,1;22,5;12;0
13343;5;Córdoba;ratón;tienda;0,0;12,5;10;0
13344;7;Cádiz;portátil;online;0,1;809,91;6;0
13345;2;Málaga;impresora;tienda;0,0;149,9;5;0
13346;10;Córdoba;teclado;tienda;0,0;25,0;10;0
13347;4;Sevilla;monitor;tienda;0,0;180,0;5;0
13348;3;Málaga;impresora;teléfono;0,0;149,9;4;0
13349;9;Córdoba;tablet;tienda;0,0;349,0;6;0
13350;10;Málaga;teclado;tienda;0,0;25,0;9;0
13351;8;Cádiz;teclado;online;0,0;25,0;6;0
13352;8;Jaén;portátil;tienda;0,2;719,92;4;0
13353;1;Sevilla;monitor;online;0,0;180,0;3;0
13354;2;Córdoba;portátil;teléfono;0,05;854,9;2;0
13355;1;Huelva;ratón;online;0,1;11,25;13;0
13356;10;Jaén;monitor;online;0,05;171,0;6;0
13357;1;Córdoba;monitor;tienda;0,0;180,0;3;0
13358;6;Granada;teclado;tienda;0,2;20,0;24;0
13359;2;Málaga;monitor;tienda;0,05;171,0;5;0
13360;11;Sevilla;impresora;tienda;0,1;134,91;3;0
13361;3;Cádiz;tablet;online;0,05;331,55;5;1
13362;11;Granada;tablet;online;0,05;331,55;2;0
13363;7;Jaén;teclado;teléfono;0,0;25,0;14;0
13364;7;Sevilla;tablet;online;0,0;349,0;10;0
13365;2;Huelva;impresora;online;0,0;149,9;5;0
13366;9;Sevilla;teclado;tienda;0,0;25,0;8;0
13367;7;Jaén;monitor;teléfono;0,0;180,0;5;1
13368;1;Granada;monitor;tienda;0,0;180,0;4;0
13369;12;Sevilla;monitor;tienda;0,0;180,0;4;0
13370;4;Sevilla;portátil;tienda;0,0;899,9;1;0
13371;2;Jaén;ratón;online;0,05;11,88;18;1
13372;2;Cádiz;monitor;online;0,1;162,0;6;0
13373;9;Cádiz;tablet;tienda;0,05;331,55;6;1
13374;2;Málaga;tablet;online;0,05;331,55;4;0
13375;5;Jaén;tablet;tienda;0,05;331,55;4;0
13376;2;Jaén;monitor;teléfono;0,05;171,0;3;0
13377;2;Jaén;monitor;tienda;0,0;180,0;4;1
13378;7;Jaén;ratón;online;0,0;12,5;15;1
13379;2;Málaga;monitor;online;0,0;180,0;5;0
13380;7;Jaén;portátil;tienda;0,0;899,9;3;0
13381;5;Almería;monitor;online;0,05;171,0;10;0
13382;8;Huelva;teclado;online;0,0;25,0;14;1
13383;12;Huelva;teclado;tienda;0,1;22,5;10;0
13384;2;Jaén;impresora;online;0,0;149,9;3;0
13385;9;Córdoba;monitor;tienda;0,0;180,0;4;0
13386;11;Huelva;impresora;tienda;0,0;149,9;3;0
13387;9;Sevilla;monitor;online;0,0;180,0;6;0
13388;3;Granada;impresora;online;0,1;134,91;7;0
13389;3;Huelva;tablet;tienda;0,0;349,0;4;0
13390;1;Huelva;impresora;online;0,2;119,92;7;0
13391;7;Almería;monitor;online;0,2;144,0;16;0
13392;3;Cádiz;ratón;tienda;0,1;11,25;13;0
13393;1;Almería;impresora;online;0,05;142,4;5;0
13394;5;Sevilla;teclado;tienda;0,0;25,0;14;0
13395;8;Jaén;ratón;tienda;0,0;12,5;8;0
13396;9;Almería;impresora;online;0,2;119,92;8;0
13397;7;Huelva;portátil;online;0,05;854,9;3;0
13398;8;Almería;ratón;tienda;0,0;12,5;17;0
13399;8;Córdoba;tablet;online;0,0;349,0;7;0
13400;7;Sevilla;portátil;online;0,0;899,9;6;1
13401;8;Cádiz;monitor;online;0,05;171,0;8;1
13402;7;Huelva;impresora;teléfono;0,0;149,9;2;0
13403;6;Cádiz;teclado;tienda;0,0;25,0;15;0
13404;10;Jaén;teclado;online;0,0;25,0;13;0
13405;6;Huelva;teclado;online;0,0;25,0;18;0
13406;12;Córdoba;monitor;online;0,1;162,0;4;0
13407;2;Cádiz;portátil;online;0,0;899,9;4;1
13408;7;Sevilla;teclado;teléfono;0,05;23,75;10;0
13409;6;Córdoba;impresora;tienda;0,0;149,9;7;0
13410;7;Sevilla;tablet;tienda;0,0;349,0;6;0
13411;4;Jaén;monitor;online;0,05;171,0;10;0
13412;11;Almería;portátil;tienda;0,0;899,9;2;0
13413;10;Málaga;ratón;tienda;0,0;12,5;8;0
13414;5;Huelva;tablet;tienda;0,0;349,0;7;0
13415;4;Almería;monitor;tienda;0,2;144,0;9;0
13416;1;Sevilla;ratón;tienda;0,0;12,5;7;0
13417;9;Cádiz;ratón;tienda;0,0;12,5;11;0
13418;2;Córdoba;teclado;tienda;0,05;23,75;10;0
13419;6;Sevilla;impresora;tienda;0,1;134,91;9;0
13420;12;Cádiz;tablet;online;0,0;349,0;4;1
13421;8;Granada;monitor;online;0,0;180,0;10;0
13422;11;Sevilla;portátil;tienda;0,0;899,9;2;0
13423;6;Huelva;teclado;teléfono;0,05;23,75;11;0
13424;6;Málaga;ratón;teléfono;0,0;12,5;9;0
13425;12;Cádiz;ratón;teléfono;0,0;12,5;5;0
13426;1;Córdoba;teclado;tienda;0,0;25,0;10;0
13427;9;Sevilla;portátil;tienda;0,0;899,9;3;0
13428;9;Sevilla;teclado;online;0,0;25,0;6;0
13429;2;Jaén;ratón;online;0,1;11,25;16;0
13430;9;Cádiz;impresora;online;0,0;149,9;6;0
13431;4;Huelva;impresora;tienda;0,0;149,9;5;0
13432;9;Cádiz;monitor;teléfono;0,05;171,0;6;0
13433;3;Jaén;tablet;online;0,05;331,55;3;0
13434;6;Huelva;portátil;online;0,0;899,9;6;1
13435;10;Córdoba;ratón;online;0,0;12,5;14;0
13436;10;Jaén;teclado;tienda;0,0;25,0;7;0
13437;10;Almería;monitor;online;0,0;180,0;5;1
13438;2;Huelva;teclado;tienda;0,05;23,75;8;0
13439;2;Sevilla;portátil;tienda;0,0;899,9;2;0
13440;3;Granada;teclado;tienda;0,0;25,0;11;1
13441;8;Córdoba;impresora;tienda;0,05;142,4;7;0
13442;12;Cádiz;portátil;teléfono;0,2;719,92;2;0
13443;4;Jaén;tablet;online;0,1;314,1;7;0
13444;12;Granada;teclado;tienda;0,05;23,75;6;0
13445;9;Huelva;tablet;tienda;0,0;349,0;4;0
13446;9;Cádiz;ratón;tienda;0,0;12,5;13;0
13447;3;Huelva;teclado;tienda;0,0;25,0;11;0
13448;5;Cádiz;monitor;tienda;0,0;180,0;6;0
13449;12;Jaén;portátil;tienda;0,0;899,9;2;1
13450;1;Cádiz;ratón;tienda;0,0;12,5;6;0
13451;9;Jaén;ratón;tienda;0,0;12,5;8;1
13452;6;Málaga;teclado;teléfono;0,0;25,0;9;0
13453;2;Córdoba;ratón;tienda;0,1;11,25;8;0
13454;10;Sevilla;portátil;tienda;0,1;809,91;3;0
13455;3;Sevilla;portátil;online;0,05;854,9;5;1
13456;2;Cádiz;impresora;online;0,0;149,9;4;0
13457;7;Huelva;teclado;online;0,0;25,0;20;1
13458;10;Sevilla;teclado;online;0,0;25,0;8;0
13459;6;Granada;ratón;tienda;0,0;12,5;16;0
13460;6;Sevilla;ratón;tienda;0,1;11,25;26;0
13461;4;Sevilla;portátil;online;0,0;899,9;6;0
13462;10;Córdoba;ratón;online;0,0;12,5;10;0
13463;8;Córdoba;monitor;tienda;0,05;171,0;6;1
13464;1;Málaga;teclado;teléfono;0,05;23,75;5;0
13465;2;Córdoba;monitor;teléfono;0,2;144,0;8;0
13466;3;Málaga;tablet;tienda;0,1;314,1;5;0
13467;11;Sevilla;tablet;online;0,05;331,55;5;0
13468;7;Sevilla;teclado;teléfono;0,0;25,0;8;0
13469;12;Jaén;teclado;online;0,0;25,0;7;0
13470;10;Córdoba;teclado;online;0,05;23,75;9;0
13471;2;Sevilla;ratón;tienda;0,05;11,88;8;0
13472;1;Cádiz;monitor;tienda;0,05;171,0;3;0
13473;9;Huelva;teclado;online;0,0;25,0;16;0
13474;1;Jaén;tablet;tienda;0,1;314,1;3;0
13475;1;Huelva;teclado;tienda;0,1;22,5;11;1
13476;11;Sevilla;ratón;tienda;0,0;12,5;7;0
13477;11;Jaén;portátil;tienda;0,0;899,9;2;0
13478;7;Huelva;tablet;online;0,0;349,0;5;0
13479;11;Málaga;teclado;online;0,05;23,75;9;0
13480;8;Cádiz;portátil;tienda;0,0;899,9;5;0
13481;4;Cádiz;impresora;teléfono;0,2;119,92;8;0
13482;5;Sevilla;teclado;tienda;0,1;22,5;15;1
13483;11;Sevilla;tablet;online;0,0;349,0;4;0
13484;4;Huelva;ratón;online;0,0;12,5;11;1
13485;6;Cádiz;tablet;teléfono;0,0;349,0;4;0
13486;10;Málaga;teclado;online;0,0;25,0;10;1
13487;4;Córdoba;tablet;tienda;0,05;331,55;7;0
13488;8;Jaén;impresora;teléfono;0,0;149,9;5;0
13489;1;Almería;portátil;tienda;0,0;899,9;1;0
13490;12;Córdoba;impresora;tienda;0,2;119,92;5;0
13491;1;Sevilla;tablet;tienda;0,0;349,0;2;0
13492;3;Huelva;portátil;online;0,05;854,9;5;0
13493;11;Huelva;tablet;online;0,2;279,2;5;0
13494;9;Granada;portátil;tienda;0,0;899,9;3;0
13495;8;Granada;ratón;online;0,05;11,88;12;0
13496;3;Almería;monitor;tienda;0,0;180,0;6;0
13497;11;Sevilla;impresora;teléfono;0,05;142,4;2;0
13498;1;Jaén;teclado;online;0,0;25,0;10;0
13499;4;Jaén;portátil;tienda;0,0;899,9;4;0
13500;9;Jaén;impresora;online;0,05;142,4;5;0
13501;11;Huelva;portátil;online;0,0;899,9;1;0
13502;4;Málaga;impresora;tienda;0,0;149,9;6;0
13503;2;Málaga;impresora;tienda;0,0;149,9;4;0
13504;10;Huelva;portátil;online;0,1;809,91;3;0
13505;6;Huelva;teclado;online;0,0;25,0;18;1
13506;4;Málaga;portátil;teléfono;0,05;854,9;2;0
13507;1;Almería;impresora;tienda;0,0;149,9;3;1
13508;4;Huelva;monitor;tienda;0,0;180,0;9;0
13509;5;Almería;teclado;online;0,0;25,0;13;0
13510;12;Granada;impresora;online;0,2;119,92;7;0
13511;8;Jaén;teclado;tienda;0,05;23,75;11;0
13512;8;Almería;impresora;teléfono;0,05;142,4;6;0
13513;11;Málaga;tablet;tienda;0,0;349,0;2;0
13514;12;Huelva;teclado;tienda;0,05;23,75;9;0
13515;5;Almería;teclado;online;0,0;25,0;10;0
13516;2;Córdoba;teclado;tienda;0,0;25,0;12;1
13517;1;Sevilla;monitor;teléfono;0,0;180,0;3;0
13518;1;Sevilla;ratón;tienda;0,0;12,5;8;0
13519;5;Granada;teclado;tienda;0,0;25,0;11;0
13520;9;Granada;tablet;tienda;0,0;349,0;3;0
13521;6;Almería;monitor;online;0,0;180,0;10;0
13522;8;Sevilla;teclado;teléfono;0,0;25,0;8;0
13523;5;Huelva;impresora;teléfono;0,0;149,9;4;0
13524;3;Almería;impresora;online;0,05;142,4;5;1
13525;11;Málaga;impresora;online;0,05;142,4;6;0
13526;6;Córdoba;ratón;tienda;0,0;12,5;9;0
13527;11;Córdoba;portátil;tienda;0,0;899,9;1;0
13528;7;Jaén;ratón;online;0,0;12,5;25;0
13529;10;Jaén;teclado;online;0,0;25,0;2;0
13530;3;Cádiz;monitor;tienda;0,0;180,0;4;0
13531;7;Málaga;tablet;tienda;0,0;349,0;6;0
13532;1;Almería;ratón;teléfono;0,1;11,25;9;0
13533;1;Huelva;portátil;tienda;0,0;899,9;1;0
13534;9;Cádiz;portátil;tienda;0,0;899,9;3;0
13535;10;Córdoba;portátil;tienda;0,0;899,9;2;0
13536;2;Jaén;ratón;online;0,1;11,25;17;0
13537;12;Granada;monitor;tienda;0,0;180,0;4;0
13538;12;Córdoba;monitor;online;0,05;171,0;4;0
13539;7;Granada;impresora;teléfono;0,0;149,9;5;0
13540;2;Málaga;monitor;online;0,05;171,0;9;0
13541;9;Jaén;teclado;online;0,1;22,5;12;1
13542;4;Huelva;monitor;teléfono;0,05;171,0;7;0
13543;2;Granada;monitor;tienda;0,1;162,0;7;0
13544;12;Almería;tablet;tienda;0,1;314,1;3;0
13545;10;Málaga;monitor;online;0,05;171,0;7;0
13546;12;Córdoba;tablet;teléfono;0,0;349,0;2;0
13547;10;Córdoba;portátil;online;0,0;899,9;3;1
13548;8;Málaga;ratón;tienda;0,1;11,25;26;1
13549;3;Granada;ratón;online;0,2;10,0;23;0
13550;7;Córdoba;tablet;online;0,0;349,0;6;0
13551;3;Huelva;monitor;teléfono;0,0;180,0;5;0
13552;7;Sevilla;tablet;tienda;0,0;349,0;6;0
13553;8;Cádiz;ratón;teléfono;0,0;12,5;16;0
13554;3;Sevilla;tablet;tienda;0,1;314,1;6;0
13555;6;Cádiz;impresora;tienda;0,2;119,92;9;0
13556;5;Cádiz;impresora;online;0,0;149,9;6;0
13557;9;Cádiz;ratón;tienda;0,0;12,5;7;0
13558;2;Granada;ratón;online;0,1;11,25;8;1
13559;7;Huelva;monitor;online;0,05;171,0;9;0
13560;9;Cádiz;portátil;tienda;0,05;854,9;3;0
13561;10;Jaén;portátil;teléfono;0,1;809,91;2;0
13562;10;Granada;tablet;tienda;0,05;331,55;3;1
13563;10;Jaén;monitor;online;0,0;180,0;6;0
13564;7;Cádiz;portátil;tienda;0,05;854,9;5;0
13565;3;Málaga;teclado;online;0,1;22,5;15;0
13566;11;Cádiz;portátil;tienda;0,05;854,9;2;0
13567;9;Jaén;monitor;online;0,05;171,0;7;0
13568;10;Huelva;monitor;online;0,0;180,0;3;0
13569;4;Sevilla;portátil;tienda;0,0;899,9;4;0
13570;12;Málaga;portátil;online;0,2;719,92;2;0
13571;9;Sevilla;tablet;online;0,0;349,0;5;0
13572;11;Almería;ratón;tienda;0,0;12,5;6;0
13573;4;Huelva;ratón;online;0,1;11,25;20;0
13574;10;Sevilla;tablet;tienda;0,0;349,0;3;0
13575;7;Huelva;tablet;tienda;0,0;349,0;3;0
13576;12;Málaga;impresora;tienda;0,2;119,92;5;0
13577;12;Jaén;teclado;online;0,0;25,0;9;1
13578;12;Málaga;impresora;online;0,0;149,9;4;0
13579;10;Granada;monitor;online;0,05;171,0;5;0
13580;10;Cádiz;teclado;teléfono;0,1;22,5;6;0
13581;10;Málaga;ratón;online;0,1;11,25;13;0
13582;2;Granada;ratón;online;0,05;11,88;15;1
13583;1;Granada;teclado;online;0,1;22,5;8;0
13584;3;Jaén;ratón;online;0,1;11,25;19;1
13585;6;Córdoba;monitor;online;0,2;144,0;10;0
13586;6;Huelva;tablet;online;0,05;331,55;9;0
13587;5;Málaga;impresora;teléfono;0,1;134,91;7;0
13588;12;Almería;ratón;teléfono;0,1;11,25;9;0
13589;10;Jaén;impresora;teléfono;0,0;149,9;4;0
13590;5;Cádiz;teclado;online;0,0;25,0;15;0
13591;10;Málaga;tablet;teléfono;0,2;279,2;7;1
13592;5;Málaga;teclado;tienda;0,2;20,0;11;0
13593;1;Cádiz;impresora;online;0,0;149,9;2;0
13594;11;Cádiz;impresora;teléfono;0,0;149,9;2;0
13595;5;Huelva;ratón;online;0,1;11,25;29;0
13596;1;Granada;impresora;tienda;0,0;149,9;3;1
13597;7;Málaga;monitor;tienda;0,0;180,0;10;0
13598;11;Jaén;teclado;online;0,1;22,5;12;0
13599;8;Sevilla;impresora;tienda;0,1;134,91;6;0
13600;10;Granada;ratón;online;0,05;11,88;10;1
13601;5;Cádiz;tablet;tienda;0,0;349,0;7;0
13602;4;Cádiz;tablet;tienda;0,05;331,55;5;0
13603;2;Sevilla;portátil;online;0,05;854,9;3;1
13604;12;Sevilla;monitor;tienda;0,0;180,0;3;0
13605;8;Cádiz;impresora;tienda;0,1;134,91;5;1
13606;9;Sevilla;ratón;online;0,05;11,88;10;0
13607;11;Jaén;impresora;tienda;0,0;149,9;4;0
13608;11;Huelva;portátil;tienda;0,1;809,91;3;0
13609;5;Jaén;teclado;tienda;0,2;20,0;22;1
13610;11;Cádiz;ratón;online;0,0;12,5;10;1
13611;5;Córdoba;teclado;online;0,0;25,0;18;1
13612;12;Sevilla;impresora;tienda;0,0;149,9;2;0
13613;1;Córdoba;teclado;online;0,05;23,75;10;1
13614;12;Huelva;tablet;online;0,0;349,0;3;0
13615;5;Almería;ratón;online;0,0;12,5;12;0
13616;3;Sevilla;impresora;online;0,0;149,9;5;0
13617;1;Sevilla;monitor;online;0,0;180,0;4;0
13618;12;Cádiz;tablet;tienda;0,05;331,55;1;0
13619;11;Jaén;portátil;tienda;0,1;809,91;4;0
13620;2;Huelva;teclado;online;0,2;20,0;18;1
13621;12;Granada;impresora;online;0,2;119,92;5;0
13622;8;Granada;portátil;tienda;0,05;854,9;3;1
13623;2;Almería;tablet;tienda;0,0;349,0;4;0
13624;11;Málaga;monitor;online;0,0;180,0;6;0
13625;10;Almería;impresora;tienda;0,0;149,9;3;0
13626;5;Jaén;teclado;teléfono;0,2;20,0;9;0
13627;2;Córdoba;tablet;online;0,1;314,1;7;0
13628;4;Sevilla;impresora;online;0,0;149,9;8;0
13629;4;Cádiz;monitor;tienda;0,05;171,0;8;0
13630;8;Granada;ratón;tienda;0,0;12,5;9;0
13631;7;Cádiz;tablet;teléfono;0,1;314,1;5;0
13632;2;Málaga;tablet;online;0,05;331,55;7;1
13633;7;Málaga;monitor;online;0,0;180,0;9;1
13634;1;Sevilla;teclado;tienda;0,0;25,0;6;0
13635;4;Almería;impresora;online;0,05;142,4;8;0
13636;4;Jaén;portátil;online;0,0;899,9;4;1
13637;8;Huelva;teclado;tienda;0,0;25,0;14;0
13638;1;Huelva;monitor;tienda;0,0;180,0;1;0
13639;8;Huelva;teclado;online;0,0;25,0;17;1
13640;4;Málaga;portátil;online;0,05;854,9;6;0
13641;6;Málaga;tablet;online;0,05;331,55;7;0
13642;8;Jaén;portátil;teléfono;0,05;854,9;3;0
13643;1;Granada;monitor;tienda;0,05;171,0;5;0
13644;7;Huelva;teclado;online;0,05;23,75;18;1
13645;10;Granada;teclado;tienda;0,05;23,75;8;0
13646;6;Jaén;portátil;online;0,05;854,9;4;1
13647;10;Jaén;teclado;tienda;0,1;22,5;3;0
13648;2;Cádiz;tablet;online;0,0;349,0;3;0
13649;8;Almería;portátil;online;0,0;899,9;3;1
13650;1;Jaén;impresora;online;0,1;134,91;4;1
13651;5;Cádiz;ratón;teléfono;0,1;11,25;13;0
13652;1;Jaén;tablet;online;0,0;349,0;2;0
13653;9;Almería;ratón;tienda;0,1;11,25;12;0
13654;11;Granada;impresora;teléfono;0,05;142,4;3;0
13655;4;Sevilla;teclado;tienda;0,1;22,5;12;0
13656;6;Huelva;portátil;online;0,05;854,9;6;0
13657;5;Jaén;teclado;tienda;0,0;25,0;14;0
13658;9;Málaga;tablet;tienda;0,1;314,1;6;0
13659;6;Sevilla;portátil;tienda;0,0;899,9;4;0
13660;12;Cádiz;ratón;online;0,0;12,5;5;0
13661;10;Cádiz;monitor;teléfono;0,0;180,0;4;0
13662;8;Almería;tablet;online;0,1;314,1;7;0
13663;1;Huelva;tablet;tienda;0,0;349,0;2;0
13664;2;Almería;portátil;online;0,0;899,9;3;0
13665;3;Almería;teclado;online;0,0;25,0;11;0
13666;3;Málaga;teclado;tienda;0,05;23,75;9;0
13667;7;Huelva;monitor;online;0,2;144,0;10;1
13668;11;Córdoba;portátil;teléfono;0,0;899,9;1;0
13669;2;Almería;portátil;tienda;0,1;809,91;2;0
13670;3;Huelva;monitor;online;0,0;180,0;8;0
13671;1;Sevilla;teclado;online;0,05;23,75;10;0
13672;12;Almería;teclado;tienda;0,0;25,0;6;0
13673;2;Huelva;teclado;teléfono;0,0;25,0;6;0
13674;5;Málaga;impresora;tienda;0,0;149,9;5;0
13675;11;Córdoba;teclado;online;0,0;25,0;8;0
13676;7;Granada;monitor;online;0,1;162,0;9;0
13677;1;Málaga;ratón;online;0,0;12,5;8;1
13678;8;Cádiz;impresora;tienda;0,0;149,9;5;0
13679;8;Jaén;teclado;online;0,0;25,0;18;0
13680;11;Sevilla;portátil;tienda;0,0;899,9;2;0
13681;11;Almería;teclado;teléfono;0,0;25,0;4;0
13682;6;Jaén;ratón;online;0,1;11,25;25;1
13683;3;Jaén;monitor;tienda;0,0;180,0;3;0
13684;5;Málaga;ratón;teléfono;0,0;12,5;12;0
13685;6;Córdoba;ratón;online;0,0;12,5;15;0
13686;2;Sevilla;portátil;online;0,1;809,91;3;1
13687;5;Almería;portátil;online;0,0;899,9;4;0
13688;5;Málaga;tablet;online;0,0;349,0;4;0
13689;4;Sevilla;tablet;tienda;0,0;349,0;5;0
13690;5;Huelva;monitor;teléfono;0,0;180,0;5;0
13691;7;Sevilla;tablet;tienda;0,0;349,0;7;1
13692;11;Jaén;tablet;tienda;0,0;349,0;2;1
13693;4;Córdoba;teclado;tienda;0,1;22,5;13;0
13694;6;Granada;portátil;teléfono;0,0;899,9;3;0
13695;11;Jaén;portátil;tienda;0,0;899,9;2;0
13696;1;Huelva;monitor;tienda;0,1;162,0;4;0
13697;4;Málaga;tablet;online;0,0;349,0;8;1
13698;7;Córdoba;ratón;online;0,0;12,5;15;0
13699;12;Córdoba;ratón;online;0,0;12,5;4;0
13700;10;Sevilla;monitor;online;0,05;171,0;7;0
13701;12;Sevilla;tablet;online;0,0;349,0;4;0
13702;1;Sevilla;portátil;teléfono;0,0;899,9;2;0
13703;6;Cádiz;portátil;tienda;0,0;899,9;3;0
13704;9;Cádiz;teclado;teléfono;0,05;23,75;11;0
13705;4;Granada;ratón;online;0,1;11,25;12;0
13706;6;Huelva;tablet;online;0,2;279,2;11;0
13707;8;Cádiz;teclado;tienda;0,1;22,5;15;0
13708;5;Huelva;portátil;online;0,0;899,9;5;0
13709;1;Cádiz;portátil;online;0,0;899,9;3;0
13710;3;Granada;impresora;tienda;0,0;149,9;5;0
13711;11;Jaén;ratón;online;0,0;12,5;11;0
13712;3;Jaén;monitor;teléfono;0,0;180,0;4;0
13713;12;Sevilla;ratón;teléfono;0,2;10,0;10;1
13714;3;Sevilla;impresora;tienda;0,0;149,9;2;0
13715;8;Almería;tablet;tienda;0,0;349,0;3;0
13716;11;Almería;ratón;tienda;0,0;12,5;9;0
13717;7;Sevilla;teclado;tienda;0,0;25,0;15;0
13718;6;Sevilla;portátil;tienda;0,05;854,9;5;0
13719;6;Sevilla;teclado;online;0,0;25,0;18;0
13720;12;Málaga;monitor;online;0,0;180,0;5;1
13721;9;Jaén;monitor;tienda;0,1;162,0;6;0
13722;5;Granada;ratón;tienda;0,0;12,5;20;0
13723;10;Málaga;teclado;tienda;0,0;25,0;9;0
13724;4;Almería;ratón;online;0,05;11,88;16;0
13725;3;Cádiz;teclado;tienda;0,0;25,0;8;0
13726;7;Córdoba;portátil;tienda;0,0;899,9;3;0
13727;7;Jaén;portátil;teléfono;0,0;899,9;3;0
13728;9;Cádiz;teclado;tienda;0,1;22,5;10;1
13729;2;Córdoba;impresora;tienda;0,0;149,9;4;0
13730;1;Cádiz;impresora;online;0,0;149,9;6;0
13731;11;Sevilla;tablet;tienda;0,0;349,0;2;0
13732;12;Huelva;impresora;tienda;0,0;149,9;3;0
13733;12;Málaga;impresora;tienda;0,2;119,92;3;1
13734;12;Málaga;impresora;online;0,2;119,92;4;0
13735;8;Jaén;teclado;tienda;0,05;23,75;12;1
13736;5;Cádiz;portátil;online;0,0;899,9;6;1
13737;11;Huelva;teclado;online;0,05;23,75;12;1
13738;8;Sevilla;monitor;online;0,0;180,0;8;0
13739;6;Huelva;tablet;tienda;0,05;331,55;6;1
13740;6;Sevilla;ratón;online;0,1;11,25;25;0
13741;11;Sevilla;impresora;online;0,2;119,92;5;0
13742;1;Málaga;monitor;teléfono;0,2;144,0;5;0
13743;5;Sevilla;tablet;tienda;0,1;314,1;8;0
13744;10;Málaga;monitor;online;0,0;180,0;6;0
13745;5;Granada;portátil;online;0,0;899,9;5;0
13746;6;Jaén;tablet;teléfono;0,0;349,0;4;0
13747;8;Cádiz;tablet;online;0,0;349,0;7;0
13748;8;Málaga;tablet;online;0,0;349,0;5;0
13749;9;Sevilla;teclado;tienda;0,0;25,0;7;0
13750;1;Córdoba;teclado;online;0,1;22,5;8;0
13751;11;Huelva;portátil;online;0,0;899,9;2;0
13752;5;Cádiz;portátil;tienda;0,0;899,9;4;0
13753;3;Sevilla;monitor;teléfono;0,2;144,0;7;0
13754;7;Cádiz;impresora;online;0,05;142,4;9;1
13755;11;Cádiz;impresora;tienda;0,2;119,92;4;0
13756;10;Huelva;impresora;teléfono;0,0;149,9;3;0
13757;2;Huelva;teclado;online;0,1;22,5;9;0
13758;4;Jaén;ratón;tienda;0,0;12,5;17;0
13759;11;Huelva;tablet;online;0,0;349,0;3;0
13760;9;Granada;ratón;tienda;0,0;12,5;8;0
13761;2;Cádiz;teclado;teléfono;0,0;25,0;10;0
13762;10;Granada;teclado;tienda;0,05;23,75;8;0
13763;2;Sevilla;portátil;teléfono;0,0;899,9;2;0
13764;1;Granada;monitor;online;0,0;180,0;4;1
13765;10;Málaga;ratón;online;0,05;11,88;15;0
13766;3;Almería;portátil;online;0,0;899,9;4;0
13767;9;Córdoba;monitor;tienda;0,0;180,0;5;0
13768;12;Málaga;tablet;teléfono;0,0;349,0;1;0
13769;12;Málaga;portátil;tienda;0,0;899,9;2;0
13770;7;Granada;ratón;online;0,05;11,88;22;0
13771;1;Huelva;tablet;online;0,2;279,2;6;0
13772;7;Granada;tablet;online;0,0;349,0;6;0
13773;4;Jaén;ratón;online;0,05;11,88;21;1
13774;6;Almería;impresora;teléfono;0,1;134,91;7;0
13775;5;Cádiz;monitor;online;0,0;180,0;8;0
13776;7;Almería;ratón;tienda;0,05;11,88;25;1
13777;1;Granada;portátil;tienda;0,05;854,9;3;0
13778;9;Córdoba;teclado;online;0,0;25,0;12;0
13779;7;Jaén;tablet;online;0,2;279,2;7;0
13780;5;Almería;impresora;tienda;0,2;119,92;12;0
13781;9;Sevilla;tablet;online;0,2;279,2;7;1
13782;8;Granada;impresora;tienda;0,05;142,4;5;0
13783;10;Málaga;portátil;tienda;0,0;899,9;3;0
13784;9;Jaén;monitor;tienda;0,2;144,0;6;0
13785;7;Sevilla;tablet;teléfono;0,0;349,0;3;0
13786;4;Jaén;tablet;tienda;0,0;349,0;4;0
13787;10;Málaga;teclado;tienda;0,2;20,0;14;0
13788;1;Córdoba;teclado;tienda;0,05;23,75;6;0
13789;7;Cádiz;tablet;online;0,0;349,0;7;0
13790;8;Málaga;tablet;teléfono;0,0;349,0;5;1
13791;1;Sevilla;impresora;online;0,0;149,9;2;0
13792;4;Jaén;portátil;tienda;0,0;899,9;3;0
13793;4;Sevilla;portátil;online;0,0;899,9;4;1
13794;1;Jaén;teclado;tienda;0,05;23,75;8;0
13795;1;Granada;teclado;tienda;0,0;25,0;5;0
13796;10;Jaén;portátil;tienda;0,0;899,9;3;0
13797;3;Jaén;tablet;tienda;0,05;331,55;5;0
13798;8;Granada;teclado;tienda;0,2;20,0;14;0
13799;2;Cádiz;impresora;teléfono;0,1;134,91;4;0
13800;2;Huelva;impresora;online;0,0;149,9;5;0
13801;10;Sevilla;ratón;online;0,05;11,88;13;0
13802;10;Huelva;impresora;online;0,0;149,9;7;0
13803;9;Huelva;ratón;online;0,1;11,25;23;0
13804;7;Sevilla;portátil;online;0,0;899,9;4;0
13805;2;Cádiz;impresora;online;0,0;149,9;5;0
13806;5;Sevilla;tablet;tienda;0,0;349,0;6;0
13807;3;Huelva;portátil;online;0,0;899,9;4;0
13808;3;Granada;ratón;tienda;0,0;12,5;8;0
13809;11;Córdoba;ratón;tienda;0,0;12,5;1;1
13810;8;Almería;teclado;teléfono;0,0;25,0;9;0
13811;11;Granada;tablet;tienda;0,0;349,0;2;0
13812;8;Córdoba;tablet;teléfono;0,0;349,0;4;0
13813;8;Almería;teclado;tienda;0,1;22,5;13;0
13814;5;Almería;teclado;online;0,1;22,5;18;0
13815;9;Huelva;ratón;online;0,0;12,5;14;0
13816;11;Jaén;ratón;teléfono;0,0;12,5;5;0
13817;11;Córdoba;teclado;teléfono;0,0;25,0;4;0
13818;2;Córdoba;ratón;tienda;0,0;12,5;11;0
13819;7;Cádiz;portátil;tienda;0,0;899,9;5;0
13820;11;Córdoba;teclado;online;0,0;25,0;8;0
13821;1;Huelva;teclado;tienda;0,0;25,0;5;0
13822;4;Cádiz;monitor;online;0,0;180,0;7;0
13823;5;Almería;portátil;online;0,0;899,9;4;0
13824;1;Jaén;tablet;online;0,0;349,0;2;0
13825;7;Huelva;tablet;tienda;0,0;349,0;5;0
13826;6;Almería;tablet;tienda;0,1;314,1;4;0
13827;10;Jaén;impresora;tienda;0,0;149,9;4;0
13828;10;Málaga;impresora;teléfono;0,2;119,92;5;0
13829;7;Huelva;monitor;teléfono;0,05;171,0;6;1
13830;11;Sevilla;tablet;tienda;0,0;349,0;3;0
13831;10;Granada;impresora;online;0,0;149,9;5;0
13832;1;Jaén;ratón;online;0,0;12,5;9;0
13833;12;Huelva;monitor;online;0,0;180,0;6;0
13834;12;Jaén;teclado;online;0,0;25,0;5;0
13835;2;Córdoba;portátil;tienda;0,0;899,9;3;0
13836;6;Jaén;tablet;tienda;0,0;349,0;8;0
13837;4;Córdoba;monitor;online;0,1;162,0;9;0
13838;2;Córdoba;portátil;tienda;0,05;854,9;4;0
13839;4;Huelva;teclado;tienda;0,0;25,0;11;0
13840;9;Córdoba;ratón;tienda;0,0;12,5;10;0
13841;9;Cádiz;impresora;online;0,0;149,9;6;0
13842;1;Cádiz;portátil;online;0,05;854,9;3;0
13843;10;Cádiz;ratón;online;0,0;12,5;12;0
13844;10;Sevilla;teclado;teléfono;0,05;23,75;8;0
13845;8;Granada;portátil;tienda;0,0;899,9;4;0
13846;12;Cádiz;tablet;online;0,0;349,0;3;0
13847;1;Huelva;monitor;tienda;0,05;171,0;4;0
13848;2;Huelva;monitor;online;0,0;180,0;6;0
13849;1;Almería;tablet;online;0,1;314,1;2;1
13850;11;Córdoba;tablet;tienda;0,0;349,0;2;0
13851;10;Córdoba;teclado;teléfono;0,05;23,75;6;0
13852;12;Málaga;ratón;teléfono;0,0;12,5;6;0
13853;8;Granada;ratón;online;0,0;12,5;16;1
13854;8;Huelva;impresora;online;0,1;134,91;4;1
13855;10;Córdoba;portátil;tienda;0,0;899,9;2;0
13856;2;Huelva;portátil;online;0,05;854,9;5;0
13857;5;Jaén;ratón;online;0,0;12,5;24;1
13858;10;Málaga;monitor;tienda;0,0;180,0;4;0
13859;7;Cádiz;monitor;tienda;0,2;144,0;10;0
13860;3;Almería;tablet;tienda;0,0;349,0;3;0
13861;8;Jaén;portátil;tienda;0,0;899,9;4;0
13862;5;Huelva;teclado;tienda;0,0;25,0;9;0
13863;3;Córdoba;teclado;tienda;0,1;22,5;8;0
13864;4;Almería;impresora;tienda;0,0;149,9;6;0
13865;11;Huelva;ratón;tienda;0,0;12,5;4;1
13866;4;Sevilla;impresora;tienda;0,0;149,9;4;1
13867;4;Córdoba;ratón;teléfono;0,0;12,5;10;1
13868;4;Granada;portátil;teléfono;0,0;899,9;4;0
13869;7;Granada;monitor;online;0,05;171,0;11;0
13870;12;Cádiz;teclado;tienda;0,05;23,75;8;0
13871;10;Almería;teclado;online;0,0;25,0;12;1
13872;9;Jaén;portátil;online;0,2;719,92;4;1
13873;4;Córdoba;monitor;online;0,0;180,0;9;0
13874;6;Córdoba;monitor;online;0,0;180,0;6;0
13875;3;Málaga;teclado;online;0,2;20,0;22;1
13876;1;Málaga;teclado;online;0,0;25,0;8;0
13877;5;Cádiz;tablet;online;0,0;349,0;6;0
13878;1;Almería;ratón;online;0,0;12,5;9;0
13879;2;Almería;ratón;online;0,05;11,88;14;0
13880;2;Málaga;tablet;tienda;0,0;349,0;3;0
13881;7;Cádiz;teclado;teléfono;0,0;25,0;11;0
13882;10;Sevilla;teclado;online;0,05;23,75;11;0
13883;1;Málaga;monitor;online;0,0;180,0;4;0
13884;12;Almería;teclado;tienda;0,0;25,0;7;0
13885;8;Huelva;monitor;tienda;0,05;171,0;5;0
13886;11;Almería;teclado;teléfono;0,2;20,0;6;0
13887;8;Almería;tablet;online;0,05;331,55;6;0
13888;2;Sevilla;impresora;tienda;0,05;142,4;5;1
13889;1;Cádiz;monitor;online;0,0;180,0;3;0
13890;11;Sevilla;teclado;online;0,2;20,0;13;0
13891;11;Jaén;tablet;tienda;0,05;331,55;3;0
13892;9;Granada;impresora;tienda;0,0;149,9;4;0
13893;6;Huelva;portátil;teléfono;0,05;854,9;2;0
13894;6;Cádiz;teclado;online;0,05;23,75;15;0
13895;4;Almería;portátil;teléfono;0,1;809,91;2;0
13896;9;Sevilla;monitor;online;0,0;180,0;7;0
13897;9;Jaén;impresora;online;0,1;134,91;9;1
13898;9;Málaga;teclado;online;0,0;25,0;10;1
13899;5;Granada;ratón;online;0,1;11,25;22;1
13900;7;Almería;teclado;online;0,05;23,75;15;0
13901;3;Córdoba;portátil;teléfono;0,0;899,9;2;0
13902;7;Huelva;ratón;online;0,0;12,5;22;0
13903;3;Córdoba;impresora;tienda;0,2;119,92;9;0
13904;8;Cádiz;impresora;tienda;0,05;142,4;6;0
13905;1;Sevilla;impresora;tienda;0,0;149,9;3;0
13906;5;Huelva;monitor;online;0,1;162,0;6;1
13907;8;Jaén;ratón;online;0,0;12,5;18;0
13908;8;Sevilla;portátil;tienda;0,0;899,9;3;0
13909;9;Málaga;teclado;teléfono;0,0;25,0;11;0
13910;12;Córdoba;ratón;tienda;0,2;10,0;13;0
13911;8;Sevilla;monitor;online;0,2;144,0;7;0
13912;5;Córdoba;impresora;tienda;0,05;142,4;8;0
13913;10;Córdoba;teclado;tienda;0,05;23,75;6;0
13914;2;Cádiz;ratón;tienda;0,0;12,5;8;1
13915;11;Almería;tablet;tienda;0,0;349,0;2;0
13916;8;Córdoba;monitor;teléfono;0,0;180,0;5;0
13917;11;Córdoba;monitor;online;0,0;180,0;6;1
13918;10;Málaga;portátil;teléfono;0,2;719,92;3;0
13919;12;Málaga;tablet;online;0,0;349,0;5;0
13920;9;Córdoba;monitor;tienda;0,2;144,0;6;0
13921;5;Jaén;impresora;online;0,1;134,91;9;0
13922;3;Córdoba;teclado;online;0,0;25,0;8;0
13923;10;Huelva;tablet;teléfono;0,0;349,0;2;1
13924;3;Cádiz;portátil;online;0,05;854,9;5;0
13925;8;Málaga;portátil;online;0,2;719,92;9;0
13926;8;Málaga;impresora;tienda;0,0;149,9;4;0
13927;3;Málaga;monitor;online;0,1;162,0;4;0
13928;12;Sevilla;portátil;tienda;0,1;809,91;3;0
13929;1;Huelva;portátil;online;0,1;809,91;4;0
13930;12;Córdoba;impresora;tienda;0,0;149,9;4;0
13931;3;Jaén;ratón;tienda;0,2;10,0;17;0
13932;5;Córdoba;ratón;tienda;0,2;10,0;26;0
13933;7;Málaga;monitor;tienda;0,1;162,0;8;0
13934;12;Jaén;impresora;tienda;0,05;142,4;4;0
13935;8;Córdoba;monitor;online;0,1;162,0;9;1
13936;1;Huelva;portátil;online;0,05;854,9;3;0
13937;10;Málaga;portátil;online;0,05;854,9;3;0
13938;5;Huelva;tablet;online;0,1;314,1;11;0
13939;12;Jaén;ratón;online;0,0;12,5;11;1
13940;6;Sevilla;monitor;online;0,0;180,0;10;1
13941;10;Huelva;tablet;tienda;0,05;331,55;3;0
13942;1;Sevilla;tablet;online;0,1;314,1;3;0
13943;1;Sevilla;ratón;online;0,2;10,0;16;1
13944;8;Granada;ratón;online;0,05;11,88;15;0
13945;11;Cádiz;portátil;online;0,2;719,92;3;0
13946;5;Huelva;tablet;tienda;0,0;349,0;4;0
13947;1;Huelva;tablet;tienda;0,1;314,1;5;0
13948;7;Almería;portátil;tienda;0,0;899,9;4;0
13949;2;Jaén;impresora;tienda;0,2;119,92;7;0
13950;1;Córdoba;impresora;tienda;0,1;134,91;3;0
13951;4;Cádiz;impresora;tienda;0,0;149,9;8;0
13952;10;Cádiz;teclado;teléfono;0,0;25,0;6;0
13953;5;Málaga;impresora;tienda;0,0;149,9;6;0
13954;6;Huelva;ratón;tienda;0,0;12,5;17;0
13955;5;Córdoba;impresora;tienda;0,0;149,9;6;0
13956;9;Sevilla;impresora;online;0,1;134,91;7;1
13957;4;Sevilla;tablet;online;0,0;349,0;5;0
13958;11;Málaga;portátil;online;0,0;899,9;3;0
13959;10;Cádiz;monitor;tienda;0,0;180,0;5;0
13960;1;Cádiz;tablet;tienda;0,2;279,2;5;0
13961;6;Málaga;impresora;online;0,0;149,9;7;0
13962;12;Córdoba;portátil;tienda;0,1;809,91;3;0
13963;1;Cádiz;monitor;online;0,0;180,0;5;0
13964;11;Málaga;portátil;tienda;0,05;854,9;2;0
13965;6;Granada;teclado;online;0,05;23,75;13;1
13966;5;Granada;tablet;tienda;0,1;314,1;8;0
13967;10;Jaén;impresora;teléfono;0,0;149,9;3;0
13968;3;Jaén;monitor;online;0,0;180,0;5;0
13969;2;Cádiz;impresora;tienda;0,0;149,9;4;0
13970;9;Huelva;teclado;online;0,0;25,0;9;0
13971;1;Jaén;monitor;tienda;0,0;180,0;2;0
13972;6;Granada;tablet;online;0,1;314,1;7;0
13973;4;Jaén;impresora;tienda;0,0;149,9;5;0
13974;7;Huelva;monitor;online;0,0;180,0;8;0
13975;12;Córdoba;portátil;tienda;0,05;854,9;3;0
13976;4;Sevilla;teclado;tienda;0,2;20,0;16;0
13977;11;Córdoba;monitor;online;0,0;180,0;4;0
13978;2;Jaén;monitor;online;0,0;180,0;5;0
13979;9;Almería;portátil;online;0,0;899,9;4;1
13980;12;Almería;monitor;teléfono;0,0;180,0;3;0
13981;9;Jaén;tablet;tienda;0,05;331,55;5;0
13982;12;Huelva;tablet;tienda;0,05;331,55;2;0
13983;7;Cádiz;portátil;tienda;0,0;899,9;3;0
13984;9;Granada;portátil;tienda;0,1;809,91;3;0
13985;6;Jaén;ratón;online;0,05;11,88;21;0
13986;1;Córdoba;tablet;tienda;0,0;349,0;2;0
13987;7;Málaga;teclado;online;0,1;22,5;12;0
13988;12;Córdoba;tablet;tienda;0,0;349,0;2;0
13989;11;Almería;monitor;tienda;0,0;180,0;4;0
13990;2;Granada;portátil;tienda;0,0;899,9;2;0
13991;12;Sevilla;tablet;online;0,05;331,55;5;1
13992;8;Almería;impresora;online;0,0;149,9;10;0
13993;2;Málaga;ratón;online;0,0;12,5;13;0
13994;10;Granada;impresora;tienda;0,0;149,9;4;0
13995;4;Granada;teclado;tienda;0,05;23,75;10;1
13996;8;Málaga;ratón;tienda;0,05;11,88;15;0
13997;4;Almería;monitor;tienda;0,05;171,0;7;1
13998;5;Jaén;teclado;tienda;0,0;25,0;4;0
13999;8;Huelva;impresora;online;0,0;149,9;5;0
14000;10;Sevilla;teclado;online;0,0;25,0;3;1
14001;7;Málaga;ratón;tienda;0,0;12,5;14;0
14002;8;Huelva;impresora;tienda;0,0;149,9;7;0
14003;3;Huelva;impresora;online;0,1;134,91;11;0
14004;5;Huelva;ratón;teléfono;0,0;12,5;5;0
14005;3;Córdoba;monitor;teléfono;0,0;180,0;4;1
14006;1;Cádiz;monitor;tienda;0,0;180,0;4;0
14007;8;Córdoba;impresora;online;0,0;149,9;4;1
14008;10;Almería;impresora;online;0,1;134,91;4;0
14009;4;Córdoba;impresora;online;0,0;149,9;3;0
14010;4;Córdoba;portátil;tienda;0,0;899,9;3;0
14011;10;Almería;impresora;teléfono;0,0;149,9;3;0
14012;10;Málaga;ratón;tienda;0,05;11,88;11;0
14013;9;Sevilla;teclado;teléfono;0,2;20,0;11;0
14014;6;Huelva;ratón;tienda;0,2;10,0;22;1
14015;6;Almería;tablet;tienda;0,05;331,55;5;0
14016;5;Sevilla;tablet;online;0,0;349,0;7;0
14017;1;Almería;teclado;online;0,05;23,75;11;0
14018;6;Jaén;portátil;teléfono;0,05;854,9;5;0
14019;6;Huelva;tablet;teléfono;0,2;279,2;6;0
14020;1;Almería;monitor;tienda;0,2;144,0;5;0
14021;5;Huelva;monitor;tienda;0,1;162,0;8;1
14022;2;Huelva;portátil;online;0,0;899,9;4;0
14023;7;Córdoba;tablet;tienda;0,0;349,0;6;0
14024;5;Almería;ratón;tienda;0,05;11,88;15;0
14025;7;Huelva;portátil;online;0,05;854,9;7;1
14026;2;Jaén;tablet;teléfono;0,05;331,55;4;0
14027;3;Jaén;monitor;tienda;0,0;180,0;3;0
14028;2;Sevilla;tablet;online;0,05;331,55;6;0
14029;2;Cádiz;teclado;online;0,0;25,0;8;1
14030;4;Cádiz;ratón;online;0,05;11,88;17;0
14031;3;Córdoba;portátil;tienda;0,0;899,9;3;0
14032;12;Córdoba;monitor;tienda;0,05;171,0;3;0
14033;10;Jaén;monitor;online;0,0;180,0;6;1
14034;8;Sevilla;teclado;online;0,0;25,0;10;0
14035;8;Sevilla;tablet;tienda;0,05;331,55;3;0
14036;2;Huelva;teclado;online;0,1;22,5;8;0
14037;7;Córdoba;tablet;teléfono;0,0;349,0;4;1
14038;5;Granada;teclado;online;0,0;25,0;16;0
14039;7;Córdoba;impresora;tienda;0,1;134,91;5;1
14040;7;Cádiz;portátil;online;0,0;899,9;5;0
14041;2;Almería;impresora;online;0,0;149,9;3;0
14042;5;Córdoba;portátil;tienda;0,0;899,9;4;0
14043;8;Málaga;monitor;teléfono;0,0;180,0;3;0
14044;7;Cádiz;tablet;tienda;0,0;349,0;4;0
14045;5;Córdoba;tablet;online;0,05;331,55;9;0
14046;6;Almería;ratón;tienda;0,0;12,5;19;1
14047;2;Jaén;portátil;teléfono;0,2;719,92;3;0
14048;3;Málaga;portátil;online;0,05;854,9;3;0
14049;7;Cádiz;tablet;online;0,0;349,0;9;0
14050;10;Sevilla;tablet;tienda;0,05;331,55;2;0
14051;2;Granada;portátil;online;0,05;854,9;2;1
14052;6;Málaga;teclado;tienda;0,05;23,75;10;0
14053;1;Cádiz;portátil;online;0,0;899,9;3;0
14054;7;Huelva;impresora;tienda;0,0;149,9;6;0
14055;5;Málaga;impresora;tienda;0,1;134,91;6;0
14056;3;Jaén;portátil;online;0,05;854,9;4;0
14057;5;Córdoba;tablet;online;0,0;349,0;7;0
14058;1;Málaga;portátil;online;0,0;899,9;2;0
14059;3;Sevilla;monitor;online;0,0;180,0;8;0
14060;2;Granada;tablet;tienda;0,1;314,1;5;0
14061;11;Almería;tablet;teléfono;0,1;314,1;2;0
14062;2;Cádiz;impresora;teléfono;0,2;119,92;4;0
14063;8;Córdoba;monitor;online;0,05;171,0;9;0
14064;10;Cádiz;ratón;teléfono;0,0;12,5;8;0
14065;3;Málaga;ratón;tienda;0,0;12,5;6;0
14066;1;Almería;teclado;teléfono;0,2;20,0;5;0
14067;9;Granada;tablet;online;0,0;349,0;6;0
14068;1;Córdoba;teclado;tienda;0,0;25,0;5;0
14069;7;Huelva;monitor;online;0,1;162,0;10;0
14070;11;Jaén;teclado;online;0,2;20,0;17;0
14071;12;Granada;teclado;online;0,2;20,0;10;1
14072;7;Málaga;impresora;teléfono;0,0;149,9;5;0
14073;2;Málaga;teclado;online;0,1;22,5;17;0
14074;1;Huelva;impresora;online;0,05;142,4;5;1
14075;8;Córdoba;tablet;online;0,1;314,1;8;0
14076;4;Granada;teclado;online;0,1;22,5;14;0
14077;8;Málaga;monitor;tienda;0,0;180,0;9;0
14078;3;Córdoba;impresora;online;0,0;149,9;6;0
14079;9;Almería;ratón;teléfono;0,05;11,88;10;0
14080;12;Granada;impresora;tienda;0,0;149,9;2;0
14081;1;Cádiz;tablet;tienda;0,1;314,1;3;0
14082;9;Córdoba;teclado;tienda;0,0;25,0;9;0
14083;12;Sevilla;monitor;tienda;0,05;171,0;4;0
14084;5;Granada;teclado;tienda;0,0;25,0;14;0
14085;6;Granada;teclado;tienda;0,0;25,0;15;0
14086;7;Jaén;teclado;online;0,0;25,0;11;0
14087;6;Almería;portátil;online;0,05;854,9;5;0
14088;9;Almería;ratón;tienda;0,0;12,5;10;1
14089;3;Cádiz;ratón;online;0,0;12,5;21;0
14090;11;Huelva;portátil;online;0,05;854,9;3;0
14091;12;Córdoba;ratón;tienda;0,0;12,5;6;0
14092;4;Huelva;teclado;online;0,0;25,0;11;0
14093;7;Málaga;tablet;tienda;0,0;349,0;4;0
14094;8;Cádiz;impresora;tienda;0,0;149,9;6;0
14095;3;Sevilla;ratón;online;0,0;12,5;12;1
14096;12;Málaga;impresora;tienda;0,0;149,9;1;0
14097;2;Jaén;impresora;tienda;0,05;142,4;4;0
14098;8;Granada;portátil;tienda;0,0;899,9;4;0
14099;10;Granada;impresora;teléfono;0,0;149,9;3;0
14100;4;Jaén;monitor;online;0,1;162,0;16;0
14101;11;Sevilla;portátil;online;0,2;719,92;4;1
14102;7;Huelva;monitor;online;0,0;180,0;10;1
14103;3;Sevilla;ratón;online;0,0;12,5;16;1
14104;4;Córdoba;portátil;online;0,0;899,9;5;0
14105;11;Sevilla;tablet;online;0,1;314,1;3;0
14106;6;Granada;ratón;tienda;0,0;12,5;14;0
14107;9;Granada;teclado;online;0,0;25,0;12;0
14108;8;Córdoba;portátil;tienda;0,05;854,9;4;0
14109;2;Córdoba;monitor;online;0,0;180,0;2;0
14110;7;Córdoba;ratón;tienda;0,0;12,5;16;1
14111;6;Cádiz;portátil;online;0,0;899,9;6;0
14112;7;Jaén;ratón;tienda;0,05;11,88;13;0
14113;4;Huelva;tablet;online;0,0;349,0;6;0
14114;4;Córdoba;tablet;online;0,05;331,55;9;0
14115;6;Córdoba;portátil;teléfono;0,1;809,91;3;1
14116;2;Sevilla;teclado;tienda;0,05;23,75;8;0
14117;7;Huelva;ratón;online;0,0;12,5;18;0
14118;7;Sevilla;monitor;tienda;0,0;180,0;6;0
14119;11;Almería;impresora;online;0,1;134,91;5;1
14120;10;Jaén;teclado;online;0,05;23,75;11;0
14121;1;Jaén;tablet;teléfono;0,0;349,0;3;0
14122;9;Málaga;ratón;tienda;0,0;12,5;12;0
14123;6;Sevilla;portátil;tienda;0,0;899,9;4;0
14124;10;Almería;portátil;tienda;0,0;899,9;2;0
14125;12;Córdoba;impresora;tienda;0,05;142,4;4;0
14126;9;Málaga;monitor;tienda;0,0;180,0;4;0
14127;10;Huelva;ratón;tienda;0,0;12,5;10;0
14128;7;Jaén;teclado;teléfono;0,0;25,0;8;0
14129;12;Málaga;tablet;tienda;0,0;349,0;3;0
14130;2;Málaga;ratón;tienda;0,0;12,5;9;0
14131;5;Almería;monitor;online;0,0;180,0;8;1
14132;4;Málaga;monitor;teléfono;0,2;144,0;6;0
14133;7;Málaga;impresora;online;0,05;142,4;7;0
14134;8;Sevilla;tablet;teléfono;0,0;349,0;5;0
14135;7;Huelva;tablet;online;0,0;349,0;6;0
14136;5;Granada;ratón;tienda;0,1;11,25;17;0
14137;9;Córdoba;monitor;online;0,05;171,0;7;1
14138;11;Huelva;monitor;tienda;0,2;144,0;4;0
14139;12;Cádiz;teclado;tienda;0,0;25,0;5;0
14140;5;Granada;impresora;tienda;0,0;149,9;6;0
14141;2;Cádiz;monitor;tienda;0,1;162,0;3;0
14142;12;Málaga;teclado;tienda;0,0;25,0;6;0
14143;2;Granada;portátil;tienda;0,0;899,9;2;0
14144;6;Almería;portátil;tienda;0,2;719,92;5;0
14145;11;Málaga;portátil;tienda;0,2;719,92;3;0
14146;11;Granada;tablet;online;0,0;349,0;3;0
14147;1;Huelva;portátil;online;0,0;899,9;3;0
14148;3;Málaga;monitor;teléfono;0,1;162,0;4;0
14149;5;Málaga;impresora;tienda;0,1;134,91;8;0
14150;1;Málaga;tablet;tienda;0,1;314,1;3;0
14151;4;Córdoba;ratón;online;0,1;11,25;17;0
14152;8;Granada;impresora;teléfono;0,0;149,9;5;1
14153;2;Jaén;teclado;tienda;0,05;23,75;8;0
14154;10;Córdoba;ratón;online;0,05;11,88;8;0
14155;11;Huelva;ratón;tienda;0,1;11,25;9;0
14156;11;Huelva;impresora;teléfono;0,2;119,92;5;0
14157;6;Granada;impresora;online;0,2;119,92;17;0
14158;12;Huelva;monitor;online;0,0;180,0;4;0
14159;2;Cádiz;teclado;online;0,0;25,0;11;0
14160;9;Córdoba;ratón;teléfono;0,0;12,5;9;0
14161;5;Huelva;teclado;teléfono;0,0;25,0;6;0
14162;7;Huelva;monitor;online;0,1;162,0;3;0
14163;11;Almería;monitor;online;0,05;171,0;6;0
14164;7;Almería;portátil;teléfono;0,05;854,9;3;0
14165;11;Almería;portátil;teléfono;0,0;899,9;2;0
14166;11;Jaén;tablet;tienda;0,0;349,0;2;0
14167;2;Almería;portátil;teléfono;0,2;719,92;2;0
14168;3;Granada;tablet;online;0,0;349,0;7;0
14169;7;Córdoba;ratón;online;0,05;11,88;11;1
14170;1;Sevilla;impresora;online;0,0;149,9;4;0
14171;7;Jaén;ratón;teléfono;0,0;12,5;15;1
14172;10;Granada;impresora;online;0,05;142,4;6;0
14173;8;Granada;ratón;online;0,05;11,88;12;0
14174;5;Málaga;impresora;online;0,0;149,9;6;0
14175;2;Málaga;tablet;tienda;0,0;349,0;4;0
14176;2;Granada;ratón;tienda;0,05;11,88;10;0
14177;4;Almería;portátil;online;0,05;854,9;6;1
14178;6;Málaga;ratón;tienda;0,05;11,88;20;0
14179;6;Huelva;ratón;tienda;0,2;10,0;29;1
14180;11;Cádiz;monitor;online;0,1;162,0;6;0
14181;8;Huelva;impresora;online;0,0;149,9;5;0
14182;9;Granada;monitor;online;0,1;162,0;6;0
14183;3;Córdoba;ratón;online;0,2;10,0;21;0
14184;9;Jaén;teclado;teléfono;0,0;25,0;6;0
14185;6;Málaga;tablet;online;0,0;349,0;9;1
14186;4;Almería;ratón;online;0,0;12,5;18;0
14187;9;Sevilla;ratón;tienda;0,0;12,5;16;0
14188;2;Cádiz;teclado;teléfono;0,0;25,0;7;0
14189;5;Sevilla;portátil;tienda;0,0;899,9;4;0
14190;7;Sevilla;impresora;online;0,2;119,92;14;0
14191;2;Sevilla;impresora;tienda;0,0;149,9;3;0
14192;10;Sevilla;tablet;online;0,0;349,0;4;0
14193;9;Cádiz;teclado;online;0,0;25,0;9;0
14194;10;Jaén;ratón;teléfono;0,0;12,5;9;0
14195;6;Huelva;monitor;tienda;0,05;171,0;7;0
14196;2;Córdoba;teclado;online;0,0;25,0;9;1
14197;7;Jaén;ratón;tienda;0,0;12,5;12;1
14198;1;Jaén;portátil;online;0,0;899,9;1;0
14199;8;Cádiz;portátil;teléfono;0,0;899,9;3;0
14200;2;Cádiz;impresora;teléfono;0,0;149,9;2;0
14201;11;Málaga;teclado;online;0,1;22,5;13;0
14202;8;Córdoba;tablet;online;0,2;279,2;12;1
14203;1;Granada;ratón;tienda;0,1;11,25;11;0
14204;7;Sevilla;teclado;tienda;0,2;20,0;12;0
14205;3;Huelva;portátil;tienda;0,0;899,9;4;0
14206;12;Cádiz;portátil;tienda;0,0;899,9;1;0
14207;3;Cádiz;impresora;online;0,0;149,9;5;0
14208;9;Huelva;tablet;online;0,0;349,0;6;0
14209;5;Huelva;monitor;online;0,0;180,0;3;0
14210;1;Málaga;ratón;online;0,1;11,25;15;0
14211;12;Jaén;ratón;online;0,05;11,88;11;0
14212;5;Almería;tablet;online;0,1;314,1;7;1
14213;9;Málaga;tablet;online;0,0;349,0;5;1
14214;5;Sevilla;ratón;tienda;0,0;12,5;4;0
14215;6;Granada;teclado;online;0,2;20,0;20;0
14216;11;Huelva;ratón;teléfono;0,0;12,5;5;0
14217;12;Almería;impresora;teléfono;0,05;142,4;2;0
14218;6;Jaén;portátil;tienda;0,0;899,9;3;0
14219;8;Granada;tablet;online;0,1;314,1;6;1
14220;1;Almería;teclado;tienda;0,1;22,5;8;0
14221;3;Córdoba;ratón;tienda;0,0;12,5;11;0
14222;3;Huelva;teclado;online;0,2;20,0;19;0
14223;4;Jaén;ratón;teléfono;0,0;12,5;8;0
14224;4;Cádiz;ratón;teléfono;0,0;12,5;6;0
14225;1;Málaga;tablet;tienda;0,0;349,0;3;0
14226;4;Jaén;teclado;teléfono;0,0;25,0;5;0
14227;9;Jaén;portátil;teléfono;0,1;809,91;3;1
14228;8;Sevilla;portátil;online;0,1;809,91;5;1
14229;11;Sevilla;impresora;tienda;0,0;149,9;5;0
14230;6;Granada;impresora;online;0,0;149,9;7;0
14231;7;Huelva;monitor;online;0,05;171,0;5;0
14232;10;Cádiz;impresora;online;0,1;134,91;4;0
14233;5;Huelva;portátil;tienda;0,2;719,92;7;0
14234;4;Cádiz;impresora;tienda;0,0;149,9;6;0
14235;2;Cádiz;teclado;online;0,0;25,0;11;1
14236;5;Almería;monitor;tienda;0,1;162,0;7;0
14237;5;Cádiz;teclado;tienda;0,05;23,75;16;1
14238;6;Almería;tablet;tienda;0,0;349,0;5;0
14239;11;Cádiz;impresora;online;0,05;142,4;5;0
14240;2;Huelva;monitor;teléfono;0,0;180,0;4;0
14241;11;Granada;monitor;tienda;0,0;180,0;2;0
14242;12;Córdoba;monitor;online;0,0;180,0;5;0
14243;8;Cádiz;teclado;tienda;0,05;23,75;12;0
14244;2;Jaén;monitor;tienda;0,05;171,0;5;0
14245;7;Cádiz;tablet;tienda;0,2;279,2;8;0
14246;10;Cádiz;impresora;teléfono;0,0;149,9;3;0
14247;9;Cádiz;tablet;tienda;0,0;349,0;5;0
14248;7;Málaga;impresora;online;0,1;134,91;11;0
14249;8;Granada;teclado;teléfono;0,0;25,0;11;0
14250;3;Málaga;tablet;online;0,0;349,0;4;0
14251;6;Jaén;impresora;tienda;0,0;149,9;6;0
14252;1;Córdoba;teclado;teléfono;0,2;20,0;8;0
14253;4;Málaga;portátil;teléfono;0,05;854,9;3;0
14254;10;Huelva;tablet;tienda;0,0;349,0;3;0
14255;2;Jaén;tablet;tienda;0,0;349,0;2;0
14256;4;Sevilla;impresora;online;0,0;149,9;7;1
14257;1;Almería;portátil;tienda;0,2;719,92;4;0
14258;4;Huelva;impresora;online;0,05;142,4;8;0
14259;5;Sevilla;monitor;online;0,0;180,0;9;0
14260;4;Sevilla;tablet;tienda;0,0;349,0;5;0
14261;7;Granada;impresora;online;0,2;119,92;13;0
14262;12;Granada;impresora;online;0,05;142,4;4;1
14263;6;Almería;impresora;teléfono;0,0;149,9;6;0
14264;10;Jaén;impresora;online;0,1;134,91;5;0
14265;2;Córdoba;ratón;online;0,05;11,88;14;0
14266;10;Cádiz;tablet;tienda;0,0;349,0;4;0
14267;7;Huelva;teclado;online;0,0;25,0;16;0
14268;7;Granada;teclado;tienda;0,05;23,75;9;0
14269;1;Sevilla;impresora;online;0,0;149,9;2;0
14270;9;Granada;teclado;tienda;0,1;22,5;5;0
14271;3;Huelva;teclado;online;0,05;23,75;16;1
14272;11;Jaén;monitor;online;0,0;180,0;4;0
14273;4;Córdoba;ratón;teléfono;0,0;12,5;10;0
14274;5;Huelva;impresora;online;0,0;149,9;2;0
14275;2;Jaén;portátil;tienda;0,05;854,9;3;0
14276;11;Granada;ratón;teléfono;0,1;11,25;11;1
14277;6;Sevilla;ratón;tienda;0,0;12,5;19;0
14278;9;Huelva;tablet;online;0,2;279,2;8;1
14279;11;Sevilla;portátil;tienda;0,1;809,91;2;0
14280;9;Granada;portátil;online;0,0;899,9;5;1
14281;9;Sevilla;monitor;tienda;0,2;144,0;7;0
14282;12;Córdoba;ratón;online;0,0;12,5;9;0
14283;11;Granada;monitor;online;0,0;180,0;5;0
14284;4;Almería;ratón;online;0,1;11,25;25;0
14285;9;Huelva;tablet;tienda;0,0;349,0;5;0
14286;3;Sevilla;portátil;tienda;0,0;899,9;3;0
14287;4;Almería;ratón;tienda;0,0;12,5;13;1
14288;3;Almería;teclado;teléfono;0,05;23,75;9;1
14289;2;Almería;impresora;tienda;0,05;142,4;4;0
14290;10;Sevilla;impresora;teléfono;0,0;149,9;3;0
14291;7;Jaén;impresora;online;0,0;149,9;6;0
14292;2;Granada;portátil;online;0,2;719,92;5;0
14293;11;Almería;portátil;tienda;0,05;854,9;2;0
14294;2;Granada;tablet;tienda;0,05;331,55;2;0
14295;11;Córdoba;impresora;online;0,0;149,9;5;0
14296;3;Huelva;monitor;tienda;0,05;171,0;3;0
14297;12;Cádiz;impresora;teléfono;0,05;142,4;2;0
14298;12;Granada;ratón;online;0,0;12,5;13;1
14299;9;Almería;teclado;tienda;0,05;23,75;11;0
14300;4;Málaga;portátil;tienda;0,0;899,9;4;0
14301;12;Cádiz;ratón;online;0,0;12,5;6;1
14302;10;Málaga;ratón;online;0,0;12,5;10;0
14303;8;Jaén;portátil;online;0,0;899,9;3;0
14304;5;Córdoba;teclado;teléfono;0,0;25,0;9;1
14305;1;Sevilla;monitor;tienda;0,1;162,0;4;0
14306;1;Málaga;portátil;teléfono;0,1;809,91;2;0
14307;9;Granada;monitor;online;0,2;144,0;9;1
14308;7;Jaén;portátil;online;0,0;899,9;4;0
14309;1;Málaga;ratón;tienda;0,1;11,25;12;0
14310;2;Sevilla;tablet;tienda;0,0;349,0;3;0
14311;2;Córdoba;portátil;online;0,0;899,9;5;0
14312;10;Córdoba;tablet;online;0,0;349,0;4;0
14313;11;Cádiz;impresora;tienda;0,0;149,9;3;0
14314;11;Jaén;monitor;online;0,0;180,0;6;0
14315;12;Huelva;impresora;online;0,1;134,91;4;0
14316;8;Jaén;impresora;online;0,0;149,9;8;0
14317;4;Córdoba;teclado;online;0,2;20,0;18;0
14318;10;Granada;portátil;teléfono;0,0;899,9;2;0
14319;7;Jaén;tablet;teléfono;0,2;279,2;3;0
14320;4;Jaén;portátil;online;0,1;809,91;7;0
14321;9;Córdoba;ratón;online;0,0;12,5;14;1
14322;7;Jaén;monitor;online;0,0;180,0;13;1
14323;10;Málaga;monitor;online;0,1;162,0;4;0
14324;7;Granada;teclado;tienda;0,0;25,0;10;0
14325;9;Córdoba;ratón;online;0,0;12,5;8;0
14326;11;Granada;portátil;online;0,05;854,9;2;0
14327;8;Sevilla;portátil;tienda;0,0;899,9;4;0
14328;8;Málaga;impresora;online;0,0;149,9;6;0
14329;6;Sevilla;ratón;online;0,05;11,88;20;0
14330;3;Granada;tablet;online;0,2;279,2;6;1
14331;7;Granada;impresora;online;0,05;142,4;9;0
14332;10;Córdoba;monitor;teléfono;0,0;180,0;3;0
14333;3;Huelva;portátil;tienda;0,0;899,9;1;0
14334;8;Cádiz;teclado;teléfono;0,05;23,75;10;0
14335;11;Málaga;portátil;tienda;0,0;899,9;2;0
14336;2;Granada;monitor;tienda;0,1;162,0;6;0
14337;10;Córdoba;monitor;tienda;0,2;144,0;8;0
14338;6;Almería;portátil;tienda;0,0;899,9;3;0
14339;9;Cádiz;portátil;tienda;0,0;899,9;2;0
14340;12;Sevilla;impresora;online;0,0;149,9;4;0
14341;7;Jaén;portátil;online;0,0;899,9;6;0
14342;10;Sevilla;monitor;online;0,1;162,0;6;0
14343;1;Granada;tablet;online;0,0;349,0;3;0
14344;4;Córdoba;monitor;tienda;0,05;171,0;7;0
14345;1;Málaga;monitor;teléfono;0,05;171,0;4;0
14346;4;Jaén;monitor;tienda;0,0;180,0;4;0
14347;10;Jaén;tablet;online;0,0;349,0;5;0
14348;6;Córdoba;impresora;teléfono;0,0;149,9;5;0
14349;12;Jaén;monitor;tienda;0,0;180,0;4;0
14350;7;Cádiz;tablet;teléfono;0,0;349,0;5;0
14351;2;Málaga;teclado;teléfono;0,0;25,0;2;0
14352;10;Granada;tablet;online;0,0;349,0;5;1
14353;2;Jaén;tablet;teléfono;0,0;349,0;3;0
14354;11;Sevilla;teclado;teléfono;0,1;22,5;8;0
14355;11;Sevilla;impresora;tienda;0,0;149,9;2;0
14356;9;Granada;portátil;online;0,0;899,9;3;0
14357;12;Córdoba;teclado;tienda;0,0;25,0;7;0
14358;7;Málaga;monitor;tienda;0,0;180,0;5;0
14359;3;Huelva;teclado;tienda;0,0;25,0;1;0
14360;7;Jaén;teclado;online;0,1;22,5;17;0
14361;10;Cádiz;ratón;tienda;0,05;11,88;8;1
14362;10;Málaga;tablet;tienda;0,0;349,0;2;0
14363;12;Córdoba;monitor;tienda;0,0;180,0;3;0
14364;8;Málaga;monitor;online;0,0;180,0;4;0
14365;7;Córdoba;monitor;online;0,0;180,0;9;1
14366;3;Córdoba;impresora;online;0,05;142,4;5;0
14367;8;Granada;portátil;online;0,0;899,9;6;0
14368;6;Huelva;impresora;tienda;0,0;149,9;6;0
14369;4;Sevilla;monitor;online;0,05;171,0;8;0
14370;12;Málaga;tablet;online;0,05;331,55;6;1
14371;7;Málaga;ratón;online;0,05;11,88;26;1
14372;11;Cádiz;portátil;online;0,0;899,9;4;0
14373;10;Granada;ratón;teléfono;0,0;12,5;9;0
14374;2;Sevilla;teclado;online;0,1;22,5;12;0
14375;6;Huelva;impresora;online;0,0;149,9;9;1
14376;10;Sevilla;teclado;online;0,2;20,0;17;1
14377;9;Cádiz;monitor;online;0,1;162,0;7;0
14378;5;Córdoba;monitor;tienda;0,0;180,0;6;0
14379;11;Sevilla;tablet;online;0,0;349,0;3;0
14380;8;Córdoba;portátil;tienda;0,0;899,9;2;0
14381;1;Córdoba;ratón;online;0,0;12,5;11;1
14382;10;Cádiz;teclado;tienda;0,2;20,0;12;0
14383;3;Huelva;impresora;tienda;0,1;134,91;5;0
14384;3;Jaén;teclado;online;0,0;25,0;10;0
14385;1;Granada;impresora;online;0,0;149,9;3;0
14386;12;Jaén;impresora;teléfono;0,0;149,9;3;0
14387;2;Huelva;teclado;teléfono;0,2;20,0;15;0
14388;3;Granada;monitor;online;0,05;171,0;6;0
14389;8;Almería;teclado;online;0,0;25,0;14;0
14390;12;Almería;monitor;online;0,0;180,0;4;0
14391;4;Granada;impresora;online;0,0;149,9;8;0
14392;3;Almería;impresora;tienda;0,0;149,9;6;0
14393;1;Almería;portátil;online;0,0;899,9;3;0
14394;5;Cádiz;teclado;online;0,05;23,75;12;1
14395;5;Huelva;tablet;online;0,05;331,55;9;0
14396;4;Granada;impresora;online;0,05;142,4;9;0
14397;8;Granada;impresora;teléfono;0,05;142,4;3;0
14398;10;Granada;teclado;tienda;0,2;20,0;16;0
14399;11;Granada;impresora;tienda;0,05;142,4;3;0
14400;12;Sevilla;tablet;tienda;0,0;349,0;2;0
14401;2;Sevilla;portátil;tienda;0,05;854,9;4;0
14402;9;Huelva;impresora;tienda;0,1;134,91;4;0
14403;7;Sevilla;ratón;online;0,0;12,5;20;1
14404;9;Sevilla;impresora;online;0,05;142,4;7;0
14405;8;Granada;teclado;tienda;0,0;25,0;8;0
14406;2;Córdoba;monitor;online;0,1;162,0;6;0
14407;6;Córdoba;portátil;teléfono;0,0;899,9;2;0
14408;9;Cádiz;portátil;teléfono;0,0;899,9;3;0
14409;10;Huelva;tablet;online;0,05;331,55;7;1
14410;12;Almería;ratón;online;0,0;12,5;10;1
14411;1;Sevilla;teclado;online;0,0;25,0;9;1
14412;12;Cádiz;ratón;online;0,2;10,0;13;0
14413;1;Córdoba;ratón;tienda;0,1;11,25;6;0
14414;3;Almería;monitor;online;0,0;180,0;6;0
14415;6;Huelva;teclado;online;0,0;25,0;20;0
14416;3;Huelva;portátil;online;0,05;854,9;4;0
14417;3;Granada;monitor;online;0,0;180,0;5;0
14418;10;Cádiz;impresora;teléfono;0,0;149,9;1;0
14419;10;Sevilla;tablet;tienda;0,0;349,0;3;0
14420;3;Granada;teclado;tienda;0,0;25,0;14;1
14421;8;Huelva;tablet;online;0,05;331,55;7;1
14422;4;Almería;monitor;online;0,0;180,0;7;0
14423;8;Huelva;portátil;teléfono;0,0;899,9;3;0
14424;8;Cádiz;monitor;online;0,0;180,0;9;0
14425;12;Málaga;ratón;tienda;0,0;12,5;11;0
14426;12;Córdoba;tablet;tienda;0,2;279,2;4;0
14427;4;Granada;portátil;tienda;0,0;899,9;5;0
14428;2;Sevilla;impresora;tienda;0,1;134,91;5;1
14429;2;Cádiz;portátil;teléfono;0,2;719,92;2;0
14430;10;Almería;monitor;teléfono;0,0;180,0;4;0
14431;11;Málaga;portátil;online;0,05;854,9;3;0
14432;11;Cádiz;tablet;teléfono;0,05;331,55;2;1
14433;8;Cádiz;tablet;teléfono;0,1;314,1;7;0
14434;9;Huelva;monitor;online;0,0;180,0;7;0
14435;2;Granada;tablet;online;0,0;349,0;3;1
14436;6;Jaén;portátil;teléfono;0,2;719,92;5;0
14437;10;Málaga;teclado;online;0,1;22,5;10;0
14438;9;Cádiz;teclado;tienda;0,0;25,0;6;0
14439;10;Huelva;monitor;online;0,0;180,0;4;0
14440;11;Córdoba;tablet;online;0,0;349,0;1;0
14441;11;Málaga;portátil;online;0,1;809,91;4;1
14442;3;Jaén;portátil;online;0,0;899,9;4;0
14443;11;Cádiz;portátil;teléfono;0,0;899,9;2;0
14444;9;Granada;portátil;tienda;0,0;899,9;4;0
14445;11;Granada;impresora;tienda;0,1;134,91;4;1
14446;12;Málaga;monitor;online;0,0;180,0;6;0
14447;9;Cádiz;monitor;online;0,1;162,0;8;0
14448;8;Córdoba;tablet;tienda;0,0;349,0;7;0
14449;4;Jaén;portátil;tienda;0,0;899,9;3;0
14450;7;Cádiz;monitor;teléfono;0,0;180,0;3;0
14451;3;Málaga;impresora;teléfono;0,0;149,9;5;0
14452;11;Huelva;impresora;online;0,1;134,91;5;0
14453;11;Cádiz;impresora;online;0,2;119,92;5;1
14454;5;Cádiz;monitor;tienda;0,0;180,0;6;0
14455;6;Granada;teclado;tienda;0,0;25,0;7;0
14456;5;Cádiz;ratón;online;0,2;10,0;29;1
14457;7;Málaga;monitor;online;0,0;180,0;8;0
14458;8;Jaén;portátil;teléfono;0,0;899,9;3;0
14459;10;Jaén;monitor;tienda;0,0;180,0;6;0
14460;5;Cádiz;portátil;online;0,05;854,9;3;0
14461;2;Córdoba;ratón;tienda;0,0;12,5;14;1
14462;9;Huelva;impresora;online;0,05;142,4;8;0
14463;11;Granada;monitor;online;0,0;180,0;5;0
14464;2;Almería;portátil;tienda;0,0;899,9;2;0
14465;10;Jaén;monitor;tienda;0,0;180,0;4;0
14466;10;Málaga;ratón;tienda;0,05;11,88;10;0
14467;10;Sevilla;impresora;tienda;0,0;149,9;4;0
14468;9;Huelva;impresora;teléfono;0,1;134,91;4;0
14469;5;Sevilla;portátil;tienda;0,05;854,9;4;0
14470;2;Cádiz;portátil;online;0,0;899,9;5;0
14471;4;Málaga;monitor;teléfono;0,0;180,0;6;0
14472;10;Sevilla;monitor;online;0,0;180,0;7;0
14473;5;Córdoba;portátil;online;0,0;899,9;4;0
14474;4;Granada;teclado;tienda;0,0;25,0;5;0
14475;5;Sevilla;portátil;online;0,2;719,92;8;0
14476;3;Granada;impresora;tienda;0,0;149,9;4;0
14477;6;Jaén;portátil;online;0,2;719,92;11;0
14478;4;Córdoba;ratón;teléfono;0,0;12,5;9;0
14479;5;Córdoba;impresora;tienda;0,0;149,9;7;0
14480;1;Almería;ratón;online;0,05;11,88;10;0
14481;10;Sevilla;impresora;online;0,05;142,4;6;0
14482;6;Córdoba;teclado;tienda;0,2;20,0;14;0
14483;1;Huelva;impresora;teléfono;0,05;142,4;2;0
14484;9;Almería;portátil;teléfono;0,0;899,9;4;0
14485;9;Málaga;teclado;tienda;0,0;25,0;8;0
14486;11;Sevilla;ratón;online;0,0;12,5;8;0
14487;5;Sevilla;impresora;online;0,0;149,9;10;0
14488;9;Córdoba;impresora;teléfono;0,2;119,92;6;1
14489;12;Huelva;impresora;online;0,0;149,9;4;0
14490;3;Huelva;teclado;tienda;0,0;25,0;8;0
14491;9;Cádiz;monitor;tienda;0,0;180,0;6;0
14492;5;Almería;impresora;teléfono;0,0;149,9;5;0
14493;4;Granada;ratón;teléfono;0,0;12,5;10;0
14494;2;Sevilla;portátil;online;0,0;899,9;3;0
14495;10;Sevilla;ratón;online;0,2;10,0;20;0
14496;12;Cádiz;ratón;tienda;0,0;12,5;8;0
14497;5;Sevilla;monitor;tienda;0,2;144,0;10;0
14498;4;Almería;ratón;online;0,0;12,5;16;0
14499;1;Cádiz;tablet;online;0,0;349,0;5;0
14500;3;Almería;ratón;tienda;0,2;10,0;14;0
14501;5;Granada;ratón;online;0,05;11,88;25;1
14502;11;Córdoba;portátil;tienda;0,0;899,9;2;0
14503;4;Granada;monitor;tienda;0,05;171,0;9;0
14504;5;Almería;ratón;tienda;0,05;11,88;21;0
14505;7;Almería;tablet;online;0,0;349,0;6;0
14506;4;Sevilla;ratón;online;0,05;11,88;21;0
14507;5;Almería;teclado;tienda;0,0;25,0;10;1
14508;11;Málaga;tablet;online;0,05;331,55;4;0
14509;11;Sevilla;portátil;online;0,1;809,91;2;0
14510;7;Huelva;monitor;tienda;0,0;180,0;8;0
14511;6;Málaga;teclado;tienda;0,0;25,0;17;1
14512;12;Jaén;impresora;online;0,0;149,9;3;0
14513;5;Málaga;portátil;tienda;0,05;854,9;4;0
14514;3;Jaén;ratón;tienda;0,0;12,5;10;0
14515;10;Granada;teclado;tienda;0,0;25,0;6;0
14516;11;Cádiz;monitor;tienda;0,05;171,0;3;1
14517;9;Almería;monitor;online;0,1;162,0;9;0
14518;4;Córdoba;teclado;tienda;0,0;25,0;15;0
14519;4;Almería;portátil;online;0,0;899,9;2;0
14520;2;Almería;ratón;online;0,0;12,5;7;0
14521;4;Málaga;portátil;tienda;0,0;899,9;3;0
14522;6;Sevilla;tablet;teléfono;0,0;349,0;3;0
14523;10;Jaén;portátil;teléfono;0,1;809,91;2;0
14524;12;Sevilla;monitor;online;0,0;180,0;5;1
14525;8;Málaga;tablet;online;0,05;331,55;4;1
14526;11;Sevilla;tablet;tienda;0,05;331,55;4;0
14527;12;Jaén;impresora;online;0,0;149,9;4;0
14528;3;Huelva;monitor;teléfono;0,0;180,0;4;1
14529;4;Sevilla;monitor;online;0,0;180,0;6;0
14530;11;Cádiz;monitor;tienda;0,0;180,0;2;0
14531;7;Cádiz;teclado;tienda;0,0;25,0;16;0
14532;7;Huelva;impresora;online;0,0;149,9;7;0
14533;1;Almería;impresora;tienda;0,1;134,91;5;1
14534;12;Granada;impresora;tienda;0,05;142,4;4;0
14535;6;Cádiz;teclado;tienda;0,0;25,0;15;0
14536;10;Cádiz;impresora;teléfono;0,0;149,9;3;0
14537;11;Almería;ratón;online;0,2;10,0;14;0
14538;1;Jaén;impresora;online;0,0;149,9;5;0
14539;9;Córdoba;tablet;online;0,05;331,55;6;0
14540;2;Granada;tablet;online;0,0;349,0;5;0
14541;5;Almería;ratón;online;0,05;11,88;23;1
14542;6;Sevilla;impresora;online;0,0;149,9;9;0
14543;7;Málaga;impresora;tienda;0,2;119,92;9;0
14544;5;Málaga;ratón;online;0,0;12,5;16;0
14545;8;Granada;portátil;online;0,05;854,9;3;0
14546;6;Córdoba;teclado;online;0,0;25,0;24;1
14547;9;Huelva;portátil;teléfono;0,05;854,9;2;0
14548;12;Córdoba;impresora;teléfono;0,0;149,9;3;0
14549;4;Huelva;impresora;online;0,2;119,92;10;0
14550;2;Málaga;portátil;tienda;0,05;854,9;3;0
14551;2;Sevilla;ratón;online;0,0;12,5;11;0
14552;1;Granada;ratón;tienda;0,05;11,88;6;0
14553;1;Jaén;teclado;online;0,0;25,0;7;0
14554;8;Huelva;teclado;tienda;0,05;23,75;11;0
14555;4;Sevilla;impresora;tienda;0,05;142,4;9;0
14556;9;Cádiz;monitor;online;0,0;180,0;6;0
14557;5;Cádiz;impresora;online;0,05;142,4;10;0
14558;3;Málaga;teclado;online;0,0;25,0;9;0
14559;6;Huelva;impresora;online;0,05;142,4;9;0
14560;3;Jaén;impresora;tienda;0,0;149,9;5;0
14561;2;Almería;portátil;teléfono;0,0;899,9;2;0
14562;10;Cádiz;teclado;tienda;0,2;20,0;15;1
14563;12;Cádiz;teclado;online;0,2;20,0;6;0
14564;8;Almería;monitor;tienda;0,0;180,0;2;0
14565;9;Cádiz;tablet;teléfono;0,0;349,0;3;0
14566;11;Huelva;monitor;teléfono;0,0;180,0;3;0
14567;6;Sevilla;teclado;tienda;0,0;25,0;14;0
14568;9;Almería;tablet;tienda;0,1;314,1;5;0
14569;4;Huelva;tablet;teléfono;0,0;349,0;3;1
14570;10;Málaga;portátil;teléfono;0,1;809,91;3;0
14571;10;Sevilla;tablet;online;0,05;331,55;5;0
14572;3;Córdoba;impresora;tienda;0,0;149,9;5;0
14573;7;Huelva;tablet;tienda;0,05;331,55;6;0
14574;8;Granada;ratón;online;0,0;12,5;14;1
14575;5;Granada;monitor;online;0,1;162,0;8;0
14576;9;Jaén;portátil;tienda;0,0;899,9;3;1
14577;11;Málaga;tablet;online;0,0;349,0;4;0
14578;3;Huelva;monitor;online;0,0;180,0;7;1
14579;2;Sevilla;impresora;online;0,0;149,9;5;0
14580;3;Huelva;teclado;online;0,0;25,0;13;0
14581;6;Granada;teclado;online;0,05;23,75;21;0
14582;7;Granada;monitor;online;0,0;180,0;8;0
14583;3;Córdoba;monitor;online;0,0;180,0;8;0
14584;9;Málaga;impresora;tienda;0,0;149,9;3;0
14585;5;Huelva;ratón;online;0,0;12,5;22;1
14586;2;Jaén;ratón;online;0,0;12,5;12;0
14587;11;Málaga;monitor;online;0,0;180,0;4;0
14588;4;Granada;teclado;online;0,05;23,75;22;0
14589;2;Granada;teclado;online;0,1;22,5;13;0
14590;12;Huelva;tablet;online;0,2;279,2;4;1
14591;7;Málaga;teclado;tienda;0,0;25,0;12;0
14592;6;Almería;teclado;tienda;0,0;25,0;16;0
14593;7;Huelva;impresora;online;0,05;142,4;11;0
14594;2;Cádiz;monitor;online;0,0;180,0;4;0
14595;3;Sevilla;tablet;tienda;0,0;349,0;4;0
14596;6;Almería;monitor;online;0,2;144,0;12;0
14597;2;Cádiz;impresora;tienda;0,05;142,4;3;0
14598;3;Cádiz;teclado;tienda;0,0;25,0;7;0
14599;3;Sevilla;portátil;tienda;0,2;719,92;5;0
14600;9;Granada;teclado;tienda;0,2;20,0;11;0
14601;5;Sevilla;monitor;tienda;0,0;180,0;6;0
14602;4;Cádiz;teclado;online;0,05;23,75;16;0
14603;2;Almería;impresora;tienda;0,1;134,91;5;0
14604;5;Málaga;teclado;tienda;0,05;23,75;16;0
14605;11;Córdoba;ratón;tienda;0,05;11,88;12;0
14606;2;Almería;teclado;online;0,0;25,0;13;0
14607;5;Sevilla;impresora;online;0,0;149,9;5;0
14608;6;Córdoba;teclado;online;0,05;23,75;6;0
14609;12;Jaén;teclado;tienda;0,0;25,0;5;1
14610;8;Málaga;monitor;tienda;0,05;171,0;5;0
14611;12;Cádiz;monitor;online;0,05;171,0;3;0
14612;10;Málaga;teclado;teléfono;0,0;25,0;5;0
14613;10;Córdoba;ratón;tienda;0,05;11,88;8;0
14614;8;Almería;impresora;tienda;0,2;119,92;7;0
14615;1;Sevilla;monitor;online;0,0;180,0;4;1
14616;4;Almería;monitor;tienda;0,0;180,0;5;0
14617;2;Sevilla;monitor;online;0,1;162,0;7;0
14618;12;Jaén;teclado;teléfono;0,1;22,5;7;0
14619;6;Sevilla;teclado;online;0,05;23,75;20;0
14620;12;Sevilla;portátil;tienda;0,05;854,9;3;0
14621;3;Málaga;tablet;tienda;0,0;349,0;4;0
14622;9;Sevilla;ratón;online;0,2;10,0;22;1
14623;7;Sevilla;ratón;online;0,05;11,88;26;1
14624;2;Huelva;portátil;tienda;0,0;899,9;3;0
14625;4;Almería;ratón;online;0,0;12,5;16;0
14626;3;Jaén;ratón;tienda;0,1;11,25;17;0
14627;7;Granada;teclado;tienda;0,0;25,0;15;1
14628;1;Huelva;monitor;teléfono;0,05;171,0;4;0
14629;2;Málaga;impresora;tienda;0,0;149,9;5;0
14630;9;Málaga;tablet;online;0,0;349,0;5;0
14631;12;Almería;impresora;tienda;0,0;149,9;3;0
14632;4;Huelva;tablet;teléfono;0,1;314,1;1;1
14633;8;Granada;ratón;online;0,0;12,5;20;0
14634;2;Cádiz;monitor;tienda;0,1;162,0;6;1
14635;6;Córdoba;ratón;tienda;0,0;12,5;17;1
14636;1;Granada;ratón;online;0,0;12,5;13;0
14637;7;Cádiz;portátil;online;0,0;899,9;5;0
14638;11;Almería;teclado;online;0,0;25,0;6;1
14639;12;Sevilla;tablet;online;0,0;349,0;4;0
14640;5;Jaén;monitor;online;0,2;144,0;14;0
14641;10;Jaén;tablet;online;0,0;349,0;5;1
14642;2;Sevilla;impresora;tienda;0,0;149,9;5;0
14643;3;Córdoba;portátil;tienda;0,0;899,9;4;0
14644;1;Huelva;impresora;teléfono;0,0;149,9;3;0
14645;9;Jaén;portátil;online;0,0;899,9;5;1
14646;1;Córdoba;teclado;tienda;0,0;25,0;6;0
14647;9;Cádiz;portátil;online;0,0;899,9;4;0
14648;4;Córdoba;tablet;tienda;0,0;349,0;3;0
14649;11;Granada;teclado;tienda;0,0;25,0;7;0
14650;2;Huelva;teclado;online;0,0;25,0;11;1
14651;6;Sevilla;ratón;tienda;0,0;12,5;15;0
14652;10;Málaga;ratón;teléfono;0,0;12,5;4;0
14653;1;Huelva;portátil;tienda;0,05;854,9;2;1
14654;9;Córdoba;portátil;tienda;0,05;854,9;2;0
14655;5;Granada;impresora;tienda;0,0;149,9;7;0
14656;11;Huelva;ratón;tienda;0,05;11,88;9;0
14657;4;Almería;portátil;tienda;0,1;809,91;4;0
14658;5;Huelva;portátil;tienda;0,2;719,92;6;0
14659;3;Cádiz;portátil;teléfono;0,0;899,9;2;0
14660;3;Jaén;monitor;tienda;0,1;162,0;4;0
14661;10;Granada;tablet;teléfono;0,0;349,0;2;0
14662;1;Almería;portátil;tienda;0,05;854,9;3;0
14663;1;Cádiz;ratón;online;0,1;11,25;10;1
14664;2;Almería;tablet;tienda;0,0;349,0;4;0
14665;9;Córdoba;impresora;teléfono;0,0;149,9;3;0
14666;1;Cádiz;tablet;teléfono;0,0;349,0;2;0
14667;4;Huelva;impresora;tienda;0,0;149,9;4;0
14668;10;Granada;monitor;teléfono;0,05;171,0;5;0
14669;8;Málaga;impresora;online;0,0;149,9;5;0
14670;11;Málaga;teclado;tienda;0,05;23,75;7;0
14671;1;Málaga;ratón;online;0,0;12,5;14;0
14672;10;Cádiz;teclado;tienda;0,0;25,0;8;0
14673;6;Sevilla;ratón;tienda;0,0;12,5;17;0
14674;2;Córdoba;ratón;tienda;0,0;12,5;10;0
14675;8;Granada;portátil;tienda;0,0;899,9;4;0
14676;6;Jaén;portátil;tienda;0,1;809,91;6;0
14677;4;Córdoba;teclado;online;0,0;25,0;13;0
14678;12;Sevilla;impresora;tienda;0,0;149,9;4;0
14679;12;Granada;monitor;online;0,2;144,0;3;0
14680;4;Huelva;portátil;tienda;0,0;899,9;3;0
14681;9;Málaga;portátil;tienda;0,0;899,9;3;0
14682;4;Jaén;impresora;online;0,0;149,9;6;0
14683;7;Jaén;ratón;teléfono;0,0;12,5;11;0
14684;8;Granada;tablet;tienda;0,0;349,0;4;0
14685;2;Granada;portátil;teléfono;0,05;854,9;2;0
14686;9;Córdoba;teclado;online;0,1;22,5;12;0
14687;3;Sevilla;ratón;online;0,0;12,5;16;0
14688;9;Sevilla;impresora;online;0,0;149,9;7;1
14689;12;Jaén;impresora;tienda;0,0;149,9;3;0
14690;12;Granada;impresora;tienda;0,1;134,91;3;0
14691;9;Almería;teclado;tienda;0,0;25,0;9;1
14692;12;Córdoba;teclado;tienda;0,0;25,0;7;0
14693;12;Sevilla;ratón;tienda;0,0;12,5;8;0
14694;11;Córdoba;impresora;online;0,1;134,91;5;0
14695;9;Almería;portátil;tienda;0,2;719,92;5;0
14696;3;Cádiz;teclado;online;0,1;22,5;11;0
14697;3;Jaén;teclado;tienda;0,0;25,0;11;0
14698;10;Cádiz;impresora;online;0,0;149,9;4;0
14699;1;Cádiz;portátil;online;0,1;809,91;4;0
14700;1;Granada;monitor;online;0,2;144,0;8;0
14701;7;Granada;monitor;tienda;0,05;171,0;8;0
14702;10;Almería;portátil;online;0,05;854,9;4;0
14703;10;Granada;portátil;tienda;0,0;899,9;2;0
14704;4;Málaga;teclado;online;0,0;25,0;17;0
14705;5;Sevilla;teclado;online;0,05;23,75;20;1
14706;8;Sevilla;portátil;online;0,0;899,9;7;0
14707;11;Sevilla;tablet;online;0,05;331,55;3;0
14708;7;Málaga;monitor;teléfono;0,0;180,0;6;0
14709;11;Cádiz;tablet;tienda;0,0;349,0;3;0
14710;3;Málaga;impresora;tienda;0,1;134,91;5;0
14711;8;Jaén;impresora;tienda;0,1;134,91;6;0
14712;7;Huelva;tablet;tienda;0,0;349,0;6;0
14713;7;Cádiz;impresora;tienda;0,0;149,9;8;0
14714;7;Sevilla;teclado;tienda;0,0;25,0;13;0
14715;12;Granada;tablet;online;0,05;331,55;6;0
14716;8;Almería;tablet;tienda;0,0;349,0;5;0
14717;6;Jaén;tablet;online;0,05;331,55;7;0
14718;6;Almería;ratón;teléfono;0,0;12,5;7;1
14719;3;Córdoba;ratón;online;0,05;11,88;16;0
14720;12;Huelva;tablet;online;0,1;314,1;3;1
14721;8;Córdoba;portátil;online;0,2;719,92;8;0
14722;6;Cádiz;impresora;online;0,05;142,4;12;0
14723;9;Málaga;tablet;tienda;0,0;349,0;5;0
14724;11;Sevilla;impresora;online;0,0;149,9;4;0
14725;6;Sevilla;ratón;tienda;0,0;12,5;12;1
14726;10;Huelva;ratón;online;0,0;12,5;13;0
14727;1;Almería;impresora;tienda;0,0;149,9;3;0
14728;6;Jaén;teclado;tienda;0,05;23,75;17;1
14729;9;Málaga;monitor;teléfono;0,0;180,0;4;0
14730;2;Granada;teclado;teléfono;0,1;22,5;4;1
14731;11;Málaga;impresora;online;0,1;134,91;4;0
14732;7;Cádiz;monitor;teléfono;0,1;162,0;8;0
14733;12;Málaga;portátil;online;0,05;854,9;3;0
14734;11;Jaén;ratón;teléfono;0,0;12,5;4;0
14735;7;Jaén;portátil;online;0,1;809,91;9;0
14736;2;Sevilla;ratón;teléfono;0,05;11,88;10;0
14737;1;Granada;ratón;online;0,05;11,88;9;0
14738;6;Cádiz;teclado;teléfono;0,0;25,0;11;0
14739;6;Jaén;monitor;tienda;0,05;171,0;7;0
14740;4;Málaga;monitor;online;0,0;180,0;8;1
14741;10;Granada;ratón;online;0,0;12,5;16;0
14742;1;Málaga;portátil;teléfono;0,05;854,9;3;0
14743;11;Sevilla;teclado;online;0,1;22,5;12;0
14744;9;Granada;portátil;tienda;0,2;719,92;5;0
14745;7;Huelva;monitor;online;0,0;180,0;11;1
14746;6;Jaén;monitor;online;0,0;180,0;8;1
14747;11;Almería;impresora;tienda;0,2;119,92;4;0
14748;11;Jaén;teclado;teléfono;0,0;25,0;5;0
14749;12;Granada;tablet;teléfono;0,05;331,55;2;0
14750;7;Huelva;impresora;tienda;0,0;149,9;6;0
14751;11;Córdoba;monitor;tienda;0,05;171,0;3;0
14752;7;Jaén;portátil;tienda;0,0;899,9;4;0
14753;6;Almería;teclado;online;0,1;22,5;22;0
14754;10;Málaga;ratón;tienda;0,1;11,25;13;0
14755;11;Córdoba;tablet;online;0,05;331,55;4;0
14756;7;Granada;tablet;tienda;0,0;349,0;5;0
14757;12;Sevilla;teclado;tienda;0,0;25,0;7;0
14758;7;Sevilla;teclado;teléfono;0,0;25,0;11;0
14759;2;Córdoba;tablet;online;0,05;331,55;3;0
14760;6;Granada;tablet;online;0,05;331,55;6;0
14761;4;Sevilla;impresora;online;0,0;149,9;6;0
14762;4;Cádiz;tablet;teléfono;0,0;349,0;3;0
14763;10;Málaga;impresora;tienda;0,0;149,9;4;0
14764;2;Almería;teclado;tienda;0,0;25,0;11;0
14765;10;Málaga;ratón;online;0,05;11,88;9;0
14766;4;Málaga;monitor;tienda;0,0;180,0;7;0
14767;8;Málaga;tablet;tienda;0,0;349,0;4;1
14768;2;Córdoba;ratón;online;0,05;11,88;16;0
14769;4;Almería;monitor;online;0,0;180,0;5;0
14770;10;Jaén;teclado;tienda;0,2;20,0;9;0
14771;8;Almería;impresora;online;0,05;142,4;8;0
14772;11;Huelva;tablet;online;0,0;349,0;4;0
14773;4;Cádiz;monitor;tienda;0,0;180,0;6;0
14774;4;Málaga;tablet;online;0,05;331,55;6;1
14775;4;Córdoba;teclado;online;0,0;25,0;16;0
14776;7;Granada;ratón;online;0,0;12,5;12;0
14777;7;Granada;ratón;online;0,2;10,0;24;0
14778;6;Cádiz;monitor;tienda;0,0;180,0;7;0
14779;9;Granada;monitor;teléfono;0,1;162,0;5;1
14780;6;Córdoba;impresora;teléfono;0,0;149,9;5;1
14781;7;Córdoba;tablet;online;0,0;349,0;7;0
14782;10;Huelva;portátil;online;0,1;809,91;4;0
14783;5;Granada;ratón;online;0,1;11,25;16;1
14784;2;Sevilla;tablet;online;0,0;349,0;3;0
14785;7;Málaga;impresora;online;0,0;149,9;7;0
14786;12;Málaga;ratón;tienda;0,05;11,88;6;0
14787;7;Granada;monitor;tienda;0,0;180,0;7;0
14788;3;Granada;impresora;teléfono;0,1;134,91;4;0
14789;6;Sevilla;tablet;tienda;0,0;349,0;3;0
14790;1;Almería;impresora;tienda;0,0;149,9;3;0
14791;9;Jaén;portátil;online;0,0;899,9;3;0
14792;9;Cádiz;teclado;online;0,0;25,0;11;0
14793;2;Granada;monitor;online;0,1;162,0;9;0
14794;10;Sevilla;portátil;tienda;0,0;899,9;2;0
14795;9;Almería;ratón;online;0,05;11,88;16;0
14796;1;Huelva;tablet;online;0,05;331,55;3;0
14797;11;Granada;impresora;tienda;0,0;149,9;3;0
14798;8;Jaén;teclado;online;0,05;23,75;19;0
14799;5;Cádiz;teclado;teléfono;0,0;25,0;14;0
14800;3;Almería;ratón;online;0,0;12,5;12;0
14801;11;Córdoba;ratón;tienda;0,0;12,5;8;0
14802;7;Huelva;monitor;online;0,0;180,0;8;1
14803;7;Granada;impresora;online;0,0;149,9;7;0
14804;8;Granada;tablet;tienda;0,2;279,2;6;0
14805;8;Málaga;monitor;online;0,0;180,0;3;0
14806;2;Málaga;impresora;online;0,0;149,9;4;1
14807;9;Cádiz;impresora;online;0,0;149,9;7;0
14808;11;Jaén;ratón;tienda;0,0;12,5;7;0
14809;7;Sevilla;tablet;tienda;0,2;279,2;8;0
14810;8;Jaén;tablet;online;0,0;349,0;4;0
14811;3;Málaga;ratón;online;0,05;11,88;16;0
14812;3;Cádiz;ratón;tienda;0,0;12,5;14;0
14813;8;Cádiz;teclado;online;0,0;25,0;15;1
14814;1;Málaga;portátil;tienda;0,0;899,9;2;0
14815;3;Sevilla;impresora;tienda;0,0;149,9;3;0
14816;7;Almería;teclado;tienda;0,0;25,0;12;0
14817;5;Jaén;impresora;online;0,1;134,91;11;0
14818;2;Córdoba;impresora;tienda;0,05;142,4;4;0
14819;7;Jaén;teclado;online;0,0;25,0;13;0
14820;8;Córdoba;tablet;tienda;0,0;349,0;6;0
14821;12;Córdoba;teclado;tienda;0,0;25,0;7;0
14822;8;Huelva;teclado;teléfono;0,0;25,0;8;0
14823;6;Jaén;tablet;online;0,2;279,2;12;0
14824;4;Málaga;impresora;online;0,0;149,9;5;0
14825;9;Almería;ratón;online;0,0;12,5;19;0
14826;6;Huelva;impresora;tienda;0,05;142,4;6;0
14827;7;Cádiz;monitor;tienda;0,0;180,0;4;1
14828;10;Jaén;teclado;online;0,05;23,75;12;1
14829;10;Huelva;impresora;tienda;0,2;119,92;3;0
14830;9;Córdoba;impresora;online;0,1;134,91;9;1
14831;5;Málaga;tablet;online;0,1;314,1;10;1
14832;2;Almería;monitor;tienda;0,0;180,0;4;0
14833;4;Cádiz;teclado;online;0,0;25,0;13;0
14834;10;Málaga;ratón;tienda;0,0;12,5;11;0
14835;10;Jaén;teclado;tienda;0,0;25,0;9;0
14836;10;Jaén;ratón;tienda;0,0;12,5;11;0
14837;7;Córdoba;ratón;teléfono;0,05;11,88;14;0
14838;1;Cádiz;monitor;tienda;0,0;180,0;2;1
14839;2;Málaga;monitor;online;0,0;180,0;6;0
14840;2;Málaga;tablet;online;0,0;349,0;4;0
14841;4;Cádiz;ratón;online;0,0;12,5;14;0
14842;8;Huelva;portátil;online;0,2;719,92;9;0
14843;1;Sevilla;portátil;tienda;0,0;899,9;2;0
14844;12;Sevilla;ratón;online;0,1;11,25;11;0
14845;10;Almería;teclado;online;0,1;22,5;13;0
14846;6;Córdoba;monitor;online;0,05;171,0;9;0
14847;12;Huelva;tablet;tienda;0,05;331,55;3;0
14848;7;Málaga;tablet;online;0,0;349,0;8;0
14849;3;Córdoba;portátil;tienda;0,2;719,92;4;0
14850;1;Almería;portátil;online;0,1;809,91;4;0
14851;4;Málaga;tablet;online;0,05;331,55;8;0
14852;5;Córdoba;tablet;online;0,0;349,0;4;0
14853;1;Huelva;tablet;online;0,0;349,0;4;0
14854;1;Granada;tablet;tienda;0,0;349,0;2;0
14855;5;Almería;tablet;online;0,0;349,0;7;0
14856;6;Huelva;ratón;online;0,05;11,88;20;1
14857;12;Almería;portátil;teléfono;0,0;899,9;2;0
14858;9;Sevilla;teclado;tienda;0,0;25,0;10;0
14859;4;Cádiz;tablet;tienda;0,0;349,0;4;1
14860;6;Málaga;teclado;online;0,05;23,75;12;0
14861;8;Jaén;monitor;online;0,0;180,0;7;0
14862;10;Málaga;ratón;online;0,05;11,88;17;0
14863;4;Huelva;monitor;tienda;0,0;180,0;7;0
14864;11;Málaga;portátil;online;0,1;809,91;3;0
14865;9;Málaga;portátil;tienda;0,0;899,9;2;0
14866;3;Cádiz;impresora;online;0,05;142,4;8;0
14867;10;Málaga;ratón;online;0,2;10,0;10;1
14868;7;Jaén;monitor;online;0,0;180,0;6;0
14869;9;Cádiz;tablet;tienda;0,0;349,0;4;1
14870;7;Huelva;portátil;tienda;0,0;899,9;3;0
14871;5;Jaén;ratón;online;0,0;12,5;17;1
14872;3;Cádiz;teclado;tienda;0,1;22,5;8;0
14873;9;Jaén;impresora;online;0,0;149,9;7;0
14874;8;Huelva;ratón;tienda;0,0;12,5;18;0
14875;6;Cádiz;teclado;teléfono;0,0;25,0;7;0
14876;11;Almería;ratón;online;0,1;11,25;8;1
14877;11;Málaga;portátil;online;0,05;854,9;3;0
14878;9;Sevilla;ratón;tienda;0,05;11,88;10;0
14879;5;Cádiz;monitor;tienda;0,0;180,0;6;0
14880;8;Sevilla;monitor;online;0,05;171,0;9;0
14881;10;Jaén;monitor;tienda;0,1;162,0;6;0
14882;12;Sevilla;teclado;teléfono;0,0;25,0;7;0
14883;8;Málaga;tablet;teléfono;0,2;279,2;7;0
14884;9;Málaga;monitor;tienda;0,0;180,0;8;0
14885;2;Málaga;tablet;online;0,1;314,1;7;0
14886;3;Córdoba;ratón;teléfono;0,05;11,88;10;0
14887;3;Málaga;teclado;tienda;0,05;23,75;10;0
14888;1;Sevilla;impresora;tienda;0,0;149,9;4;0
14889;8;Córdoba;monitor;online;0,0;180,0;6;0
14890;1;Málaga;portátil;online;0,0;899,9;3;1
14891;5;Sevilla;teclado;online;0,05;23,75;22;1
14892;7;Almería;portátil;online;0,05;854,9;7;0
14893;10;Jaén;tablet;tienda;0,0;349,0;2;0
14894;4;Almería;portátil;teléfono;0,0;899,9;2;0
14895;3;Almería;monitor;tienda;0,05;171,0;2;0
14896;10;Jaén;impresora;online;0,1;134,91;6;0
14897;10;Almería;ratón;online;0,0;12,5;15;0
14898;5;Jaén;ratón;online;0,1;11,25;15;0
14899;3;Jaén;monitor;teléfono;0,0;180,0;6;0
14900;6;Granada;ratón;online;0,0;12,5;19;1
14901;5;Córdoba;tablet;teléfono;0,2;279,2;5;0
14902;4;Córdoba;ratón;online;0,0;12,5;14;1
14903;8;Córdoba;ratón;tienda;0,0;12,5;9;0
14904;2;Huelva;monitor;tienda;0,0;180,0;3;0
14905;9;Cádiz;teclado;teléfono;0,1;22,5;9;0
14906;5;Granada;portátil;online;0,0;899,9;4;0
14907;12;Málaga;ratón;tienda;0,1;11,25;8;0
14908;2;Almería;teclado;tienda;0,1;22,5;7;0
14909;10;Córdoba;teclado;online;0,0;25,0;9;0
14910;7;Córdoba;teclado;online;0,05;23,75;24;0
14911;5;Sevilla;impresora;tienda;0,1;134,91;7;0
14912;3;Málaga;tablet;online;0,1;314,1;7;0
14913;10;Sevilla;portátil;tienda;0,2;719,92;2;0
14914;2;Granada;ratón;tienda;0,0;12,5;9;0
14915;2;Granada;monitor;tienda;0,05;171,0;3;0
14916;8;Sevilla;monitor;tienda;0,0;180,0;4;0
14917;11;Málaga;monitor;online;0,0;180,0;5;0
14918;2;Jaén;teclado;online;0,0;25,0;12;1
14919;5;Sevilla;monitor;online;0,0;180,0;6;0
14920;10;Granada;tablet;tienda;0,0;349,0;4;0
14921;7;Granada;tablet;online;0,2;279,2;7;0
14922;1;Huelva;impresora;tienda;0,0;149,9;3;0
14923;12;Granada;portátil;tienda;0,0;899,9;2;1
14924;8;Cádiz;portátil;tienda;0,05;854,9;4;0
14925;8;Huelva;ratón;tienda;0,05;11,88;16;0
14926;2;Huelva;teclado;tienda;0,05;23,75;7;0
14927;10;Huelva;tablet;online;0,0;349,0;4;0
14928;10;Córdoba;ratón;online;0,0;12,5;11;0
14929;8;Huelva;monitor;online;0,05;171,0;9;1
14930;6;Huelva;portátil;online;0,0;899,9;5;0
14931;2;Jaén;monitor;online;0,0;180,0;6;0
14932;5;Córdoba;portátil;online;0,2;719,92;1;0
14933;5;Málaga;teclado;teléfono;0,0;25,0;10;0
14934;7;Jaén;monitor;online;0,0;180,0;6;0
14935;5;Jaén;teclado;teléfono;0,0;25,0;12;0
14936;2;Cádiz;tablet;online;0,0;349,0;4;0
14937;1;Sevilla;monitor;online;0,05;171,0;4;0
14938;1;Sevilla;impresora;tienda;0,0;149,9;2;0
14939;10;Sevilla;ratón;tienda;0,0;12,5;7;0
14940;6;Málaga;ratón;tienda;0,0;12,5;14;0
14941;5;Córdoba;monitor;tienda;0,0;180,0;4;0
14942;10;Almería;impresora;online;0,0;149,9;4;0
14943;12;Córdoba;tablet;tienda;0,1;314,1;2;0
14944;5;Jaén;tablet;online;0,0;349,0;8;0
14945;9;Granada;teclado;tienda;0,0;25,0;10;0
14946;1;Sevilla;portátil;tienda;0,0;899,9;1;0
14947;5;Jaén;impresora;tienda;0,0;149,9;6;1
14948;8;Málaga;portátil;online;0,0;899,9;3;0
14949;1;Huelva;impresora;tienda;0,0;149,9;4;0
14950;10;Huelva;tablet;teléfono;0,0;349,0;4;0
14951;12;Almería;tablet;teléfono;0,0;349,0;2;0
14952;11;Almería;teclado;tienda;0,0;25,0;9;0
14953;1;Almería;teclado;online;0,0;25,0;9;1
14954;12;Granada;ratón;online;0,05;11,88;11;0
14955;5;Jaén;ratón;tienda;0,0;12,5;16;0
14956;1;Sevilla;monitor;online;0,05;171,0;5;0
14957;3;Cádiz;tablet;teléfono;0,0;349,0;3;0
14958;2;Cádiz;tablet;online;0,1;314,1;4;0
14959;12;Almería;teclado;teléfono;0,0;25,0;5;0
14960;11;Sevilla;impresora;tienda;0,0;149,9;4;0
14961;11;Cádiz;ratón;teléfono;0,05;11,88;5;0
14962;3;Córdoba;monitor;online;0,0;180,0;7;0
14963;4;Jaén;portátil;teléfono;0,2;719,92;4;0
14964;12;Córdoba;teclado;tienda;0,0;25,0;5;0
14965;3;Málaga;teclado;online;0,0;25,0;14;0
14966;7;Almería;tablet;online;0,0;349,0;3;0
14967;1;Almería;teclado;teléfono;0,0;25,0;5;0
14968;12;Córdoba;ratón;online;0,05;11,88;13;1
14969;1;Sevilla;monitor;online;0,1;162,0;7;0
14970;7;Sevilla;impresora;teléfono;0,0;149,9;7;0
14971;2;Sevilla;monitor;online;0,0;180,0;6;0
14972;6;Córdoba;teclado;tienda;0,0;25,0;9;0
14973;6;Málaga;portátil;online;0,1;809,91;7;0
14974;2;Almería;tablet;tienda;0,1;314,1;5;0
14975;6;Huelva;portátil;tienda;0,2;719,92;5;0
14976;1;Sevilla;monitor;online;0,05;171,0;5;0
14977;9;Almería;portátil;online;0,2;719,92;5;0
14978;11;Granada;monitor;online;0,0;180,0;5;1
14979;2;Málaga;portátil;online;0,05;854,9;3;0
14980;11;Málaga;ratón;teléfono;0,05;11,88;5;0
14981;2;Granada;impresora;online;0,0;149,9;5;1
14982;8;Córdoba;ratón;online;0,05;11,88;17;1
14983;7;Cádiz;monitor;teléfono;0,0;180,0;6;0
14984;10;Jaén;monitor;tienda;0,0;180,0;4;0
14985;1;Sevilla;teclado;tienda;0,2;20,0;7;0
14986;9;Málaga;teclado;tienda;0,0;25,0;7;0
14987;4;Córdoba;impresora;online;0,0;149,9;5;0
14988;8;Jaén;teclado;tienda;0,0;25,0;14;0
14989;12;Sevilla;teclado;online;0,05;23,75;8;0
14990;11;Cádiz;tablet;tienda;0,0;349,0;2;0
14991;3;Granada;impresora;teléfono;0,0;149,9;3;0
14992;7;Málaga;portátil;online;0,0;899,9;5;0
14993;5;Sevilla;monitor;tienda;0,05;171,0;7;0
14994;2;Almería;tablet;tienda;0,0;349,0;3;0
14995;6;Jaén;impresora;online;0,2;119,92;13;0
14996;6;Córdoba;monitor;tienda;0,2;144,0;14;0
14997;8;Huelva;teclado;tienda;0,2;20,0;23;1
14998;8;Almería;monitor;tienda;0,2;144,0;6;0
14999;10;Sevilla;ratón;online;0,0;12,5;12;0
15000;8;Córdoba;tablet;online;0,0;349,0;6;0
15001;4;Huelva;monitor;online;0,05;171,0;9;0
15002;5;Málaga;portátil;teléfono;0,2;719,92;6;0
15003;7;Almería;monitor;online;0,05;171,0;6;0
15004;6;Málaga;teclado;online;0,0;25,0;18;1
15005;2;Córdoba;monitor;tienda;0,05;171,0;3;1
15006;8;Cádiz;tablet;online;0,0;349,0;7;0
15007;4;Sevilla;monitor;teléfono;0,05;171,0;5;0
15008;12;Málaga;impresora;tienda;0,0;149,9;3;0
15009;5;Granada;ratón;tienda;0,2;10,0;25;0
15010;11;Almería;tablet;online;0,0;349,0;3;0
15011;5;Sevilla;ratón;teléfono;0,0;12,5;8;0
15012;2;Granada;teclado;tienda;0,05;23,75;7;0
15013;8;Málaga;tablet;online;0,0;349,0;6;0
15014;2;Jaén;tablet;teléfono;0,05;331,55;3;0
15015;10;Huelva;teclado;online;0,05;23,75;12;0
15016;6;Sevilla;tablet;online;0,0;349,0;6;1
15017;8;Cádiz;portátil;teléfono;0,2;719,92;3;0
15018;5;Córdoba;portátil;teléfono;0,0;899,9;3;0
15019;9;Málaga;ratón;tienda;0,0;12,5;13;0
15020;11;Jaén;portátil;online;0,05;854,9;3;0
15021;1;Cádiz;portátil;tienda;0,05;854,9;2;0
15022;6;Jaén;monitor;tienda;0,1;162,0;7;0
15023;8;Huelva;impresora;tienda;0,0;149,9;6;0
15024;12;Huelva;impresora;tienda;0,0;149,9;3;0
15025;2;Jaén;tablet;online;0,0;349,0;4;0
15026;8;Jaén;impresora;tienda;0,0;149,9;6;1
15027;10;Granada;ratón;online;0,0;12,5;7;0
15028;5;Córdoba;portátil;online;0,0;899,9;5;1
15029;3;Cádiz;portátil;tienda;0,1;809,91;5;0
15030;8;Málaga;teclado;tienda;0,0;25,0;13;0
15031;3;Sevilla;teclado;online;0,0;25,0;10;0
15032;12;Huelva;teclado;tienda;0,1;22,5;6;0
15033;7;Granada;portátil;tienda;0,2;719,92;7;0
15034;6;Cádiz;monitor;tienda;0,0;180,0;10;0
15035;6;Sevilla;impresora;tienda;0,2;119,92;12;0
15036;5;Córdoba;teclado;online;0,0;25,0;12;0
15037;3;Huelva;teclado;tienda;0,05;23,75;11;0
15038;9;Cádiz;tablet;online;0,0;349,0;4;0
15039;1;Sevilla;ratón;online;0,0;12,5;10;0
15040;4;Almería;tablet;online;0,2;279,2;6;0
15041;1;Almería;portátil;tienda;0,0;899,9;2;0
15042;6;Huelva;teclado;teléfono;0,1;22,5;16;0
15043;6;Jaén;teclado;online;0,0;25,0;20;1
15044;7;Huelva;teclado;tienda;0,1;22,5;12;0
15045;4;Jaén;portátil;teléfono;0,1;809,91;4;0
15046;12;Sevilla;portátil;teléfono;0,2;719,92;3;0
15047;1;Cádiz;ratón;online;0,0;12,5;15;0
15048;10;Granada;tablet;online;0,1;314,1;6;0
15049;11;Cádiz;impresora;tienda;0,0;149,9;2;1
15050;3;Málaga;portátil;online;0,0;899,9;3;0
15051;2;Almería;teclado;tienda;0,0;25,0;9;0
15052;7;Jaén;impresora;tienda;0,1;134,91;10;0
15053;4;Granada;tablet;online;0,0;349,0;4;0
15054;2;Huelva;monitor;online;0,0;180,0;5;0
15055;10;Huelva;portátil;tienda;0,0;899,9;2;0
15056;2;Sevilla;monitor;tienda;0,0;180,0;6;1
15057;9;Jaén;monitor;teléfono;0,1;162,0;6;0
15058;2;Córdoba;impresora;tienda;0,0;149,9;4;0
15059;8;Almería;portátil;tienda;0,05;854,9;5;0
15060;12;Granada;monitor;tienda;0,0;180,0;5;0
15061;10;Sevilla;monitor;tienda;0,0;180,0;4;0
15062;6;Cádiz;tablet;online;0,0;349,0;7;0
15063;7;Sevilla;portátil;teléfono;0,0;899,9;3;1
15064;9;Almería;monitor;online;0,0;180,0;11;1
15065;6;Almería;ratón;teléfono;0,0;12,5;19;1
15066;10;Sevilla;teclado;online;0,0;25,0;12;1
15067;12;Granada;teclado;tienda;0,05;23,75;5;0
15068;6;Jaén;tablet;tienda;0,0;349,0;6;0
15069;1;Almería;ratón;teléfono;0,0;12,5;7;0
15070;4;Huelva;impresora;online;0,0;149,9;7;0
15071;2;Sevilla;ratón;tienda;0,05;11,88;10;0
15072;8;Córdoba;portátil;tienda;0,0;899,9;3;0
15073;12;Granada;teclado;online;0,1;22,5;8;0
15074;3;Granada;monitor;teléfono;0,0;180,0;4;0
15075;5;Málaga;impresora;online;0,1;134,91;11;0
15076;11;Granada;teclado;teléfono;0,0;25,0;6;0
15077;8;Málaga;ratón;online;0,2;10,0;33;0
15078;10;Almería;tablet;tienda;0,0;349,0;3;0
15079;4;Granada;impresora;online;0,05;142,4;8;0
15080;4;Jaén;ratón;online;0,1;11,25;15;1
15081;6;Granada;tablet;online;0,2;279,2;8;0
15082;12;Sevilla;portátil;teléfono;0,1;809,91;2;0
15083;7;Huelva;tablet;tienda;0,2;279,2;9;0
15084;7;Cádiz;teclado;tienda;0,05;23,75;12;0
15085;12;Sevilla;ratón;tienda;0,0;12,5;4;1
15086;1;Granada;impresora;online;0,2;119,92;7;0
15087;9;Jaén;tablet;online;0,0;349,0;7;0
15088;1;Cádiz;monitor;online;0,1;162,0;5;1
15089;10;Córdoba;tablet;tienda;0,0;349,0;4;0
15090;6;Córdoba;teclado;online;0,1;22,5;21;0
15091;11;Granada;tablet;tienda;0,0;349,0;3;1
15092;6;Huelva;portátil;tienda;0,0;899,9;3;0
15093;2;Huelva;portátil;online;0,0;899,9;2;0
15094;10;Granada;monitor;online;0,0;180,0;3;1
15095;1;Granada;teclado;online;0,05;23,75;11;0
15096;1;Almería;impresora;tienda;0,0;149,9;4;0
15097;8;Málaga;ratón;online;0,05;11,88;13;0
15098;3;Málaga;impresora;teléfono;0,0;149,9;2;0
15099;12;Córdoba;portátil;tienda;0,05;854,9;2;1
15100;9;Granada;portátil;online;0,0;899,9;3;0
15101;1;Granada;ratón;online;0,05;11,88;10;1
15102;6;Jaén;teclado;online;0,1;22,5;23;1
15103;11;Málaga;ratón;tienda;0,05;11,88;8;0
15104;9;Jaén;teclado;tienda;0,1;22,5;13;0
15105;4;Jaén;monitor;online;0,0;180,0;5;1
15106;7;Jaén;ratón;online;0,1;11,25;30;1
15107;4;Jaén;monitor;teléfono;0,1;162,0;4;0
15108;11;Sevilla;portátil;online;0,0;899,9;3;1
15109;7;Córdoba;tablet;online;0,0;349,0;8;0
15110;6;Huelva;teclado;online;0,0;25,0;9;1
15111;5;Almería;portátil;online;0,05;854,9;3;0
15112;11;Almería;tablet;online;0,1;314,1;5;0
15113;5;Jaén;portátil;online;0,2;719,92;7;1
15114;11;Málaga;teclado;online;0,05;23,75;13;1
15115;3;Málaga;impresora;online;0,1;134,91;5;0
15116;11;Sevilla;teclado;tienda;0,05;23,75;7;1
15117;8;Málaga;tablet;tienda;0,05;331,55;4;0
15118;11;Sevilla;tablet;online;0,1;314,1;5;1
15119;5;Málaga;ratón;tienda;0,05;11,88;25;0
15120;5;Almería;ratón;online;0,0;12,5;17;1
15121;11;Jaén;tablet;tienda;0,05;331,55;2;1
15122;3;Sevilla;monitor;online;0,0;180,0;8;0
15123;11;Córdoba;monitor;teléfono;0,2;144,0;4;0
15124;12;Jaén;portátil;tienda;0,0;899,9;2;0
15125;4;Jaén;tablet;tienda;0,05;331,55;6;0
15126;10;Granada;monitor;tienda;0,2;144,0;6;0
15127;8;Granada;ratón;online;0,1;11,25;21;0
15128;3;Sevilla;impresora;online;0,1;134,91;9;0
15129;10;Almería;monitor;tienda;0,0;180,0;5;0
15130;6;Almería;portátil;teléfono;0,2;719,92;7;0
15131;5;Málaga;monitor;online;0,05;171,0;9;0
15132;6;Córdoba;tablet;teléfono;0,1;314,1;9;0
15133;11;Sevilla;teclado;tienda;0,0;25,0;5;0
15134;1;Huelva;monitor;online;0,0;180,0;4;0
15135;9;Sevilla;portátil;tienda;0,2;719,92;5;0
15136;4;Huelva;monitor;online;0,0;180,0;8;0
15137;11;Almería;tablet;teléfono;0,0;349,0;2;0
15138;7;Huelva;teclado;online;0,2;20,0;22;0
15139;1;Córdoba;impresora;tienda;0,05;142,4;3;0
15140;2;Málaga;portátil;online;0,05;854,9;2;1
15141;1;Cádiz;impresora;tienda;0,05;142,4;4;0
15142;5;Córdoba;monitor;online;0,0;180,0;7;0
15143;7;Málaga;ratón;online;0,0;12,5;18;0
15144;4;Málaga;tablet;teléfono;0,0;349,0;4;0
15145;4;Málaga;monitor;online;0,2;144,0;10;0
15146;2;Málaga;teclado;online;0,1;22,5;7;0
15147;12;Cádiz;portátil;online;0,2;719,92;5;1
15148;9;Almería;ratón;online;0,0;12,5;13;0
15149;4;Málaga;ratón;tienda;0,2;10,0;24;0
15150;12;Córdoba;teclado;tienda;0,05;23,75;11;0
15151;1;Huelva;monitor;tienda;0,2;144,0;5;0
15152;4;Jaén;portátil;tienda;0,0;899,9;5;0
15153;1;Córdoba;monitor;online;0,0;180,0;5;0
15154;2;Almería;portátil;online;0,0;899,9;3;0
15155;9;Granada;ratón;online;0,0;12,5;15;0
15156;2;Málaga;ratón;online;0,1;11,25;14;0
15157;7;Almería;portátil;teléfono;0,0;899,9;4;0
15158;1;Jaén;monitor;online;0,0;180,0;4;1
15159;3;Granada;ratón;online;0,0;12,5;19;0
15160;8;Almería;impresora;tienda;0,2;119,92;8;0
15161;2;Málaga;tablet;tienda;0,1;314,1;4;1
15162;12;Cádiz;impresora;online;0,1;134,91;3;0
15163;5;Sevilla;portátil;tienda;0,1;809,91;6;1
15164;7;Cádiz;ratón;online;0,0;12,5;20;1
15165;11;Sevilla;ratón;online;0,1;11,25;12;0
15166;4;Almería;portátil;tienda;0,05;854,9;3;0
15167;8;Almería;tablet;online;0,0;349,0;6;0
15168;9;Huelva;monitor;online;0,0;180,0;6;0
15169;7;Jaén;teclado;tienda;0,1;22,5;12;0
15170;11;Cádiz;portátil;tienda;0,0;899,9;2;1
15171;4;Granada;monitor;online;0,05;171,0;10;1
15172;7;Jaén;portátil;online;0,2;719,92;7;0
15173;11;Málaga;portátil;tienda;0,05;854,9;2;0
15174;4;Almería;monitor;teléfono;0,0;180,0;4;0
15175;10;Málaga;impresora;teléfono;0,0;149,9;2;0
15176;9;Córdoba;portátil;tienda;0,05;854,9;4;0
15177;3;Sevilla;teclado;online;0,1;22,5;14;0
15178;7;Granada;ratón;online;0,1;11,25;30;1
15179;10;Granada;monitor;tienda;0,1;162,0;3;0
15180;12;Córdoba;impresora;online;0,0;149,9;2;0
15181;3;Cádiz;portátil;teléfono;0,0;899,9;1;0
15182;2;Jaén;monitor;online;0,05;171,0;3;0
15183;9;Almería;monitor;online;0,1;162,0;9;0
15184;5;Sevilla;ratón;tienda;0,1;11,25;22;0
15185;2;Córdoba;tablet;online;0,0;349,0;4;0
15186;1;Cádiz;ratón;tienda;0,0;12,5;13;1
15187;7;Málaga;monitor;tienda;0,05;171,0;10;0
15188;1;Huelva;portátil;tienda;0,05;854,9;2;0
15189;9;Málaga;tablet;online;0,05;331,55;5;0
15190;9;Huelva;impresora;online;0,0;149,9;5;0
15191;1;Sevilla;impresora;tienda;0,0;149,9;4;0
15192;5;Córdoba;impresora;online;0,0;149,9;8;1
15193;9;Córdoba;teclado;online;0,05;23,75;9;1
15194;5;Jaén;impresora;online;0,0;149,9;8;1
15195;6;Almería;ratón;online;0,2;10,0;24;1
15196;3;Jaén;impresora;online;0,0;149,9;7;0
15197;11;Málaga;portátil;tienda;0,0;899,9;1;0
15198;2;Sevilla;monitor;teléfono;0,05;171,0;3;0
15199;9;Cádiz;monitor;online;0,0;180,0;7;1
15200;8;Granada;ratón;tienda;0,0;12,5;15;0
15201;6;Córdoba;teclado;online;0,0;25,0;20;0
15202;10;Málaga;ratón;online;0,0;12,5;9;1
15203;9;Cádiz;tablet;online;0,2;279,2;6;1
15204;3;Málaga;teclado;online;0,0;25,0;13;0
15205;12;Jaén;teclado;tienda;0,1;22,5;9;0
15206;6;Cádiz;tablet;teléfono;0,0;349,0;6;0
15207;10;Huelva;impresora;tienda;0,0;149,9;3;0
15208;1;Granada;ratón;tienda;0,2;10,0;14;0
15209;8;Huelva;tablet;online;0,0;349,0;7;1
15210;8;Almería;impresora;online;0,0;149,9;4;0
15211;10;Granada;ratón;online;0,0;12,5;14;0
15212;9;Jaén;portátil;online;0,0;899,9;5;0
15213;7;Huelva;teclado;tienda;0,05;23,75;7;0
15214;6;Cádiz;impresora;tienda;0,0;149,9;8;1
15215;11;Córdoba;ratón;tienda;0,05;11,88;8;1
15216;12;Córdoba;impresora;online;0,0;149,9;3;0
15217;6;Jaén;teclado;tienda;0,0;25,0;13;1
15218;9;Cádiz;tablet;teléfono;0,0;349,0;3;0
15219;9;Cádiz;teclado;online;0,05;23,75;15;0
15220;2;Huelva;portátil;teléfono;0,0;899,9;1;0
15221;1;Cádiz;monitor;online;0,0;180,0;4;0
15222;6;Almería;monitor;online;0,1;162,0;5;0
15223;7;Almería;monitor;online;0,0;180,0;9;0
15224;7;Almería;portátil;tienda;0,1;809,91;6;0
15225;8;Huelva;impresora;tienda;0,2;119,92;8;0
15226;2;Cádiz;ratón;tienda;0,1;11,25;13;0
15227;4;Sevilla;portátil;online;0,1;809,91;5;0
15228;3;Cádiz;portátil;online;0,0;899,9;4;1
15229;6;Almería;portátil;teléfono;0,0;899,9;3;0
15230;8;Granada;monitor;online;0,05;171,0;8;0
15231;3;Granada;portátil;online;0,0;899,9;3;0
15232;11;Córdoba;tablet;teléfono;0,0;349,0;2;0
15233;3;Sevilla;teclado;tienda;0,2;20,0;19;1
15234;3;Huelva;ratón;online;0,0;12,5;18;1
15235;8;Cádiz;ratón;teléfono;0,0;12,5;10;0
15236;1;Cádiz;ratón;teléfono;0,0;12,5;7;0
15237;12;Cádiz;monitor;tienda;0,05;171,0;5;0
15238;2;Jaén;ratón;online;0,2;10,0;23;0
15239;10;Sevilla;tablet;tienda;0,0;349,0;3;0
15240;11;Sevilla;portátil;online;0,0;899,9;2;0
15241;6;Málaga;teclado;teléfono;0,0;25,0;11;0
15242;9;Cádiz;tablet;teléfono;0,0;349,0;3;0
15243;12;Jaén;portátil;teléfono;0,0;899,9;1;0
15244;9;Almería;portátil;online;0,0;899,9;5;0
15245;12;Cádiz;teclado;tienda;0,0;25,0;6;0
15246;8;Cádiz;portátil;online;0,05;854,9;5;0
15247;8;Almería;teclado;teléfono;0,05;23,75;10;1
15248;8;Huelva;tablet;tienda;0,0;349,0;4;0
15249;9;Córdoba;ratón;tienda;0,0;12,5;12;0
15250;7;Granada;monitor;online;0,1;162,0;8;0
15251;3;Sevilla;monitor;tienda;0,05;171,0;6;0
15252;8;Jaén;impresora;tienda;0,0;149,9;6;0
15253;7;Granada;teclado;tienda;0,0;25,0;9;0
15254;7;Jaén;teclado;teléfono;0,05;23,75;11;1
15255;3;Málaga;teclado;tienda;0,0;25,0;8;0
15256;12;Huelva;impresora;tienda;0,1;134,91;2;1
15257;8;Cádiz;monitor;online;0,1;162,0;10;0
15258;9;Cádiz;impresora;online;0,0;149,9;7;0
15259;3;Almería;teclado;teléfono;0,05;23,75;8;0
15260;3;Sevilla;ratón;tienda;0,0;12,5;9;0
15261;7;Huelva;ratón;online;0,1;11,25;22;0
15262;6;Almería;ratón;tienda;0,2;10,0;20;1
15263;8;Almería;impresora;teléfono;0,2;119,92;8;0
15264;3;Málaga;tablet;online;0,05;331,55;6;0
15265;1;Sevilla;teclado;tienda;0,0;25,0;6;0
15266;7;Sevilla;monitor;teléfono;0,0;180,0;6;0
15267;5;Málaga;teclado;online;0,0;25,0;17;0
15268;6;Málaga;teclado;online;0,0;25,0;14;0
15269;2;Huelva;monitor;online;0,05;171,0;8;1
15270;6;Almería;monitor;online;0,0;180,0;9;0
15271;6;Huelva;teclado;teléfono;0,2;20,0;17;0
15272;11;Jaén;ratón;online;0,0;12,5;7;0
15273;6;Málaga;impresora;teléfono;0,05;142,4;4;0
15274;9;Málaga;teclado;teléfono;0,0;25,0;4;0
15275;4;Málaga;monitor;tienda;0,0;180,0;7;0
15276;6;Huelva;monitor;online;0,0;180,0;9;0
15277;8;Jaén;teclado;teléfono;0,0;25,0;12;1
15278;12;Sevilla;impresora;tienda;0,2;119,92;5;0
15279;12;Cádiz;impresora;tienda;0,05;142,4;4;1
15280;6;Córdoba;ratón;tienda;0,1;11,25;18;0
15281;4;Cádiz;tablet;online;0,05;331,55;6;1
15282;2;Cádiz;monitor;tienda;0,0;180,0;4;0
15283;4;Córdoba;ratón;tienda;0,1;11,25;11;0
15284;6;Málaga;impresora;tienda;0,0;149,9;6;0
15285;12;Sevilla;ratón;online;0,0;12,5;10;0
15286;9;Cádiz;monitor;tienda;0,05;171,0;8;0
15287;3;Granada;portátil;teléfono;0,0;899,9;3;0
15288;12;Almería;portátil;tienda;0,0;899,9;1;1
15289;6;Córdoba;ratón;online;0,2;10,0;35;1
15290;11;Cádiz;tablet;online;0,05;331,55;4;0
15291;6;Granada;teclado;tienda;0,0;25,0;13;0
15292;12;Huelva;teclado;tienda;0,1;22,5;6;0
15293;6;Málaga;portátil;online;0,0;899,9;3;0
15294;5;Cádiz;monitor;online;0,0;180,0;6;0
15295;6;Sevilla;teclado;tienda;0,05;23,75;18;0
15296;3;Huelva;portátil;online;0,1;809,91;6;0
15297;6;Córdoba;teclado;tienda;0,1;22,5;21;1
15298;11;Málaga;tablet;tienda;0,0;349,0;3;0
15299;3;Huelva;tablet;tienda;0,0;349,0;3;0
15300;2;Granada;monitor;tienda;0,0;180,0;3;0
15301;11;Almería;ratón;tienda;0,0;12,5;6;0
15302;5;Almería;tablet;online;0,1;314,1;8;0
15303;1;Málaga;monitor;tienda;0,0;180,0;2;0
15304;6;Jaén;teclado;online;0,2;20,0;23;1
15305;7;Jaén;ratón;tienda;0,0;12,5;12;0
15306;3;Sevilla;monitor;teléfono;0,2;144,0;8;0
15307;8;Jaén;teclado;tienda;0,0;25,0;7;0
15308;7;Córdoba;monitor;online;0,0;180,0;11;0
15309;1;Huelva;teclado;online;0,0;25,0;7;0
15310;6;Huelva;monitor;tienda;0,0;180,0;6;0
15311;3;Sevilla;ratón;tienda;0,2;10,0;14;0
15312;6;Cádiz;teclado;online;0,2;20,0;24;1
15313;9;Almería;teclado;online;0,0;25,0;12;0
15314;5;Almería;ratón;online;0,0;12,5;28;0
15315;5;Granada;ratón;tienda;0,05;11,88;8;0
15316;11;Sevilla;monitor;online;0,0;180,0;4;0
15317;11;Cádiz;impresora;tienda;0,0;149,9;3;0
15318;1;Jaén;tablet;online;0,0;349,0;4;0
15319;1;Córdoba;ratón;tienda;0,0;12,5;9;0
15320;9;Huelva;ratón;online;0,05;11,88;14;1
15321;7;Huelva;ratón;tienda;0,0;12,5;16;0
15322;4;Sevilla;portátil;tienda;0,1;809,91;6;1
15323;12;Córdoba;monitor;online;0,0;180,0;4;0
15324;6;Málaga;portátil;online;0,0;899,9;6;0
15325;5;Málaga;monitor;teléfono;0,1;162,0;5;0
15326;1;Granada;teclado;online;0,0;25,0;9;1
15327;2;Málaga;portátil;online;0,0;899,9;2;0
15328;9;Huelva;monitor;tienda;0,0;180,0;6;0
15329;10;Granada;ratón;tienda;0,0;12,5;5;0
15330;12;Córdoba;tablet;tienda;0,0;349,0;2;0
15331;2;Jaén;monitor;online;0,05;171,0;8;0
15332;1;Granada;teclado;tienda;0,1;22,5;8;0
15333;1;Jaén;monitor;online;0,0;180,0;4;0
15334;4;Jaén;ratón;online;0,0;12,5;22;1
15335;4;Cádiz;impresora;tienda;0,0;149,9;7;0
15336;6;Jaén;teclado;online;0,1;22,5;20;0
15337;10;Sevilla;teclado;online;0,0;25,0;7;0
15338;7;Granada;impresora;online;0,05;142,4;8;0
15339;12;Málaga;monitor;online;0,0;180,0;3;0
15340;12;Córdoba;tablet;teléfono;0,0;349,0;2;0
15341;11;Cádiz;monitor;online;0,1;162,0;6;1
15342;1;Sevilla;ratón;tienda;0,0;12,5;9;0
15343;5;Sevilla;ratón;tienda;0,1;11,25;21;0
15344;12;Jaén;ratón;tienda;0,05;11,88;9;0
15345;7;Almería;ratón;online;0,0;12,5;21;1
15346;7;Huelva;teclado;teléfono;0,0;25,0;11;0
15347;4;Huelva;ratón;tienda;0,2;10,0;23;0
15348;3;Málaga;monitor;tienda;0,0;180,0;3;0
15349;2;Almería;monitor;online;0,0;180,0;6;1
15350;8;Cádiz;impresora;tienda;0,0;149,9;3;0
15351;2;Córdoba;impresora;tienda;0,0;149,9;5;0
15352;12;Huelva;impresora;online;0,2;119,92;9;0
15353;9;Granada;monitor;online;0,1;162,0;8;1
15354;8;Huelva;teclado;tienda;0,0;25,0;13;0
15355;9;Córdoba;portátil;online;0,0;899,9;3;0
15356;10;Córdoba;portátil;online;0,0;899,9;3;0
15357;7;Cádiz;ratón;tienda;0,05;11,88;18;0
15358;8;Cádiz;impresora;teléfono;0,1;134,91;4;0
15359;7;Córdoba;impresora;tienda;0,1;134,91;4;0
15360;6;Sevilla;impresora;online;0,1;134,91;12;0
15361;7;Málaga;monitor;online;0,0;180,0;10;0
15362;3;Jaén;impresora;tienda;0,0;149,9;4;0
15363;9;Granada;portátil;online;0,0;899,9;6;1
15364;3;Jaén;tablet;tienda;0,0;349,0;4;0
15365;12;Cádiz;portátil;tienda;0,0;899,9;1;0
15366;9;Cádiz;tablet;teléfono;0,0;349,0;4;0
15367;6;Granada;impresora;tienda;0,1;134,91;7;0
15368;9;Granada;monitor;online;0,2;144,0;8;0
15369;12;Málaga;ratón;teléfono;0,2;10,0;6;0
15370;5;Almería;monitor;online;0,1;162,0;10;0
15371;11;Sevilla;tablet;tienda;0,0;349,0;3;0
15372;5;Córdoba;ratón;teléfono;0,0;12,5;10;0
15373;6;Málaga;impresora;online;0,0;149,9;5;0
15374;11;Sevilla;impresora;online;0,2;119,92;8;1
15375;5;Almería;tablet;tienda;0,0;349,0;2;0
15376;2;Sevilla;monitor;online;0,0;180,0;6;1
15377;4;Huelva;ratón;online;0,0;12,5;19;0
15378;1;Granada;impresora;tienda;0,0;149,9;3;0
15379;1;Sevilla;monitor;tienda;0,2;144,0;3;0
15380;4;Cádiz;ratón;online;0,0;12,5;15;0
15381;12;Jaén;portátil;teléfono;0,1;809,91;2;0
15382;11;Cádiz;ratón;online;0,0;12,5;9;0
15383;5;Córdoba;monitor;tienda;0,05;171,0;7;0
15384;7;Granada;tablet;online;0,0;349,0;8;0
15385;10;Almería;portátil;online;0,1;809,91;4;0
15386;11;Huelva;ratón;online;0,2;10,0;13;1
15387;9;Málaga;impresora;online;0,1;134,91;3;0
15388;8;Almería;impresora;tienda;0,2;119,92;8;0
15389;10;Almería;tablet;tienda;0,2;279,2;5;0
15390;3;Almería;impresora;tienda;0,0;149,9;4;0
15391;5;Almería;tablet;online;0,0;349,0;6;0
15392;12;Cádiz;impresora;teléfono;0,0;149,9;1;0
15393;5;Granada;ratón;tienda;0,0;12,5;13;0
15394;6;Almería;portátil;online;0,0;899,9;5;0
15395;9;Granada;ratón;tienda;0,0;12,5;7;0
15396;7;Jaén;monitor;tienda;0,1;162,0;9;0
15397;10;Cádiz;teclado;tienda;0,2;20,0;20;1
15398;12;Córdoba;ratón;online;0,0;12,5;14;0
15399;5;Huelva;portátil;teléfono;0,0;899,9;3;0
15400;12;Córdoba;impresora;tienda;0,05;142,4;2;0
15401;9;Jaén;impresora;online;0,2;119,92;11;0
15402;1;Málaga;tablet;online;0,05;331,55;3;0
15403;6;Córdoba;monitor;online;0,1;162,0;9;0
15404;10;Córdoba;ratón;online;0,0;12,5;9;0
15405;12;Córdoba;portátil;tienda;0,0;899,9;1;0
15406;2;Cádiz;impresora;teléfono;0,0;149,9;3;0
15407;12;Huelva;ratón;online;0,0;12,5;7;0
15408;4;Jaén;impresora;teléfono;0,1;134,91;6;0
15409;5;Sevilla;portátil;online;0,1;809,91;8;0
15410;9;Córdoba;portátil;tienda;0,0;899,9;2;0
15411;3;Jaén;teclado;online;0,05;23,75;13;1
15412;7;Huelva;monitor;tienda;0,05;171,0;7;0
15413;9;Granada;tablet;online;0,0;349,0;6;1
15414;11;Málaga;monitor;online;0,0;180,0;5;0
15415;8;Huelva;teclado;tienda;0,0;25,0;9;0
15416;4;Sevilla;impresora;online;0,0;149,9;9;0
15417;3;Huelva;monitor;tienda;0,1;162,0;8;0
15418;4;Granada;ratón;online;0,0;12,5;20;1
15419;1;Huelva;ratón;online;0,0;12,5;7;1
15420;3;Sevilla;monitor;online;0,05;171,0;1;0
15421;5;Cádiz;monitor;online;0,0;180,0;9;0
15422;12;Málaga;ratón;tienda;0,05;11,88;9;0
15423;8;Jaén;teclado;online;0,0;25,0;17;1
15424;12;Granada;ratón;online;0,0;12,5;13;0
15425;11;Huelva;impresora;tienda;0,1;134,91;4;0
15426;8;Málaga;portátil;tienda;0,05;854,9;4;0
15427;5;Córdoba;monitor;tienda;0,05;171,0;8;0
15428;11;Granada;teclado;tienda;0,0;25,0;10;0
15429;4;Jaén;tablet;online;0,0;349,0;6;0
15430;4;Sevilla;monitor;teléfono;0,2;144,0;10;1
15431;2;Jaén;impresora;online;0,0;149,9;7;0
15432;7;Sevilla;portátil;tienda;0,0;899,9;3;0
15433;5;Sevilla;impresora;online;0,0;149,9;8;1
15434;9;Huelva;monitor;teléfono;0,0;180,0;4;0
15435;11;Córdoba;portátil;online;0,0;899,9;2;0
15436;12;Granada;ratón;tienda;0,0;12,5;10;0
15437;11;Córdoba;portátil;tienda;0,05;854,9;3;0
15438;3;Cádiz;ratón;online;0,2;10,0;24;1
15439;7;Granada;portátil;tienda;0,05;854,9;3;0
15440;1;Cádiz;tablet;tienda;0,2;279,2;4;0
15441;5;Huelva;ratón;tienda;0,0;12,5;17;1
15442;12;Cádiz;ratón;tienda;0,05;11,88;11;0
15443;12;Jaén;ratón;teléfono;0,0;12,5;7;1
15444;3;Córdoba;ratón;online;0,2;10,0;27;1
15445;1;Jaén;impresora;tienda;0,05;142,4;5;0
15446;9;Jaén;tablet;teléfono;0,0;349,0;4;0
15447;8;Cádiz;portátil;online;0,0;899,9;5;0
15448;9;Jaén;impresora;teléfono;0,0;149,9;4;0
15449;2;Córdoba;teclado;online;0,2;20,0;17;0
15450;3;Málaga;monitor;tienda;0,05;171,0;6;1
15451;7;Granada;tablet;online;0,0;349,0;5;0
15452;4;Córdoba;ratón;tienda;0,0;12,5;15;0
15453;10;Jaén;ratón;online;0,05;11,88;14;1
15454;9;Cádiz;ratón;tienda;0,0;12,5;5;0
15455;9;Sevilla;teclado;online;0,0;25,0;9;0
15456;9;Huelva;teclado;teléfono;0,0;25,0;8;1
15457;8;Málaga;monitor;teléfono;0,0;180,0;4;0
15458;3;Granada;tablet;tienda;0,0;349,0;5;0
15459;9;Granada;teclado;tienda;0,2;20,0;17;0
15460;11;Cádiz;monitor;online;0,0;180,0;4;0
15461;8;Sevilla;portátil;online;0,1;809,91;7;0
15462;9;Huelva;impresora;online;0,2;119,92;8;0
15463;8;Almería;portátil;online;0,05;854,9;6;0
15464;10;Jaén;teclado;online;0,2;20,0;16;0
15465;11;Cádiz;tablet;tienda;0,0;349,0;3;1
15466;11;Granada;teclado;teléfono;0,05;23,75;5;0
15467;9;Córdoba;portátil;tienda;0,2;719,92;3;0
15468;10;Málaga;ratón;tienda;0,0;12,5;11;0
15469;1;Granada;impresora;online;0,05;142,4;6;1
15470;7;Jaén;tablet;teléfono;0,05;331,55;4;0
15471;4;Cádiz;portátil;online;0,0;899,9;3;0
15472;2;Huelva;tablet;teléfono;0,05;331,55;2;0
15473;10;Granada;monitor;online;0,0;180,0;4;0
15474;5;Jaén;impresora;tienda;0,0;149,9;6;0
15475;11;Cádiz;portátil;online;0,0;899,9;3;0
15476;8;Huelva;portátil;tienda;0,0;899,9;5;1
15477;7;Granada;monitor;online;0,05;171,0;10;0
15478;8;Jaén;monitor;online;0,05;171,0;10;0
15479;5;Sevilla;ratón;online;0,05;11,88;28;0
15480;12;Huelva;portátil;online;0,05;854,9;3;1
15481;9;Granada;teclado;tienda;0,0;25,0;8;1
15482;12;Huelva;teclado;online;0,05;23,75;8;0
15483;1;Cádiz;impresora;teléfono;0,0;149,9;2;0
15484;8;Huelva;tablet;tienda;0,1;314,1;4;0
15485;1;Huelva;ratón;online;0,05;11,88;11;0
15486;6;Córdoba;impresora;tienda;0,0;149,9;8;0
15487;1;Sevilla;teclado;online;0,2;20,0;11;0
15488;5;Jaén;ratón;teléfono;0,2;10,0;9;0
15489;12;Córdoba;teclado;tienda;0,0;25,0;4;0
15490;3;Cádiz;portátil;tienda;0,1;809,91;4;0
15491;8;Sevilla;monitor;tienda;0,0;180,0;7;1
15492;11;Sevilla;tablet;online;0,05;331,55;3;1
15493;1;Almería;tablet;tienda;0,1;314,1;3;0
15494;9;Almería;portátil;online;0,05;854,9;3;0
15495;7;Granada;ratón;online;0,05;11,88;13;0
15496;2;Almería;ratón;tienda;0,1;11,25;15;0
15497;12;Málaga;ratón;tienda;0,0;12,5;5;0
15498;4;Málaga;monitor;online;0,05;171,0;8;0
15499;1;Córdoba;portátil;tienda;0,0;899,9;3;0
15500;4;Jaén;monitor;online;0,0;180,0;7;0
15501;11;Jaén;impresora;online;0,0;149,9;2;0
15502;11;Jaén;teclado;online;0,0;25,0;6;0
15503;6;Córdoba;impresora;tienda;0,05;142,4;8;0
15504;2;Sevilla;portátil;teléfono;0,2;719,92;4;0
15505;10;Almería;tablet;teléfono;0,0;349,0;3;0
15506;7;Sevilla;ratón;online;0,0;12,5;17;0
15507;8;Almería;portátil;tienda;0,1;809,91;4;0
15508;7;Jaén;ratón;online;0,0;12,5;19;1
15509;5;Córdoba;teclado;tienda;0,2;20,0;18;1
15510;10;Huelva;teclado;online;0,0;25,0;10;0
15511;4;Sevilla;monitor;online;0,1;162,0;10;1
15512;7;Huelva;portátil;online;0,0;899,9;6;0
15513;3;Cádiz;teclado;teléfono;0,0;25,0;10;0
15514;11;Cádiz;impresora;tienda;0,0;149,9;3;0
15515;1;Huelva;portátil;online;0,0;899,9;3;0
15516;8;Córdoba;tablet;tienda;0,05;331,55;3;0
15517;7;Málaga;monitor;teléfono;0,0;180,0;5;0
15518;4;Granada;monitor;teléfono;0,1;162,0;5;0
15519;1;Málaga;teclado;tienda;0,2;20,0;7;0
15520;6;Sevilla;portátil;online;0,05;854,9;8;0
15521;5;Córdoba;impresora;tienda;0,05;142,4;5;0
15522;8;Sevilla;teclado;online;0,0;25,0;20;0
15523;2;Almería;impresora;online;0,0;149,9;5;0
15524;12;Málaga;monitor;online;0,2;144,0;6;0
15525;12;Granada;ratón;teléfono;0,2;10,0;6;0
15526;7;Granada;portátil;online;0,1;809,91;5;0
15527;8;Sevilla;portátil;online;0,0;899,9;4;1
15528;3;Huelva;monitor;online;0,05;171,0;4;0
15529;3;Málaga;teclado;online;0,0;25,0;12;1
15530;11;Málaga;teclado;teléfono;0,0;25,0;6;0
15531;1;Almería;impresora;online;0,05;142,4;4;0
15532;12;Granada;monitor;online;0,05;171,0;5;0
15533;5;Huelva;monitor;online;0,0;180,0;10;0
15534;5;Almería;tablet;tienda;0,0;349,0;5;0
15535;6;Málaga;portátil;online;0,0;899,9;5;0
15536;5;Córdoba;impresora;teléfono;0,05;142,4;4;0
15537;7;Córdoba;monitor;online;0,0;180,0;7;0
15538;12;Córdoba;monitor;online;0,05;171,0;4;1
15539;6;Jaén;teclado;teléfono;0,0;25,0;12;0
15540;8;Córdoba;monitor;online;0,2;144,0;12;1
15541;8;Almería;impresora;online;0,0;149,9;7;0
15542;3;Huelva;portátil;teléfono;0,0;899,9;1;0
15543;9;Córdoba;impresora;tienda;0,0;149,9;5;0
15544;9;Málaga;teclado;online;0,1;22,5;11;0
15545;5;Cádiz;portátil;online;0,2;719,92;8;0
15546;11;Cádiz;monitor;teléfono;0,0;180,0;3;0
15547;3;Málaga;ratón;teléfono;0,05;11,88;12;1
15548;5;Almería;impresora;teléfono;0,0;149,9;7;0
15549;8;Málaga;teclado;tienda;0,0;25,0;13;1
15550;11;Córdoba;monitor;tienda;0,0;180,0;4;0
15551;8;Huelva;tablet;online;0,05;331,55;8;0
15552;5;Huelva;teclado;tienda;0,1;22,5;12;0
15553;6;Cádiz;impresora;online;0,05;142,4;8;0
15554;3;Jaén;portátil;tienda;0,2;719,92;4;0
15555;5;Huelva;tablet;online;0,0;349,0;8;1
15556;2;Córdoba;ratón;online;0,1;11,25;17;0
15557;4;Huelva;teclado;teléfono;0,0;25,0;7;0
15558;4;Jaén;monitor;tienda;0,05;171,0;7;0
15559;8;Córdoba;portátil;teléfono;0,1;809,91;4;0
15560;9;Cádiz;tablet;online;0,05;331,55;8;0
15561;4;Cádiz;impresora;teléfono;0,1;134,91;8;0
15562;7;Huelva;ratón;tienda;0,05;11,88;11;0
15563;10;Cádiz;impresora;tienda;0,0;149,9;4;0
15564;7;Málaga;teclado;tienda;0,1;22,5;12;0
15565;12;Cádiz;ratón;online;0,0;12,5;10;0
15566;2;Córdoba;portátil;tienda;0,0;899,9;2;0
15567;2;Huelva;impresora;online;0,0;149,9;5;0
15568;3;Jaén;tablet;online;0,0;349,0;5;0
15569;1;Almería;monitor;tienda;0,0;180,0;4;0
15570;7;Cádiz;monitor;online;0,05;171,0;9;0
15571;10;Almería;teclado;online;0,05;23,75;9;1
15572;1;Cádiz;teclado;tienda;0,1;22,5;10;0
15573;11;Almería;impresora;tienda;0,0;149,9;3;0
15574;6;Málaga;ratón;teléfono;0,1;11,25;18;0
15575;7;Córdoba;teclado;tienda;0,0;25,0;12;0
15576;5;Córdoba;monitor;tienda;0,05;171,0;9;0
15577;2;Córdoba;teclado;tienda;0,05;23,75;8;0
15578;11;Sevilla;tablet;online;0,0;349,0;4;0
15579;7;Huelva;monitor;online;0,2;144,0;12;1
15580;9;Cádiz;ratón;tienda;0,0;12,5;11;0
15581;4;Málaga;monitor;online;0,1;162,0;10;0
15582;10;Cádiz;portátil;online;0,05;854,9;3;0
15583;4;Cádiz;teclado;teléfono;0,1;22,5;9;0
15584;6;Cádiz;portátil;tienda;0,0;899,9;4;0
15585;3;Córdoba;tablet;online;0,0;349,0;4;0
15586;9;Almería;ratón;tienda;0,2;10,0;13;0
15587;1;Huelva;tablet;online;0,0;349,0;4;0
15588;12;Málaga;ratón;online;0,2;10,0;4;0
15589;3;Cádiz;portátil;tienda;0,0;899,9;4;0
15590;6;Málaga;impresora;teléfono;0,0;149,9;5;0
15591;5;Huelva;monitor;online;0,05;171,0;12;0
15592;12;Sevilla;tablet;tienda;0,0;349,0;3;0
15593;1;Sevilla;tablet;online;0,05;331,55;5;1
15594;11;Almería;teclado;tienda;0,1;22,5;8;0
15595;3;Málaga;tablet;online;0,1;314,1;7;1
15596;3;Sevilla;teclado;tienda;0,0;25,0;14;0
15597;3;Almería;monitor;teléfono;0,0;180,0;5;0
15598;11;Jaén;monitor;online;0,0;180,0;5;0
15599;2;Sevilla;tablet;teléfono;0,0;349,0;2;0
15600;10;Almería;teclado;online;0,0;25,0;9;0
15601;5;Granada;tablet;teléfono;0,0;349,0;6;0
15602;6;Córdoba;teclado;tienda;0,0;25,0;11;0
15603;9;Almería;teclado;tienda;0,0;25,0;10;0
15604;10;Huelva;monitor;tienda;0,05;171,0;4;0
15605;11;Huelva;ratón;online;0,0;12,5;10;0
15606;10;Granada;teclado;tienda;0,05;23,75;10;0
15607;6;Huelva;monitor;tienda;0,05;171,0;8;0
15608;1;Cádiz;ratón;online;0,0;12,5;14;0
15609;10;Granada;portátil;tienda;0,05;854,9;4;1
15610;12;Córdoba;teclado;tienda;0,05;23,75;7;1
15611;5;Sevilla;monitor;online;0,05;171,0;9;0
15612;1;Huelva;portátil;online;0,0;899,9;3;1
15613;8;Cádiz;ratón;tienda;0,0;12,5;16;1
15614;2;Almería;portátil;online;0,0;899,9;3;0
15615;3;Granada;tablet;online;0,0;349,0;4;0
15616;12;Córdoba;monitor;online;0,0;180,0;3;0
15617;6;Córdoba;impresora;online;0,0;149,9;7;0
15618;10;Córdoba;portátil;online;0,0;899,9;3;0
15619;8;Granada;impresora;tienda;0,2;119,92;8;0
15620;4;Cádiz;tablet;online;0,0;349,0;4;0
15621;3;Córdoba;portátil;tienda;0,2;719,92;5;1
15622;3;Granada;monitor;online;0,0;180,0;7;0
15623;5;Jaén;impresora;tienda;0,0;149,9;5;0
15624;2;Jaén;monitor;online;0,0;180,0;7;0
15625;4;Málaga;portátil;teléfono;0,1;809,91;3;0
15626;10;Granada;tablet;tienda;0,05;331,55;3;0
15627;3;Málaga;portátil;tienda;0,0;899,9;2;0
15628;8;Huelva;ratón;online;0,0;12,5;14;0
15629;11;Málaga;monitor;tienda;0,05;171,0;3;1
15630;6;Sevilla;teclado;tienda;0,05;23,75;16;0
15631;4;Málaga;monitor;tienda;0,0;180,0;6;0
15632;3;Almería;monitor;tienda;0,05;171,0;5;0
15633;1;Granada;impresora;online;0,1;134,91;6;0
15634;9;Sevilla;monitor;online;0,05;171,0;4;0
15635;8;Granada;teclado;online;0,0;25,0;17;0
15636;12;Almería;portátil;tienda;0,0;899,9;2;0
15637;3;Granada;monitor;teléfono;0,2;144,0;4;1
15638;8;Málaga;ratón;online;0,0;12,5;15;1
15639;3;Granada;ratón;online;0,0;12,5;15;1
15640;11;Córdoba;tablet;online;0,05;331,55;4;0
15641;11;Granada;impresora;tienda;0,0;149,9;4;0
15642;2;Cádiz;ratón;online;0,2;10,0;16;0
15643;6;Cádiz;monitor;teléfono;0,0;180,0;5;1
15644;6;Córdoba;teclado;tienda;0,05;23,75;14;0
15645;2;Jaén;tablet;tienda;0,0;349,0;3;0
15646;12;Sevilla;ratón;online;0,0;12,5;9;0
15647;7;Almería;tablet;tienda;0,0;349,0;8;0
15648;3;Córdoba;impresora;tienda;0,0;149,9;4;0
15649;12;Granada;teclado;tienda;0,1;22,5;10;0
15650;8;Almería;tablet;tienda;0,2;279,2;9;0
15651;12;Cádiz;tablet;online;0,0;349,0;2;0
15652;3;Almería;tablet;teléfono;0,0;349,0;4;0
15653;4;Almería;teclado;tienda;0,0;25,0;11;0
15654;3;Córdoba;ratón;online;0,0;12,5;14;0
15655;8;Almería;tablet;teléfono;0,0;349,0;3;0
15656;10;Huelva;teclado;teléfono;0,0;25,0;8;1
15657;5;Almería;teclado;tienda;0,0;25,0;14;0
15658;1;Jaén;monitor;online;0,05;171,0;6;0
15659;10;Cádiz;teclado;teléfono;0,05;23,75;5;0
15660;4;Jaén;ratón;online;0,0;12,5;12;1
15661;9;Sevilla;monitor;teléfono;0,1;162,0;4;0
15662;1;Málaga;teclado;teléfono;0,0;25,0;6;0
15663;4;Huelva;monitor;teléfono;0,0;180,0;5;0
15664;5;Cádiz;tablet;teléfono;0,0;349,0;5;0
15665;3;Málaga;impresora;online;0,05;142,4;9;0
15666;12;Huelva;portátil;tienda;0,0;899,9;2;0
15667;12;Málaga;ratón;tienda;0,0;12,5;9;0
15668;7;Córdoba;monitor;online;0,0;180,0;7;0
15669;5;Málaga;ratón;online;0,0;12,5;14;1
15670;6;Málaga;portátil;tienda;0,05;854,9;5;0
15671;8;Córdoba;monitor;online;0,0;180,0;6;0
15672;10;Cádiz;impresora;teléfono;0,0;149,9;2;1
15673;11;Córdoba;ratón;online;0,2;10,0;16;0
15674;10;Cádiz;monitor;teléfono;0,2;144,0;7;0
15675;4;Jaén;monitor;online;0,0;180,0;9;0
15676;4;Huelva;teclado;teléfono;0,1;22,5;12;0
15677;8;Córdoba;teclado;online;0,2;20,0;20;0
15678;4;Huelva;impresora;online;0,0;149,9;6;0
15679;5;Almería;impresora;tienda;0,05;142,4;5;0
15680;11;Málaga;monitor;tienda;0,0;180,0;3;0
15681;9;Sevilla;tablet;tienda;0,0;349,0;4;0
15682;6;Jaén;tablet;online;0,0;349,0;9;0
15683;6;Jaén;teclado;online;0,1;22,5;17;0
15684;3;Córdoba;monitor;online;0,1;162,0;10;1
15685;5;Jaén;ratón;online;0,0;12,5;23;1
15686;1;Córdoba;portátil;teléfono;0,05;854,9;1;0
15687;12;Sevilla;monitor;tienda;0,05;171,0;3;0
15688;11;Jaén;ratón;tienda;0,0;12,5;3;0
15689;6;Huelva;tablet;tienda;0,0;349,0;5;0
15690;4;Almería;portátil;tienda;0,0;899,9;3;1
15691;9;Cádiz;monitor;online;0,1;162,0;9;0
15692;10;Almería;portátil;online;0,05;854,9;4;0
15693;5;Granada;impresora;online;0,0;149,9;8;0
15694;11;Almería;teclado;tienda;0,0;25,0;6;0
15695;5;Sevilla;impresora;tienda;0,0;149,9;8;0
15696;2;Málaga;teclado;tienda;0,0;25,0;9;1
15697;12;Jaén;tablet;online;0,0;349,0;5;0
15698;6;Jaén;teclado;tienda;0,0;25,0;17;0
15699;9;Huelva;monitor;online;0,0;180,0;6;1
15700;11;Jaén;impresora;online;0,2;119,92;4;0
15701;10;Málaga;teclado;online;0,05;23,75;4;1
15702;4;Huelva;portátil;online;0,1;809,91;5;0
15703;8;Sevilla;monitor;online;0,0;180,0;8;0
15704;12;Sevilla;portátil;tienda;0,0;899,9;1;0
15705;9;Córdoba;teclado;online;0,0;25,0;12;1
15706;11;Granada;monitor;online;0,0;180,0;6;1
15707;8;Granada;portátil;tienda;0,1;809,91;6;0
15708;2;Huelva;ratón;online;0,05;11,88;13;1
15709;10;Huelva;ratón;online;0,0;12,5;15;0
15710;10;Cádiz;impresora;tienda;0,0;149,9;5;0
15711;7;Sevilla;monitor;online;0,05;171,0;8;0
15712;11;Córdoba;portátil;online;0,05;854,9;4;0
15713;9;Almería;portátil;teléfono;0,0;899,9;2;0
15714;10;Cádiz;monitor;tienda;0,2;144,0;7;1
15715;7;Sevilla;impresora;tienda;0,0;149,9;7;0
15716;9;Granada;ratón;online;0,0;12,5;13;0
15717;9;Cádiz;portátil;online;0,05;854,9;5;0
15718;5;Jaén;teclado;tienda;0,2;20,0;23;0
15719;7;Jaén;impresora;tienda;0,2;119,92;13;0
15720;7;Cádiz;teclado;tienda;0,2;20,0;17;0
15721;4;Cádiz;portátil;online;0,0;899,9;4;1
15722;7;Huelva;portátil;online;0,05;854,9;5;0
15723;11;Sevilla;teclado;online;0,0;25,0;10;0
15724;4;Córdoba;monitor;teléfono;0,0;180,0;5;0
15725;2;Sevilla;teclado;tienda;0,05;23,75;10;0
15726;3;Málaga;ratón;tienda;0,0;12,5;11;0
15727;8;Huelva;tablet;tienda;0,0;349,0;6;0
15728;4;Jaén;ratón;online;0,1;11,25;18;0
15729;5;Granada;impresora;teléfono;0,0;149,9;5;0
15730;12;Jaén;monitor;tienda;0,2;144,0;4;0
15731;3;Sevilla;teclado;teléfono;0,0;25,0;6;0
15732;9;Cádiz;monitor;online;0,0;180,0;7;1
15733;12;Huelva;tablet;tienda;0,0;349,0;1;0
15734;10;Málaga;monitor;tienda;0,05;171,0;5;1
15735;12;Granada;portátil;tienda;0,2;719,92;2;0
15736;4;Sevilla;tablet;online;0,05;331,55;8;0
15737;12;Cádiz;portátil;tienda;0,0;899,9;2;0
15738;12;Huelva;monitor;teléfono;0,0;180,0;3;0
15739;7;Málaga;teclado;online;0,1;22,5;16;0
15740;10;Sevilla;teclado;tienda;0,0;25,0;10;0
15741;8;Córdoba;teclado;tienda;0,05;23,75;12;0
15742;2;Sevilla;portátil;tienda;0,0;899,9;4;0
15743;5;Granada;teclado;online;0,0;25,0;17;0
15744;4;Sevilla;impresora;tienda;0,2;119,92;7;0
15745;6;Córdoba;teclado;online;0,0;25,0;9;0
15746;8;Jaén;monitor;online;0,1;162,0;13;0
15747;5;Granada;ratón;tienda;0,05;11,88;15;0
15748;2;Almería;tablet;online;0,0;349,0;5;1
15749;8;Jaén;monitor;tienda;0,1;162,0;9;0
15750;4;Granada;tablet;tienda;0,05;331,55;5;0
15751;7;Granada;teclado;tienda;0,0;25,0;17;0
15752;2;Almería;portátil;tienda;0,0;899,9;2;0
15753;2;Almería;monitor;online;0,0;180,0;5;0
15754;1;Granada;ratón;online;0,1;11,25;10;0
15755;2;Jaén;impresora;teléfono;0,05;142,4;3;0
15756;11;Jaén;impresora;online;0,0;149,9;2;0
15757;1;Huelva;monitor;tienda;0,1;162,0;4;0
15758;11;Sevilla;teclado;teléfono;0,0;25,0;4;0
15759;7;Almería;portátil;online;0,1;809,91;7;0
15760;3;Cádiz;teclado;online;0,1;22,5;13;1
15761;3;Jaén;monitor;tienda;0,05;171,0;5;0
15762;7;Cádiz;portátil;tienda;0,0;899,9;3;0
15763;6;Almería;tablet;online;0,0;349,0;8;0
15764;12;Cádiz;impresora;online;0,0;149,9;2;0
15765;4;Málaga;monitor;online;0,0;180,0;7;0
15766;12;Málaga;impresora;tienda;0,0;149,9;4;0
15767;10;Jaén;ratón;tienda;0,0;12,5;10;0
15768;6;Córdoba;teclado;tienda;0,0;25,0;9;0
15769;11;Sevilla;tablet;teléfono;0,05;331,55;3;1
15770;12;Almería;monitor;teléfono;0,0;180,0;3;0
15771;1;Málaga;monitor;online;0,05;171,0;5;1
15772;12;Granada;tablet;online;0,1;314,1;5;0
15773;11;Córdoba;tablet;tienda;0,0;349,0;2;0
15774;8;Granada;monitor;online;0,0;180,0;8;0
15775;5;Cádiz;impresora;online;0,1;134,91;12;0
15776;11;Málaga;tablet;tienda;0,0;349,0;3;1
15777;6;Jaén;monitor;teléfono;0,0;180,0;3;0
15778;11;Cádiz;tablet;tienda;0,0;349,0;3;0
15779;2;Huelva;teclado;tienda;0,0;25,0;5;0
15780;12;Almería;teclado;tienda;0,0;25,0;6;0
15781;1;Granada;ratón;tienda;0,1;11,25;11;0
15782;8;Almería;portátil;online;0,05;854,9;5;1
15783;10;Málaga;teclado;tienda;0,1;22,5;11;0
15784;7;Cádiz;portátil;teléfono;0,05;854,9;3;0
15785;5;Málaga;impresora;online;0,05;142,4;7;0
15786;6;Córdoba;portátil;tienda;0,0;899,9;5;0
15787;2;Málaga;impresora;online;0,2;119,92;9;0
15788;4;Sevilla;tablet;teléfono;0,0;349,0;4;0
15789;10;Granada;teclado;tienda;0,05;23,75;7;0
15790;9;Granada;teclado;online;0,05;23,75;12;1
15791;8;Granada;tablet;online;0,0;349,0;5;0
15792;3;Almería;teclado;online;0,1;22,5;15;0
15793;10;Córdoba;portátil;tienda;0,2;719,92;4;0
15794;7;Almería;monitor;online;0,2;144,0;13;0
15795;6;Almería;tablet;tienda;0,2;279,2;7;0
15796;7;Jaén;impresora;online;0,0;149,9;9;0
15797;5;Almería;monitor;online;0,1;162,0;8;0
15798;1;Cádiz;impresora;online;0,2;119,92;3;0
15799;10;Málaga;teclado;tienda;0,2;20,0;11;0
15800;2;Almería;portátil;online;0,2;719,92;5;0
15801;7;Almería;impresora;teléfono;0,05;142,4;4;0
15802;4;Sevilla;impresora;tienda;0,2;119,92;8;0
15803;7;Cádiz;monitor;tienda;0,05;171,0;7;0
15804;11;Cádiz;monitor;tienda;0,05;171,0;3;0
15805;4;Málaga;tablet;online;0,0;349,0;4;0
15806;1;Jaén;ratón;tienda;0,1;11,25;10;0
15807;6;Córdoba;portátil;tienda;0,0;899,9;4;0
15808;8;Sevilla;impresora;teléfono;0,0;149,9;4;0
15809;5;Huelva;impresora;tienda;0,1;134,91;9;0
15810;5;Almería;teclado;online;0,0;25,0;19;0
15811;5;Cádiz;portátil;online;0,0;899,9;6;0
15812;5;Jaén;monitor;teléfono;0,0;180,0;6;0
15813;12;Huelva;portátil;online;0,05;854,9;1;0
15814;6;Cádiz;portátil;tienda;0,0;899,9;6;0
15815;9;Huelva;portátil;teléfono;0,0;899,9;3;0
15816;11;Jaén;portátil;tienda;0,2;719,92;3;0
15817;4;Málaga;tablet;tienda;0,0;349,0;4;0
15818;6;Cádiz;ratón;online;0,0;12,5;22;1
15819;11;Huelva;teclado;teléfono;0,0;25,0;4;0
15820;2;Jaén;tablet;teléfono;0,0;349,0;4;0
15821;10;Sevilla;portátil;tienda;0,05;854,9;1;0
15822;6;Córdoba;tablet;teléfono;0,0;349,0;5;0
15823;1;Jaén;tablet;tienda;0,0;349,0;2;0
15824;10;Sevilla;ratón;online;0,0;12,5;10;0
15825;12;Málaga;ratón;online;0,1;11,25;8;0
15826;7;Huelva;impresora;online;0,0;149,9;8;0
15827;9;Sevilla;portátil;tienda;0,0;899,9;3;0
15828;4;Sevilla;tablet;tienda;0,1;314,1;7;0
15829;11;Málaga;ratón;tienda;0,0;12,5;6;0
15830;3;Cádiz;teclado;teléfono;0,05;23,75;10;0
15831;12;Almería;teclado;tienda;0,05;23,75;8;0
15832;5;Córdoba;impresora;online;0,1;134,91;8;0
15833;6;Córdoba;impresora;tienda;0,0;149,9;6;0
15834;3;Granada;monitor;online;0,1;162,0;6;0
15835;10;Sevilla;impresora;teléfono;0,0;149,9;2;0
15836;5;Huelva;impresora;online;0,05;142,4;6;0
15837;5;Huelva;teclado;tienda;0,0;25,0;10;0
15838;5;Huelva;monitor;tienda;0,0;180,0;10;0
15839;8;Cádiz;ratón;online;0,0;12,5;16;1
15840;3;Granada;impresora;teléfono;0,05;142,4;5;0
15841;12;Córdoba;teclado;online;0,05;23,75;9;0
15842;8;Sevilla;tablet;tienda;0,2;279,2;6;0
15843;12;Huelva;monitor;online;0,1;162,0;3;1
15844;10;Huelva;impresora;tienda;0,05;142,4;5;0
15845;5;Málaga;tablet;tienda;0,2;279,2;8;0
15846;8;Málaga;teclado;online;0,0;25,0;19;0
15847;4;Sevilla;tablet;online;0,1;314,1;11;1
15848;4;Granada;monitor;tienda;0,0;180,0;5;0
15849;11;Jaén;portátil;tienda;0,0;899,9;2;0
15850;11;Cádiz;portátil;online;0,0;899,9;2;0
15851;11;Córdoba;tablet;teléfono;0,2;279,2;4;0
15852;12;Málaga;tablet;online;0,0;349,0;2;0
15853;4;Huelva;impresora;tienda;0,0;149,9;6;0
15854;12;Huelva;impresora;online;0,05;142,4;3;0
15855;2;Jaén;teclado;teléfono;0,0;25,0;4;0
15856;11;Jaén;monitor;teléfono;0,0;180,0;2;0
15857;3;Sevilla;monitor;online;0,05;171,0;9;0
15858;1;Sevilla;monitor;online;0,05;171,0;6;0
15859;6;Cádiz;monitor;online;0,0;180,0;8;0
15860;1;Granada;impresora;online;0,0;149,9;4;0
15861;1;Huelva;tablet;online;0,0;349,0;4;0
15862;11;Almería;teclado;tienda;0,0;25,0;5;0
15863;10;Málaga;monitor;tienda;0,0;180,0;3;0
15864;11;Almería;tablet;online;0,2;279,2;4;0
15865;10;Jaén;impresora;tienda;0,0;149,9;3;0
15866;3;Almería;impresora;teléfono;0,1;134,91;5;0
15867;5;Córdoba;teclado;teléfono;0,0;25,0;8;0
15868;11;Sevilla;monitor;online;0,0;180,0;5;1
15869;7;Málaga;monitor;teléfono;0,0;180,0;4;0
15870;6;Granada;monitor;online;0,05;171,0;6;1
15871;8;Málaga;impresora;online;0,1;134,91;10;1
15872;10;Granada;monitor;online;0,1;162,0;5;0
15873;1;Almería;impresora;teléfono;0,0;149,9;3;0
15874;7;Cádiz;monitor;online;0,05;171,0;9;0
15875;4;Almería;teclado;online;0,0;25,0;12;0
15876;9;Málaga;teclado;teléfono;0,0;25,0;7;0
15877;6;Córdoba;monitor;teléfono;0,05;171,0;7;0
15878;2;Málaga;teclado;online;0,0;25,0;11;0
15879;1;Málaga;tablet;tienda;0,0;349,0;4;1
15880;2;Jaén;ratón;online;0,1;11,25;11;0
15881;1;Córdoba;ratón;tienda;0,05;11,88;12;0
15882;7;Granada;tablet;tienda;0,0;349,0;4;0
15883;12;Sevilla;tablet;online;0,05;331,55;4;1
15884;4;Córdoba;impresora;online;0,05;142,4;7;0
15885;12;Sevilla;ratón;teléfono;0,0;12,5;7;0
15886;8;Huelva;portátil;teléfono;0,05;854,9;4;0
15887;9;Sevilla;teclado;tienda;0,0;25,0;6;0
15888;4;Cádiz;teclado;tienda;0,0;25,0;12;0
15889;10;Córdoba;teclado;tienda;0,05;23,75;7;0
15890;7;Almería;monitor;tienda;0,1;162,0;10;0
15891;3;Huelva;monitor;online;0,0;180,0;6;0
15892;11;Granada;tablet;teléfono;0,0;349,0;2;0
15893;10;Sevilla;monitor;online;0,05;171,0;5;0
15894;10;Cádiz;ratón;tienda;0,0;12,5;8;1
15895;2;Jaén;teclado;tienda;0,0;25,0;9;0
15896;2;Jaén;tablet;online;0,0;349,0;5;0
15897;8;Granada;tablet;tienda;0,05;331,55;5;0
15898;10;Cádiz;impresora;online;0,1;134,91;6;1
15899;5;Córdoba;impresora;online;0,0;149,9;5;1
15900;8;Málaga;impresora;tienda;0,1;134,91;4;0
15901;11;Sevilla;impresora;tienda;0,0;149,9;4;0
15902;2;Málaga;monitor;tienda;0,0;180,0;5;0
15903;11;Almería;monitor;online;0,0;180,0;3;0
15904;3;Huelva;portátil;online;0,0;899,9;2;0
15905;6;Sevilla;tablet;teléfono;0,05;331,55;4;0
15906;7;Cádiz;impresora;online;0,0;149,9;4;1
15907;6;Córdoba;portátil;tienda;0,2;719,92;4;0
15908;7;Almería;portátil;tienda;0,05;854,9;4;0
15909;7;Málaga;impresora;tienda;0,0;149,9;7;0
15910;12;Córdoba;impresora;online;0,0;149,9;4;0
15911;8;Huelva;monitor;teléfono;0,2;144,0;8;0
15912;4;Málaga;portátil;online;0,1;809,91;5;0
15913;3;Granada;teclado;teléfono;0,05;23,75;6;0
15914;4;Cádiz;teclado;tienda;0,05;23,75;12;0
15915;2;Huelva;portátil;tienda;0,0;899,9;3;0
15916;12;Córdoba;ratón;online;0,0;12,5;9;0
15917;8;Córdoba;ratón;tienda;0,0;12,5;15;0
15918;11;Jaén;monitor;online;0,2;144,0;9;0
15919;4;Granada;impresora;teléfono;0,05;142,4;3;0
15920;10;Almería;tablet;online;0,05;331,55;7;0
15921;8;Córdoba;impresora;online;0,05;142,4;5;1
15922;9;Huelva;teclado;online;0,0;25,0;13;0
15923;7;Málaga;teclado;online;0,0;25,0;12;0
15924;10;Almería;monitor;tienda;0,0;180,0;5;0
15925;3;Sevilla;portátil;online;0,05;854,9;5;0
15926;7;Málaga;impresora;online;0,0;149,9;6;0
15927;6;Jaén;ratón;online;0,1;11,25;20;0
15928;2;Cádiz;teclado;online;0,0;25,0;8;1
15929;11;Almería;tablet;online;0,0;349,0;4;0
15930;12;Sevilla;monitor;online;0,0;180,0;2;0
15931;1;Córdoba;impresora;online;0,0;149,9;3;0
15932;7;Sevilla;impresora;online;0,0;149,9;10;0
15933;10;Sevilla;tablet;online;0,0;349,0;3;0
15934;3;Almería;portátil;tienda;0,0;899,9;3;0
15935;4;Almería;impresora;online;0,2;119,92;6;0
15936;2;Sevilla;monitor;online;0,0;180,0;6;0
15937;10;Huelva;tablet;tienda;0,0;349,0;2;0
15938;8;Jaén;teclado;online;0,0;25,0;18;0
15939;5;Granada;teclado;tienda;0,05;23,75;10;0
15940;12;Granada;ratón;tienda;0,0;12,5;7;0
15941;7;Huelva;impresora;tienda;0,0;149,9;7;0
15942;3;Almería;teclado;online;0,0;25,0;11;1
15943;4;Sevilla;monitor;tienda;0,0;180,0;7;0
15944;3;Sevilla;impresora;tienda;0,05;142,4;5;0
15945;11;Cádiz;teclado;tienda;0,2;20,0;11;1
15946;8;Huelva;ratón;tienda;0,0;12,5;15;0
15947;2;Granada;ratón;tienda;0,0;12,5;9;0
15948;1;Huelva;tablet;online;0,0;349,0;3;0
15949;6;Almería;ratón;teléfono;0,1;11,25;10;0
15950;8;Almería;portátil;teléfono;0,05;854,9;4;0
15951;7;Almería;tablet;teléfono;0,05;331,55;5;0
15952;1;Almería;teclado;online;0,05;23,75;7;0
15953;4;Cádiz;ratón;tienda;0,1;11,25;23;0
15954;11;Sevilla;monitor;teléfono;0,2;144,0;4;0
15955;5;Sevilla;portátil;online;0,0;899,9;4;0
15956;10;Almería;teclado;teléfono;0,1;22,5;10;0
15957;12;Málaga;tablet;teléfono;0,0;349,0;2;0
15958;10;Almería;impresora;tienda;0,2;119,92;8;0
15959;7;Almería;tablet;online;0,0;349,0;6;0
15960;12;Almería;monitor;teléfono;0,0;180,0;3;0
15961;10;Sevilla;portátil;online;0,2;719,92;6;1
15962;2;Granada;monitor;online;0,05;171,0;6;0
15963;11;Almería;ratón;tienda;0,0;12,5;7;0
15964;12;Jaén;tablet;online;0,0;349,0;4;0
15965;6;Sevilla;monitor;tienda;0,0;180,0;7;0
15966;1;Cádiz;portátil;teléfono;0,05;854,9;2;0
15967;10;Jaén;ratón;online;0,05;11,88;13;0
15968;4;Córdoba;ratón;tienda;0,05;11,88;10;0
15969;1;Sevilla;teclado;teléfono;0,0;25,0;6;0
15970;2;Málaga;impresora;online;0,0;149,9;5;0
15971;12;Huelva;monitor;tienda;0,05;171,0;3;0
15972;3;Córdoba;tablet;tienda;0,05;331,55;4;0
15973;6;Huelva;teclado;tienda;0,1;22,5;16;0
15974;11;Almería;teclado;tienda;0,05;23,75;8;0
15975;3;Málaga;monitor;tienda;0,1;162,0;5;1
15976;8;Granada;teclado;tienda;0,0;25,0;14;0
15977;2;Cádiz;tablet;online;0,0;349,0;3;0
15978;12;Huelva;impresora;tienda;0,0;149,9;3;0
15979;5;Cádiz;portátil;teléfono;0,0;899,9;2;0
15980;9;Jaén;tablet;online;0,0;349,0;6;0
15981;7;Córdoba;monitor;tienda;0,0;180,0;5;0
15982;11;Córdoba;ratón;teléfono;0,0;12,5;7;1
15983;11;Málaga;portátil;online;0,05;854,9;3;1
15984;9;Cádiz;portátil;online;0,0;899,9;4;0
15985;8;Cádiz;ratón;tienda;0,05;11,88;17;0
15986;7;Jaén;portátil;teléfono;0,05;854,9;3;0
15987;4;Almería;impresora;online;0,0;149,9;7;0
15988;7;Sevilla;tablet;online;0,0;349,0;6;0
15989;12;Granada;ratón;tienda;0,0;12,5;6;0
15990;9;Granada;impresora;online;0,0;149,9;5;0
15991;6;Sevilla;impresora;tienda;0,1;134,91;5;1
15992;6;Córdoba;tablet;online;0,2;279,2;15;1
15993;10;Jaén;ratón;tienda;0,1;11,25;14;0
15994;12;Almería;monitor;tienda;0,0;180,0;3;0
15995;11;Almería;tablet;tienda;0,0;349,0;3;0
15996;7;Almería;portátil;teléfono;0,0;899,9;3;0
15997;1;Huelva;ratón;online;0,1;11,25;15;1
15998;7;Granada;ratón;online;0,0;12,5;25;1
15999;3;Huelva;impresora;tienda;0,05;142,4;3;0
16000;12;Huelva;teclado;teléfono;0,0;25,0;9;0
16001;7;Granada;portátil;online;0,1;809,91;5;0
16002;1;Jaén;portátil;online;0,0;899,9;2;0
16003;5;Cádiz;teclado;online;0,2;20,0;14;1
16004;12;Almería;ratón;tienda;0,0;12,5;7;0
16005;1;Jaén;monitor;online;0,1;162,0;5;0
16006;2;Málaga;portátil;online;0,1;809,91;3;0
16007;5;Sevilla;monitor;tienda;0,0;180,0;9;0
16008;7;Sevilla;tablet;online;0,2;279,2;8;0
16009;5;Sevilla;ratón;teléfono;0,0;12,5;17;0
16010;3;Málaga;monitor;online;0,0;180,0;6;0
16011;10;Almería;portátil;teléfono;0,0;899,9;2;0
16012;5;Córdoba;impresora;online;0,05;142,4;3;0
16013;1;Jaén;impresora;online;0,1;134,91;5;1
16014;5;Almería;ratón;teléfono;0,1;11,25;14;0
16015;11;Córdoba;monitor;online;0,05;171,0;4;1
16016;3;Sevilla;tablet;online;0,1;314,1;5;0
16017;12;Jaén;portátil;online;0,0;899,9;2;0
16018;12;Jaén;monitor;teléfono;0,0;180,0;4;0
16019;10;Cádiz;monitor;tienda;0,05;171,0;4;0
16020;1;Jaén;teclado;tienda;0,0;25,0;10;0
16021;2;Sevilla;teclado;tienda;0,0;25,0;7;0
16022;1;Cádiz;impresora;online;0,0;149,9;4;0
16023;10;Cádiz;teclado;tienda;0,0;25,0;7;0
16024;1;Córdoba;ratón;teléfono;0,05;11,88;8;0
16025;12;Sevilla;portátil;tienda;0,0;899,9;2;0
16026;2;Cádiz;portátil;online;0,0;899,9;3;0
16027;1;Cádiz;monitor;tienda;0,05;171,0;4;0
16028;4;Cádiz;teclado;tienda;0,0;25,0;9;1
16029;4;Cádiz;ratón;tienda;0,0;12,5;15;0
16030;7;Granada;impresora;online;0,0;149,9;8;0
16031;1;Almería;monitor;tienda;0,0;180,0;4;0
16032;8;Málaga;ratón;online;0,0;12,5;19;0
16033;11;Huelva;teclado;online;0,05;23,75;10;1
16034;12;Córdoba;ratón;online;0,05;11,88;9;1
16035;11;Jaén;tablet;online;0,1;314,1;6;0
16036;10;Granada;impresora;tienda;0,05;142,4;4;0
16037;5;Granada;tablet;online;0,0;349,0;1;0
16038;11;Huelva;monitor;teléfono;0,1;162,0;2;0
16039;2;Málaga;ratón;online;0,0;12,5;8;0
16040;10;Córdoba;teclado;online;0,05;23,75;14;0
16041;11;Cádiz;teclado;online;0,1;22,5;5;0
16042;5;Sevilla;tablet;tienda;0,0;349,0;5;0
16043;12;Jaén;teclado;tienda;0,0;25,0;7;0
16044;5;Cádiz;teclado;online;0,0;25,0;15;0
16045;11;Córdoba;monitor;tienda;0,0;180,0;2;0
16046;6;Málaga;teclado;teléfono;0,0;25,0;10;0
16047;7;Almería;impresora;teléfono;0,0;149,9;2;0
16048;11;Granada;teclado;tienda;0,0;25,0;5;0
16049;11;Cádiz;portátil;tienda;0,0;899,9;2;0
16050;8;Sevilla;portátil;online;0,0;899,9;5;0
16051;11;Málaga;tablet;online;0,2;279,2;8;1
16052;12;Cádiz;portátil;teléfono;0,0;899,9;2;0
16053;9;Almería;monitor;online;0,05;171,0;9;0
16054;8;Almería;portátil;online;0,0;899,9;4;0
16055;10;Cádiz;impresora;tienda;0,0;149,9;3;0
16056;8;Cádiz;portátil;tienda;0,05;854,9;7;0
16057;1;Sevilla;impresora;tienda;0,0;149,9;2;0
16058;9;Almería;ratón;online;0,0;12,5;16;0
16059;11;Sevilla;ratón;teléfono;0,0;12,5;7;0
16060;1;Granada;teclado;online;0,05;23,75;11;0
16061;1;Jaén;impresora;tienda;0,0;149,9;4;0
16062;4;Sevilla;portátil;tienda;0,0;899,9;4;0
16063;8;Sevilla;impresora;online;0,0;149,9;7;1
16064;12;Jaén;impresora;tienda;0,0;149,9;4;0
16065;1;Huelva;monitor;tienda;0,0;180,0;3;0
16066;4;Cádiz;ratón;tienda;0,0;12,5;8;0
16067;9;Málaga;portátil;online;0,0;899,9;3;0
16068;6;Sevilla;monitor;tienda;0,0;180,0;8;0
16069;4;Córdoba;impresora;tienda;0,05;142,4;3;0
16070;5;Sevilla;ratón;teléfono;0,1;11,25;9;0
16071;8;Jaén;tablet;online;0,0;349,0;2;0
16072;9;Jaén;ratón;tienda;0,0;12,5;11;0
16073;5;Córdoba;impresora;teléfono;0,2;119,92;7;0
16074;9;Sevilla;monitor;tienda;0,0;180,0;4;0
16075;7;Granada;portátil;teléfono;0,05;854,9;4;0
16076;4;Córdoba;tablet;online;0,0;349,0;6;0
16077;6;Jaén;tablet;tienda;0,0;349,0;4;0
16078;8;Málaga;tablet;tienda;0,05;331,55;6;0
16079;9;Huelva;tablet;online;0,2;279,2;8;0
16080;1;Almería;portátil;tienda;0,0;899,9;2;0
16081;9;Cádiz;tablet;teléfono;0,1;314,1;4;0
16082;5;Málaga;tablet;online;0,0;349,0;5;0
16083;12;Jaén;impresora;tienda;0,0;149,9;3;0
16084;3;Jaén;teclado;online;0,05;23,75;12;0
16085;10;Huelva;impresora;tienda;0,2;119,92;6;0
16086;12;Cádiz;ratón;online;0,0;12,5;10;0
16087;5;Málaga;impresora;online;0,0;149,9;8;0
16088;8;Jaén;teclado;tienda;0,0;25,0;14;1
16089;2;Sevilla;teclado;tienda;0,05;23,75;11;0
16090;9;Granada;tablet;online;0,0;349,0;4;0
16091;10;Sevilla;monitor;online;0,05;171,0;6;0
16092;12;Almería;ratón;tienda;0,0;12,5;3;0
16093;6;Sevilla;teclado;online;0,2;20,0;19;0
16094;9;Granada;tablet;tienda;0,0;349,0;4;0
16095;10;Jaén;portátil;tienda;0,1;809,91;2;0
16096;9;Sevilla;impresora;tienda;0,1;134,91;5;0
16097;3;Sevilla;ratón;online;0,1;11,25;17;0
16098;8;Almería;tablet;tienda;0,1;314,1;6;0
16099;5;Huelva;monitor;tienda;0,1;162,0;11;0
16100;7;Almería;monitor;online;0,1;162,0;8;0
16101;6;Málaga;portátil;tienda;0,0;899,9;2;0
16102;12;Almería;impresora;online;0,0;149,9;2;0
16103;7;Sevilla;impresora;online;0,1;134,91;13;1
16104;1;Córdoba;portátil;online;0,0;899,9;3;0
16105;5;Cádiz;teclado;online;0,0;25,0;11;0
16106;11;Córdoba;impresora;online;0,0;149,9;4;0
16107;9;Granada;impresora;online;0,1;134,91;7;0
16108;7;Cádiz;ratón;tienda;0,1;11,25;15;0
16109;3;Huelva;ratón;online;0,0;12,5;13;0
16110;11;Jaén;portátil;teléfono;0,0;899,9;1;0
16111;11;Córdoba;teclado;online;0,0;25,0;4;0
16112;1;Jaén;monitor;online;0,0;180,0;6;0
16113;8;Almería;monitor;online;0,0;180,0;7;0
16114;12;Córdoba;monitor;online;0,0;180,0;4;1
16115;4;Cádiz;tablet;online;0,0;349,0;4;0
16116;4;Córdoba;portátil;tienda;0,0;899,9;3;1
16117;9;Sevilla;monitor;tienda;0,2;144,0;6;0
16118;2;Córdoba;monitor;online;0,2;144,0;6;0
16119;11;Almería;impresora;tienda;0,0;149,9;5;0
16120;4;Jaén;teclado;teléfono;0,0;25,0;7;0
16121;4;Cádiz;impresora;tienda;0,05;142,4;7;0
16122;5;Córdoba;ratón;online;0,0;12,5;22;1
16123;2;Jaén;ratón;online;0,0;12,5;13;0
16124;3;Granada;monitor;tienda;0,0;180,0;2;0
16125;9;Cádiz;tablet;tienda;0,2;279,2;4;0
16126;2;Almería;impresora;online;0,1;134,91;8;0
16127;8;Málaga;monitor;tienda;0,0;180,0;6;0
16128;6;Granada;portátil;online;0,0;899,9;5;0
16129;4;Córdoba;teclado;tienda;0,0;25,0;10;0
16130;10;Cádiz;impresora;tienda;0,05;142,4;5;1
16131;5;Sevilla;tablet;online;0,0;349,0;6;1
16132;3;Almería;impresora;teléfono;0,0;149,9;2;0
16133;8;Almería;monitor;tienda;0,0;180,0;4;0
16134;4;Almería;ratón;tienda;0,2;10,0;15;1
16135;4;Córdoba;teclado;tienda;0,0;25,0;14;0
16136;11;Jaén;ratón;tienda;0,1;11,25;14;0
16137;3;Jaén;impresora;teléfono;0,05;142,4;3;0
16138;7;Almería;tablet;online;0,0;349,0;6;1
16139;6;Granada;teclado;tienda;0,0;25,0;13;0
16140;3;Sevilla;portátil;tienda;0,05;854,9;4;0
16141;6;Jaén;portátil;tienda;0,0;899,9;3;1
16142;11;Granada;teclado;tienda;0,0;25,0;6;0
16143;3;Córdoba;teclado;teléfono;0,0;25,0;8;0
16144;3;Almería;impresora;tienda;0,05;142,4;6;0
16145;11;Huelva;monitor;tienda;0,0;180,0;3;0
16146;6;Málaga;portátil;tienda;0,0;899,9;4;0
16147;5;Huelva;portátil;tienda;0,0;899,9;3;0
16148;8;Huelva;impresora;online;0,2;119,92;7;1
16149;11;Almería;impresora;tienda;0,0;149,9;3;0
16150;4;Jaén;monitor;tienda;0,0;180,0;5;0
16151;9;Huelva;teclado;online;0,1;22,5;13;0
16152;11;Cádiz;monitor;online;0,2;144,0;5;0
16153;9;Almería;teclado;tienda;0,0;25,0;11;0
16154;1;Huelva;portátil;tienda;0,0;899,9;3;0
16155;10;Sevilla;portátil;online;0,05;854,9;3;0
16156;7;Granada;teclado;online;0,0;25,0;22;0
16157;3;Córdoba;teclado;tienda;0,05;23,75;8;0
16158;2;Sevilla;portátil;online;0,2;719,92;4;1
16159;1;Almería;portátil;tienda;0,0;899,9;3;0
16160;7;Granada;tablet;tienda;0,05;331,55;4;0
16161;3;Huelva;portátil;online;0,0;899,9;3;0
16162;7;Almería;portátil;online;0,0;899,9;5;0
16163;11;Granada;ratón;tienda;0,05;11,88;12;0
16164;3;Jaén;tablet;tienda;0,1;314,1;3;1
16165;5;Jaén;impresora;tienda;0,0;149,9;5;0
16166;7;Cádiz;teclado;online;0,0;25,0;14;1
16167;10;Córdoba;monitor;tienda;0,0;180,0;4;0
16168;6;Cádiz;tablet;teléfono;0,0;349,0;4;0
16169;6;Jaén;ratón;online;0,2;10,0;37;1
16170;7;Jaén;monitor;online;0,1;162,0;10;0
16171;12;Huelva;teclado;tienda;0,0;25,0;6;1
16172;8;Jaén;teclado;online;0,05;23,75;15;1
16173;7;Almería;ratón;tienda;0,0;12,5;15;0
16174;9;Cádiz;monitor;online;0,0;180,0;7;0
16175;1;Cádiz;impresora;teléfono;0,0;149,9;3;0
16176;12;Jaén;tablet;tienda;0,0;349,0;2;0
16177;1;Granada;portátil;tienda;0,0;899,9;3;1
16178;8;Córdoba;monitor;tienda;0,0;180,0;5;0
16179;2;Huelva;ratón;online;0,0;12,5;10;0
16180;7;Málaga;tablet;tienda;0,05;331,55;6;0
16181;8;Málaga;impresora;tienda;0,0;149,9;5;0
16182;11;Málaga;ratón;tienda;0,0;12,5;7;0
16183;8;Córdoba;ratón;online;0,0;12,5;20;0
16184;12;Almería;monitor;tienda;0,1;162,0;3;0
16185;10;Cádiz;monitor;tienda;0,0;180,0;4;0
16186;7;Almería;monitor;online;0,0;180,0;11;0
16187;4;Granada;portátil;teléfono;0,0;899,9;3;0
16188;10;Sevilla;ratón;online;0,05;11,88;12;0
16189;9;Huelva;ratón;online;0,05;11,88;11;1
16190;2;Granada;teclado;tienda;0,2;20,0;11;0
16191;11;Huelva;ratón;online;0,05;11,88;10;0
16192;5;Granada;ratón;online;0,0;12,5;26;1
16193;3;Granada;teclado;tienda;0,0;25,0;8;0
16194;11;Granada;teclado;online;0,0;25,0;7;1
16195;11;Córdoba;teclado;online;0,0;25,0;9;1
16196;4;Huelva;impresora;online;0,05;142,4;9;1
16197;11;Jaén;portátil;tienda;0,05;854,9;3;1
16198;8;Málaga;monitor;tienda;0,0;180,0;8;0
16199;5;Sevilla;teclado;teléfono;0,1;22,5;11;1
16200;9;Sevilla;impresora;tienda;0,2;119,92;4;0
16201;9;Málaga;ratón;tienda;0,0;12,5;10;0
16202;1;Granada;portátil;online;0,1;809,91;3;0
16203;12;Almería;impresora;online;0,0;149,9;3;0
16204;4;Sevilla;teclado;tienda;0,0;25,0;10;0
16205;12;Córdoba;impresora;tienda;0,1;134,91;3;0
16206;10;Cádiz;monitor;teléfono;0,05;171,0;5;0
16207;7;Málaga;teclado;online;0,0;25,0;18;0
16208;5;Sevilla;impresora;tienda;0,0;149,9;6;0
16209;5;Cádiz;impresora;tienda;0,1;134,91;5;0
16210;11;Sevilla;portátil;online;0,2;719,92;2;0
16211;9;Cádiz;teclado;tienda;0,2;20,0;14;0
16212;7;Córdoba;teclado;tienda;0,0;25,0;13;0
16213;10;Sevilla;monitor;tienda;0,0;180,0;4;0
16214;8;Córdoba;ratón;online;0,2;10,0;26;1
16215;10;Granada;teclado;tienda;0,0;25,0;7;0
16216;4;Cádiz;teclado;tienda;0,0;25,0;9;0
16217;7;Almería;teclado;online;0,05;23,75;19;0
16218;5;Sevilla;monitor;tienda;0,0;180,0;6;0
16219;9;Sevilla;monitor;tienda;0,0;180,0;6;0
16220;12;Granada;impresora;tienda;0,1;134,91;4;0
16221;12;Huelva;tablet;online;0,1;314,1;4;0
16222;7;Jaén;teclado;tienda;0,1;22,5;11;0
16223;4;Jaén;ratón;online;0,2;10,0;13;1
16224;10;Sevilla;ratón;tienda;0,0;12,5;12;0
16225;1;Almería;impresora;online;0,0;149,9;3;0
16226;3;Córdoba;portátil;online;0,05;854,9;5;0
16227;7;Cádiz;ratón;tienda;0,05;11,88;15;0
16228;11;Sevilla;ratón;online;0,0;12,5;10;0
16229;8;Granada;impresora;online;0,1;134,91;8;0
16230;7;Almería;tablet;online;0,0;349,0;5;1
16231;6;Huelva;ratón;online;0,0;12,5;26;0
16232;1;Almería;monitor;online;0,0;180,0;4;0
16233;4;Cádiz;ratón;teléfono;0,05;11,88;14;0
16234;8;Córdoba;impresora;teléfono;0,0;149,9;4;0
16235;2;Sevilla;impresora;teléfono;0,05;142,4;4;0
16236;4;Jaén;monitor;online;0,0;180,0;5;0
16237;5;Almería;impresora;online;0,1;134,91;8;0
16238;4;Granada;portátil;online;0,1;809,91;2;1
16239;10;Granada;monitor;tienda;0,0;180,0;5;0
16240;6;Almería;impresora;tienda;0,0;149,9;5;0
16241;3;Granada;teclado;online;0,05;23,75;14;0
16242;1;Córdoba;impresora;tienda;0,1;134,91;4;0
16243;4;Sevilla;tablet;tienda;0,0;349,0;5;0
16244;12;Sevilla;teclado;tienda;0,0;25,0;8;1
16245;4;Jaén;ratón;tienda;0,0;12,5;6;0
16246;4;Almería;tablet;online;0,0;349,0;6;0
16247;1;Almería;portátil;online;0,0;899,9;3;1
16248;3;Cádiz;monitor;online;0,0;180,0;8;1
16249;5;Jaén;impresora;tienda;0,0;149,9;5;0
16250;3;Málaga;teclado;teléfono;0,05;23,75;12;0
16251;12;Cádiz;ratón;tienda;0,05;11,88;8;0
16252;12;Granada;ratón;teléfono;0,1;11,25;8;0
16253;1;Jaén;monitor;online;0,0;180,0;3;0
16254;4;Granada;teclado;online;0,05;23,75;23;1
16255;11;Jaén;tablet;online;0,1;314,1;4;0
16256;8;Sevilla;portátil;online;0,0;899,9;5;0
16257;7;Almería;tablet;online;0,0;349,0;7;0
16258;8;Jaén;tablet;teléfono;0,0;349,0;3;0
16259;4;Granada;teclado;online;0,2;20,0;21;0
16260;3;Almería;portátil;online;0,05;854,9;5;0
16261;7;Córdoba;tablet;tienda;0,0;349,0;4;0
16262;3;Huelva;tablet;tienda;0,0;349,0;5;0
16263;7;Málaga;monitor;tienda;0,1;162,0;12;1
16264;5;Sevilla;tablet;tienda;0,1;314,1;9;0
16265;9;Granada;tablet;online;0,0;349,0;7;1
16266;2;Almería;tablet;tienda;0,1;314,1;5;0
16267;7;Sevilla;teclado;online;0,0;25,0;11;0
16268;6;Almería;monitor;tienda;0,0;180,0;6;0
16269;5;Granada;monitor;tienda;0,0;180,0;10;0
16270;2;Huelva;impresora;tienda;0,05;142,4;4;1
16271;10;Huelva;portátil;online;0,05;854,9;3;1
16272;7;Málaga;impresora;online;0,0;149,9;6;0
16273;9;Huelva;teclado;online;0,1;22,5;19;1
16274;8;Cádiz;ratón;teléfono;0,0;12,5;11;0
16275;11;Jaén;portátil;online;0,0;899,9;1;0
16276;8;Cádiz;portátil;teléfono;0,0;899,9;4;0
16277;8;Jaén;teclado;teléfono;0,1;22,5;9;1
16278;8;Granada;teclado;teléfono;0,05;23,75;9;0
16279;12;Sevilla;ratón;online;0,0;12,5;10;0
16280;3;Huelva;ratón;tienda;0,0;12,5;9;0
16281;7;Jaén;tablet;online;0,0;349,0;4;0
16282;10;Jaén;ratón;teléfono;0,0;12,5;6;0
16283;5;Málaga;teclado;tienda;0,1;22,5;9;0
16284;3;Almería;ratón;online;0,0;12,5;9;1
16285;1;Córdoba;ratón;online;0,2;10,0;19;0
16286;8;Huelva;ratón;tienda;0,0;12,5;18;0
16287;7;Sevilla;teclado;tienda;0,0;25,0;17;0
16288;6;Huelva;teclado;online;0,0;25,0;15;0
16289;1;Cádiz;tablet;online;0,1;314,1;4;0
16290;10;Granada;monitor;tienda;0,0;180,0;2;0
16291;6;Almería;ratón;online;0,2;10,0;31;1
16292;5;Sevilla;ratón;teléfono;0,0;12,5;8;0
16293;10;Córdoba;teclado;tienda;0,1;22,5;11;0
16294;4;Jaén;teclado;online;0,0;25,0;19;0
16295;5;Málaga;ratón;teléfono;0,05;11,88;14;0
16296;9;Málaga;teclado;tienda;0,0;25,0;5;0
16297;7;Almería;monitor;tienda;0,05;171,0;6;0
16298;12;Sevilla;monitor;online;0,0;180,0;6;0
16299;8;Córdoba;impresora;tienda;0,0;149,9;6;0
16300;8;Cádiz;impresora;teléfono;0,1;134,91;4;0
16301;2;Córdoba;impresora;tienda;0,05;142,4;1;0
16302;6;Granada;portátil;tienda;0,1;809,91;6;0
16303;1;Sevilla;monitor;tienda;0,2;144,0;4;0
16304;6;Granada;monitor;tienda;0,1;162,0;12;0
16305;4;Almería;tablet;teléfono;0,2;279,2;5;0
16306;10;Cádiz;impresora;online;0,0;149,9;4;0
16307;2;Sevilla;portátil;online;0,0;899,9;4;0
16308;4;Sevilla;tablet;online;0,0;349,0;5;0
16309;2;Sevilla;ratón;online;0,1;11,25;9;0
16310;9;Huelva;ratón;online;0,0;12,5;11;0
16311;8;Sevilla;impresora;online;0,0;149,9;7;1
16312;2;Sevilla;monitor;teléfono;0,1;162,0;2;0
16313;12;Cádiz;tablet;tienda;0,1;314,1;3;0
16314;9;Huelva;portátil;online;0,2;719,92;6;0
16315;5;Sevilla;ratón;online;0,05;11,88;8;0
16316;9;Málaga;teclado;tienda;0,0;25,0;12;0
16317;11;Cádiz;teclado;tienda;0,05;23,75;6;1
16318;7;Málaga;ratón;tienda;0,1;11,25;21;0
16319;1;Córdoba;impresora;tienda;0,0;149,9;2;0
16320;12;Sevilla;ratón;online;0,0;12,5;7;0
16321;1;Sevilla;teclado;tienda;0,05;23,75;7;0
16322;8;Granada;impresora;tienda;0,05;142,4;9;1
16323;7;Jaén;teclado;tienda;0,0;25,0;11;0
16324;5;Sevilla;ratón;online;0,0;12,5;15;0
16325;3;Huelva;teclado;online;0,1;22,5;17;0
16326;5;Cádiz;monitor;tienda;0,05;171,0;5;0
16327;7;Málaga;tablet;online;0,0;349,0;8;0
16328;10;Granada;impresora;online;0,2;119,92;6;0
16329;4;Huelva;portátil;teléfono;0,0;899,9;2;0
16330;7;Huelva;impresora;teléfono;0,1;134,91;4;1
16331;8;Málaga;monitor;online;0,0;180,0;9;0
16332;2;Sevilla;ratón;online;0,1;11,25;16;0
16333;1;Córdoba;ratón;online;0,05;11,88;13;1
16334;3;Málaga;monitor;online;0,0;180,0;4;0
16335;1;Jaén;monitor;teléfono;0,0;180,0;2;0
16336;4;Almería;tablet;online;0,05;331,55;7;0
16337;1;Granada;ratón;online;0,0;12,5;10;0
16338;4;Cádiz;portátil;online;0,2;719,92;6;0
16339;10;Almería;ratón;tienda;0,2;10,0;7;1
16340;6;Cádiz;teclado;tienda;0,05;23,75;8;1
16341;7;Granada;monitor;teléfono;0,05;171,0;8;0
16342;7;Jaén;impresora;teléfono;0,0;149,9;5;0
16343;10;Córdoba;monitor;tienda;0,0;180,0;5;0
16344;4;Jaén;ratón;online;0,05;11,88;18;0
16345;12;Sevilla;ratón;online;0,0;12,5;8;0
16346;3;Huelva;teclado;online;0,1;22,5;15;0
16347;10;Huelva;teclado;tienda;0,2;20,0;10;0
16348;9;Granada;portátil;tienda;0,1;809,91;4;1
16349;7;Almería;teclado;teléfono;0,0;25,0;11;0
16350;7;Almería;impresora;online;0,0;149,9;5;0
16351;5;Málaga;impresora;tienda;0,1;134,91;8;0
16352;10;Córdoba;ratón;tienda;0,05;11,88;12;0
16353;10;Sevilla;ratón;tienda;0,0;12,5;8;0
16354;6;Sevilla;impresora;online;0,0;149,9;7;0
16355;9;Jaén;monitor;online;0,2;144,0;10;0
16356;7;Málaga;ratón;online;0,05;11,88;23;0
16357;12;Huelva;monitor;online;0,05;171,0;6;1
16358;6;Jaén;ratón;teléfono;0,0;12,5;15;0
16359;3;Almería;ratón;tienda;0,1;11,25;13;1
16360;10;Huelva;portátil;teléfono;0,1;809,91;3;0
16361;11;Huelva;ratón;teléfono;0,2;10,0;11;0
16362;7;Granada;tablet;tienda;0,05;331,55;7;0
16363;11;Sevilla;monitor;online;0,0;180,0;5;0
16364;7;Jaén;impresora;tienda;0,0;149,9;7;0
16365;9;Granada;portátil;online;0,05;854,9;3;0
16366;10;Jaén;impresora;tienda;0,05;142,4;2;0
16367;2;Málaga;monitor;online;0,05;171,0;7;0
16368;2;Cádiz;monitor;tienda;0,0;180,0;5;0
16369;9;Málaga;impresora;online;0,05;142,4;6;0
16370;10;Jaén;monitor;online;0,0;180,0;4;0
16371;4;Cádiz;tablet;online;0,0;349,0;7;1
16372;12;Cádiz;ratón;tienda;0,05;11,88;10;0
16373;6;Jaén;impresora;teléfono;0,0;149,9;5;0
16374;7;Sevilla;monitor;tienda;0,0;180,0;9;0
16375;10;Jaén;ratón;teléfono;0,1;11,25;8;0
16376;7;Málaga;monitor;tienda;0,0;180,0;5;0
16377;3;Huelva;tablet;teléfono;0,05;331,55;3;0
16378;11;Almería;teclado;teléfono;0,0;25,0;6;0
16379;6;Granada;impresora;online;0,0;149,9;7;0
16380;1;Córdoba;tablet;teléfono;0,1;314,1;4;0
16381;12;Málaga;tablet;tienda;0,1;314,1;3;0
16382;8;Cádiz;monitor;online;0,0;180,0;4;1
16383;10;Málaga;monitor;online;0,0;180,0;6;1
16384;2;Huelva;portátil;tienda;0,05;854,9;3;0
16385;4;Málaga;portátil;online;0,05;854,9;5;0
16386;1;Sevilla;portátil;tienda;0,0;899,9;1;0
16387;8;Granada;tablet;online;0,0;349,0;5;0
16388;7;Málaga;tablet;online;0,2;279,2;12;1
16389;2;Almería;impresora;tienda;0,2;119,92;4;0
16390;1;Córdoba;portátil;online;0,1;809,91;3;0
16391;1;Sevilla;monitor;online;0,0;180,0;5;0
16392;9;Cádiz;impresora;online;0,0;149,9;6;0
16393;1;Almería;ratón;tienda;0,0;12,5;6;0
16394;10;Granada;portátil;online;0,05;854,9;3;1
16395;5;Huelva;monitor;online;0,05;171,0;10;0
16396;5;Huelva;ratón;tienda;0,1;11,25;19;0
16397;4;Jaén;ratón;online;0,05;11,88;17;1
16398;9;Málaga;tablet;teléfono;0,0;349,0;4;0
16399;8;Jaén;portátil;online;0,05;854,9;4;0
16400;2;Córdoba;portátil;online;0,2;719,92;5;0
16401;11;Sevilla;portátil;online;0,0;899,9;2;0
16402;3;Almería;monitor;tienda;0,0;180,0;5;0
16403;8;Huelva;tablet;online;0,0;349,0;6;0
16404;4;Málaga;impresora;tienda;0,0;149,9;5;0
16405;7;Cádiz;ratón;tienda;0,1;11,25;20;0
16406;12;Jaén;tablet;online;0,0;349,0;5;1
16407;12;Córdoba;tablet;tienda;0,2;279,2;3;0
16408;7;Huelva;ratón;teléfono;0,2;10,0;19;0
16409;2;Cádiz;teclado;teléfono;0,05;23,75;8;0
16410;11;Granada;portátil;tienda;0,0;899,9;2;0
16411;8;Almería;impresora;online;0,2;119,92;10;0
16412;1;Cádiz;impresora;online;0,0;149,9;3;0
16413;9;Córdoba;monitor;online;0,05;171,0;8;0
16414;9;Málaga;portátil;tienda;0,0;899,9;3;0
16415;12;Almería;portátil;teléfono;0,05;854,9;1;0
16416;10;Córdoba;teclado;tienda;0,0;25,0;7;0
16417;9;Granada;portátil;online;0,1;809,91;4;0
16418;7;Cádiz;portátil;tienda;0,0;899,9;3;0
16419;6;Granada;portátil;teléfono;0,0;899,9;5;0
16420;8;Jaén;portátil;tienda;0,1;809,91;6;0
16421;4;Almería;tablet;online;0,1;314,1;9;0
16422;9;Huelva;monitor;tienda;0,0;180,0;4;1
16423;8;Jaén;impresora;online;0,0;149,9;10;0
16424;3;Jaén;tablet;online;0,0;349,0;7;0
16425;4;Córdoba;ratón;teléfono;0,0;12,5;12;0
16426;10;Jaén;monitor;teléfono;0,1;162,0;4;0
16427;9;Almería;monitor;teléfono;0,05;171,0;3;0
16428;1;Almería;impresora;tienda;0,0;149,9;3;1
16429;4;Córdoba;portátil;online;0,0;899,9;3;0
16430;6;Cádiz;portátil;online;0,2;719,92;6;1
16431;6;Almería;tablet;tienda;0,05;331,55;6;1
16432;10;Sevilla;tablet;tienda;0,0;349,0;3;0
16433;11;Jaén;monitor;tienda;0,1;162,0;5;0
16434;8;Córdoba;tablet;tienda;0,0;349,0;4;0
16435;5;Huelva;tablet;tienda;0,2;279,2;6;0
16436;4;Cádiz;ratón;online;0,1;11,25;25;1
16437;2;Cádiz;monitor;tienda;0,05;171,0;5;0
16438;3;Córdoba;teclado;teléfono;0,0;25,0;7;0
16439;6;Jaén;tablet;teléfono;0,0;349,0;3;1
16440;1;Granada;teclado;teléfono;0,0;25,0;7;1
16441;8;Jaén;ratón;tienda;0,1;11,25;11;0
16442;3;Huelva;ratón;teléfono;0,1;11,25;13;0
16443;3;Córdoba;teclado;online;0,1;22,5;15;0
16444;6;Jaén;tablet;teléfono;0,0;349,0;6;0
16445;5;Málaga;monitor;online;0,0;180,0;8;0
16446;6;Jaén;teclado;tienda;0,0;25,0;8;0
16447;6;Huelva;ratón;tienda;0,05;11,88;14;0
16448;12;Cádiz;impresora;online;0,0;149,9;3;0
16449;1;Granada;tablet;tienda;0,0;349,0;3;0
16450;5;Almería;portátil;teléfono;0,0;899,9;2;0
16451;10;Granada;portátil;online;0,05;854,9;5;0
16452;8;Jaén;ratón;teléfono;0,0;12,5;13;0
16453;2;Almería;monitor;online;0,05;171,0;8;0
16454;11;Málaga;portátil;teléfono;0,0;899,9;2;0
16455;4;Granada;tablet;online;0,1;314,1;6;0
16456;8;Granada;teclado;teléfono;0,0;25,0;5;0
16457;11;Sevilla;monitor;tienda;0,2;144,0;5;0
16458;7;Almería;ratón;online;0,0;12,5;17;0
16459;2;Cádiz;tablet;tienda;0,0;349,0;4;0
16460;4;Córdoba;portátil;tienda;0,0;899,9;3;0
16461;6;Jaén;teclado;tienda;0,1;22,5;11;0
16462;8;Granada;tablet;tienda;0,0;349,0;5;0
16463;1;Cádiz;tablet;online;0,0;349,0;3;1
16464;4;Málaga;portátil;online;0,0;899,9;3;0
16465;11;Almería;impresora;tienda;0,0;149,9;3;0
16466;6;Jaén;monitor;teléfono;0,0;180,0;6;1
16467;11;Huelva;monitor;online;0,2;144,0;6;0
16468;12;Granada;portátil;tienda;0,05;854,9;2;1
16469;9;Cádiz;impresora;online;0,0;149,9;6;1
16470;8;Sevilla;monitor;online;0,0;180,0;7;0
16471;2;Jaén;impresora;online;0,1;134,91;7;1
16472;7;Granada;ratón;tienda;0,2;10,0;22;0
16473;10;Huelva;ratón;online;0,0;12,5;9;1
16474;7;Málaga;impresora;online;0,0;149,9;5;1
16475;4;Málaga;portátil;online;0,1;809,91;5;0
16476;12;Sevilla;impresora;tienda;0,0;149,9;3;0
16477;12;Huelva;tablet;tienda;0,05;331,55;2;0
16478;8;Jaén;impresora;tienda;0,0;149,9;4;0
16479;6;Jaén;ratón;online;0,05;11,88;19;0
16480;4;Córdoba;impresora;tienda;0,0;149,9;8;1
16481;5;Cádiz;monitor;online;0,2;144,0;8;0
16482;10;Sevilla;portátil;teléfono;0,0;899,9;2;1
16483;12;Almería;portátil;tienda;0,2;719,92;4;0
16484;5;Almería;tablet;teléfono;0,0;349,0;4;0
16485;10;Sevilla;teclado;online;0,05;23,75;11;1
16486;5;Cádiz;portátil;online;0,0;899,9;5;1
16487;2;Almería;portátil;tienda;0,0;899,9;3;0
16488;4;Almería;tablet;online;0,1;314,1;5;0
16489;1;Sevilla;teclado;tienda;0,05;23,75;7;0
16490;6;Málaga;monitor;teléfono;0,0;180,0;7;0
16491;7;Huelva;portátil;online;0,2;719,92;8;0
16492;2;Cádiz;impresora;tienda;0,05;142,4;3;1
16493;6;Cádiz;ratón;online;0,0;12,5;21;1
16494;6;Almería;tablet;teléfono;0,05;331,55;5;0
16495;1;Málaga;ratón;online;0,0;12,5;10;0
16496;10;Jaén;tablet;tienda;0,0;349,0;3;0
16497;1;Almería;monitor;online;0,05;171,0;5;0
16498;10;Granada;teclado;teléfono;0,0;25,0;7;0
16499;3;Almería;ratón;online;0,0;12,5;14;0
16500;12;Huelva;ratón;online;0,0;12,5;4;0
16501;10;Sevilla;monitor;tienda;0,05;171,0;5;0
16502;3;Almería;portátil;online;0,1;809,91;5;0
16503;7;Almería;portátil;tienda;0,1;809,91;7;0
16504;8;Jaén;impresora;online;0,2;119,92;11;1
16505;3;Málaga;teclado;online;0,05;23,75;12;0
16506;11;Jaén;tablet;teléfono;0,0;349,0;3;0
16507;7;Huelva;monitor;tienda;0,0;180,0;7;0
16508;12;Córdoba;monitor;tienda;0,1;162,0;4;0
16509;9;Cádiz;teclado;online;0,0;25,0;10;0
16510;6;Córdoba;impresora;tienda;0,1;134,91;6;1
16511;9;Jaén;ratón;tienda;0,2;10,0;14;0
16512;3;Córdoba;teclado;online;0,0;25,0;9;0
16513;1;Málaga;teclado;tienda;0,05;23,75;7;0
16514;3;Sevilla;portátil;online;0,0;899,9;3;0
16515;2;Málaga;ratón;online;0,0;12,5;11;0
16516;6;Sevilla;tablet;teléfono;0,05;331,55;7;1
16517;6;Cádiz;impresora;tienda;0,2;119,92;9;0
16518;3;Jaén;impresora;online;0,0;149,9;6;1
16519;6;Sevilla;impresora;teléfono;0,05;142,4;6;1
16520;6;Jaén;portátil;online;0,0;899,9;7;0
16521;10;Cádiz;portátil;online;0,0;899,9;3;0
16522;5;Huelva;portátil;online;0,1;809,91;6;0
16523;12;Jaén;ratón;online;0,0;12,5;5;0
16524;10;Granada;portátil;tienda;0,1;809,91;3;0
16525;2;Jaén;portátil;online;0,0;899,9;3;0
16526;1;Córdoba;tablet;online;0,0;349,0;6;1
16527;8;Málaga;ratón;teléfono;0,05;11,88;9;0
16528;5;Málaga;tablet;teléfono;0,0;349,0;2;0
16529;4;Córdoba;teclado;tienda;0,05;23,75;18;0
16530;9;Málaga;impresora;online;0,2;119,92;10;1
16531;11;Sevilla;portátil;tienda;0,0;899,9;1;0
16532;1;Sevilla;ratón;tienda;0,0;12,5;7;0
16533;8;Málaga;impresora;online;0,0;149,9;5;0
16534;5;Sevilla;monitor;tienda;0,1;162,0;9;0
16535;3;Almería;teclado;online;0,05;23,75;9;0
16536;11;Almería;portátil;online;0,2;719,92;3;0
16537;5;Granada;ratón;tienda;0,1;11,25;16;0
16538;8;Almería;impresora;tienda;0,05;142,4;6;0
16539;9;Huelva;tablet;tienda;0,0;349,0;5;1
16540;6;Sevilla;teclado;tienda;0,05;23,75;13;0
16541;7;Granada;ratón;online;0,05;11,88;20;0
16542;5;Almería;ratón;tienda;0,0;12,5;16;0
16543;11;Cádiz;impresora;teléfono;0,0;149,9;3;0
16544;11;Málaga;portátil;online;0,0;899,9;4;0
16545;5;Córdoba;portátil;online;0,2;719,92;9;0
16546;3;Sevilla;impresora;teléfono;0,05;142,4;4;1
16547;1;Córdoba;portátil;online;0,1;809,91;4;0
16548;5;Huelva;portátil;tienda;0,0;899,9;4;0
16549;10;Cádiz;monitor;tienda;0,0;180,0;2;0
16550;4;Cádiz;monitor;online;0,0;180,0;7;0
16551;10;Málaga;ratón;online;0,0;12,5;7;0
16552;10;Jaén;teclado;online;0,0;25,0;10;0
16553;9;Jaén;ratón;tienda;0,0;12,5;14;0
16554;12;Granada;portátil;tienda;0,0;899,9;2;0
16555;9;Cádiz;monitor;online;0,05;171,0;9;0
16556;9;Córdoba;tablet;online;0,0;349,0;5;0
16557;4;Granada;portátil;online;0,1;809,91;6;0
16558;7;Granada;impresora;tienda;0,1;134,91;6;0
16559;1;Córdoba;ratón;tienda;0,0;12,5;8;0
16560;8;Málaga;ratón;online;0,05;11,88;16;0
16561;3;Huelva;impresora;tienda;0,0;149,9;3;0
16562;9;Jaén;teclado;teléfono;0,0;25,0;6;0
16563;3;Cádiz;monitor;tienda;0,0;180,0;7;1
16564;8;Jaén;ratón;teléfono;0,1;11,25;13;1
16565;8;Sevilla;teclado;tienda;0,0;25,0;9;0
16566;9;Almería;monitor;tienda;0,05;171,0;7;0
16567;3;Almería;impresora;online;0,05;142,4;8;0
16568;12;Jaén;ratón;tienda;0,2;10,0;12;1
16569;10;Huelva;tablet;teléfono;0,0;349,0;3;0
16570;4;Sevilla;monitor;online;0,0;180,0;7;1
16571;3;Málaga;ratón;tienda;0,2;10,0;19;0
16572;9;Córdoba;teclado;teléfono;0,05;23,75;5;0
16573;5;Córdoba;tablet;online;0,0;349,0;8;1
16574;4;Córdoba;monitor;online;0,0;180,0;7;1
16575;8;Sevilla;teclado;tienda;0,0;25,0;8;0
16576;2;Granada;monitor;tienda;0,05;171,0;5;0
16577;11;Jaén;tablet;teléfono;0,0;349,0;1;0
16578;1;Sevilla;portátil;tienda;0,0;899,9;2;0
16579;9;Granada;portátil;tienda;0,0;899,9;3;0
16580;6;Huelva;ratón;tienda;0,2;10,0;32;0
16581;5;Málaga;portátil;teléfono;0,2;719,92;4;0
16582;4;Málaga;impresora;tienda;0,1;134,91;5;0
16583;2;Córdoba;ratón;tienda;0,0;12,5;7;0
16584;8;Granada;portátil;online;0,0;899,9;4;0
16585;8;Almería;tablet;tienda;0,0;349,0;4;0
16586;4;Jaén;monitor;tienda;0,0;180,0;6;0
16587;7;Málaga;impresora;teléfono;0,0;149,9;4;0
16588;10;Huelva;tablet;online;0,2;279,2;7;0
16589;8;Jaén;teclado;tienda;0,0;25,0;10;0
16590;11;Jaén;impresora;online;0,05;142,4;2;0
16591;6;Córdoba;ratón;tienda;0,0;12,5;15;0
16592;11;Cádiz;portátil;tienda;0,05;854,9;2;0
16593;6;Huelva;impresora;online;0,05;142,4;7;0
16594;2;Sevilla;teclado;online;0,05;23,75;11;0
16595;3;Granada;impresora;teléfono;0,05;142,4;4;0
16596;6;Almería;tablet;online;0,1;314,1;10;0
16597;11;Sevilla;teclado;tienda;0,1;22,5;11;0
16598;4;Málaga;portátil;online;0,0;899,9;5;1
16599;10;Córdoba;monitor;online;0,0;180,0;3;0
16600;1;Sevilla;monitor;online;0,05;171,0;4;0
16601;1;Sevilla;monitor;teléfono;0,2;144,0;5;0
16602;10;Granada;tablet;teléfono;0,0;349,0;3;0
16603;7;Málaga;teclado;online;0,05;23,75;19;0
16604;9;Huelva;tablet;online;0,0;349,0;4;0
16605;10;Cádiz;portátil;tienda;0,0;899,9;3;0
16606;11;Málaga;impresora;tienda;0,05;142,4;3;0
16607;9;Huelva;portátil;teléfono;0,0;899,9;4;0
16608;4;Almería;teclado;tienda;0,1;22,5;20;1
16609;8;Sevilla;ratón;online;0,0;12,5;15;1
16610;6;Granada;portátil;tienda;0,05;854,9;4;0
16611;10;Sevilla;teclado;online;0,0;25,0;6;0
16612;9;Granada;teclado;tienda;0,05;23,75;13;0
16613;8;Málaga;monitor;teléfono;0,1;162,0;9;0
16614;11;Cádiz;monitor;teléfono;0,05;171,0;1;0
16615;5;Almería;teclado;tienda;0,1;22,5;14;0
16616;4;Granada;portátil;tienda;0,0;899,9;4;0
16617;6;Jaén;monitor;tienda;0,0;180,0;6;0
16618;8;Cádiz;portátil;online;0,0;899,9;4;1
16619;4;Cádiz;impresora;tienda;0,2;119,92;6;1
16620;11;Málaga;portátil;tienda;0,05;854,9;2;0
16621;10;Málaga;portátil;online;0,0;899,9;3;0
16622;6;Cádiz;impresora;online;0,0;149,9;8;0
16623;5;Huelva;monitor;online;0,0;180,0;9;0
16624;6;Granada;teclado;online;0,05;23,75;26;0
16625;2;Córdoba;impresora;online;0,0;149,9;2;0
16626;9;Almería;tablet;tienda;0,05;331,55;5;0
16627;4;Granada;teclado;online;0,2;20,0;23;1
16628;5;Málaga;monitor;online;0,0;180,0;9;0
16629;4;Cádiz;monitor;tienda;0,0;180,0;8;0
16630;2;Granada;portátil;online;0,0;899,9;2;0
16631;2;Cádiz;tablet;online;0,1;314,1;6;0
16632;6;Málaga;impresora;tienda;0,0;149,9;6;0
16633;8;Sevilla;impresora;online;0,05;142,4;6;0
16634;10;Sevilla;ratón;online;0,1;11,25;11;1
16635;8;Málaga;portátil;online;0,0;899,9;5;0
16636;11;Granada;teclado;tienda;0,0;25,0;4;0
16637;1;Cádiz;impresora;online;0,0;149,9;3;0
16638;5;Huelva;impresora;tienda;0,0;149,9;7;0
16639;2;Córdoba;teclado;tienda;0,1;22,5;9;0
16640;2;Granada;portátil;tienda;0,2;719,92;3;0
16641;10;Sevilla;tablet;teléfono;0,1;314,1;4;0
16642;8;Sevilla;teclado;online;0,05;23,75;20;0
16643;6;Córdoba;impresora;tienda;0,05;142,4;5;0
16644;8;Cádiz;teclado;online;0,2;20,0;13;0
16645;2;Jaén;monitor;online;0,05;171,0;5;0
16646;8;Córdoba;impresora;online;0,0;149,9;6;0
16647;5;Sevilla;teclado;teléfono;0,05;23,75;14;0
16648;3;Cádiz;monitor;tienda;0,0;180,0;7;0
16649;11;Málaga;teclado;online;0,0;25,0;8;0
16650;10;Almería;teclado;teléfono;0,1;22,5;9;0
16651;1;Granada;teclado;online;0,0;25,0;7;1
16652;9;Granada;tablet;online;0,0;349,0;8;0
16653;2;Huelva;monitor;tienda;0,1;162,0;5;1
16654;1;Sevilla;monitor;teléfono;0,0;180,0;3;0
16655;9;Cádiz;monitor;tienda;0,0;180,0;5;0
16656;7;Granada;ratón;online;0,0;12,5;11;0
16657;5;Córdoba;portátil;tienda;0,0;899,9;4;0
16658;5;Almería;monitor;tienda;0,05;171,0;8;0
16659;11;Sevilla;portátil;tienda;0,0;899,9;2;0
16660;5;Cádiz;ratón;tienda;0,1;11,25;21;0
16661;3;Cádiz;tablet;online;0,0;349,0;5;1
16662;11;Huelva;teclado;tienda;0,0;25,0;7;0
16663;10;Cádiz;teclado;online;0,0;25,0;9;0
16664;4;Málaga;teclado;teléfono;0,0;25,0;10;0
16665;3;Jaén;monitor;online;0,05;171,0;2;1
16666;3;Málaga;monitor;online;0,1;162,0;8;0
16667;9;Jaén;portátil;tienda;0,0;899,9;4;0
16668;2;Jaén;tablet;tienda;0,0;349,0;4;0
16669;9;Granada;ratón;online;0,05;11,88;16;0
16670;12;Granada;monitor;online;0,0;180,0;5;0
16671;8;Sevilla;tablet;tienda;0,0;349,0;6;0
16672;7;Córdoba;teclado;tienda;0,0;25,0;14;1
16673;6;Sevilla;monitor;tienda;0,0;180,0;7;0
16674;6;Huelva;impresora;online;0,0;149,9;6;0
16675;3;Málaga;teclado;tienda;0,0;25,0;8;0
16676;6;Almería;teclado;online;0,0;25,0;18;1
16677;10;Málaga;ratón;tienda;0,0;12,5;7;0
16678;9;Jaén;monitor;online;0,0;180,0;10;0
16679;2;Granada;ratón;tienda;0,05;11,88;10;0
16680;1;Sevilla;impresora;teléfono;0,0;149,9;3;0
16681;9;Córdoba;portátil;tienda;0,0;899,9;3;0
16682;9;Granada;tablet;online;0,2;279,2;4;0
16683;11;Sevilla;teclado;teléfono;0,05;23,75;5;0
16684;3;Sevilla;impresora;online;0,0;149,9;6;0
16685;10;Almería;ratón;teléfono;0,0;12,5;7;0
16686;5;Cádiz;ratón;online;0,05;11,88;14;0
16687;6;Cádiz;teclado;online;0,2;20,0;20;1
16688;6;Sevilla;tablet;tienda;0,0;349,0;6;0
16689;12;Málaga;tablet;tienda;0,0;349,0;2;0
16690;6;Huelva;monitor;tienda;0,1;162,0;11;0
16691;5;Cádiz;ratón;teléfono;0,1;11,25;15;0
16692;11;Málaga;ratón;teléfono;0,05;11,88;6;0
16693;8;Málaga;ratón;tienda;0,05;11,88;12;1
16694;10;Jaén;teclado;online;0,0;25,0;5;0
16695;4;Málaga;ratón;tienda;0,0;12,5;11;0
16696;11;Córdoba;portátil;online;0,1;809,91;4;0
16697;8;Jaén;impresora;online;0,0;149,9;4;0
16698;11;Sevilla;monitor;online;0,0;180,0;5;0
16699;12;Málaga;monitor;tienda;0,0;180,0;1;0
16700;6;Córdoba;monitor;tienda;0,05;171,0;7;0
16701;9;Granada;tablet;online;0,05;331,55;5;0
16702;8;Almería;ratón;online;0,0;12,5;13;1
16703;8;Málaga;teclado;tienda;0,0;25,0;11;0
16704;1;Granada;ratón;tienda;0,2;10,0;9;1
16705;5;Jaén;monitor;online;0,0;180,0;8;1
16706;4;Málaga;teclado;online;0,05;23,75;15;0
16707;4;Sevilla;tablet;tienda;0,0;349,0;4;0
16708;6;Málaga;impresora;tienda;0,0;149,9;7;0
16709;11;Granada;impresora;teléfono;0,0;149,9;2;0
16710;9;Huelva;portátil;teléfono;0,0;899,9;3;0
16711;3;Málaga;ratón;teléfono;0,0;12,5;8;0
16712;8;Huelva;teclado;tienda;0,1;22,5;12;1
16713;6;Córdoba;impresora;online;0,0;149,9;7;0
16714;3;Córdoba;teclado;tienda;0,1;22,5;11;0
16715;1;Sevilla;monitor;teléfono;0,0;180,0;3;0
16716;8;Cádiz;tablet;online;0,0;349,0;5;1
16717;3;Sevilla;portátil;teléfono;0,1;809,91;5;0
16718;11;Huelva;tablet;online;0,0;349,0;4;1
16719;5;Jaén;ratón;online;0,0;12,5;21;1
16720;5;Jaén;impresora;online;0,1;134,91;12;0
16721;7;Jaén;teclado;tienda;0,1;22,5;16;0
16722;8;Cádiz;impresora;tienda;0,0;149,9;5;0
16723;6;Sevilla;portátil;online;0,05;854,9;7;1
16724;5;Granada;teclado;online;0,2;20,0;27;1
16725;10;Cádiz;impresora;online;0,2;119,92;9;0
16726;8;Málaga;tablet;tienda;0,0;349,0;5;0
16727;4;Granada;impresora;teléfono;0,0;149,9;5;0
16728;8;Almería;monitor;online;0,0;180,0;7;0
16729;12;Málaga;teclado;online;0,05;23,75;10;1
16730;3;Sevilla;portátil;online;0,0;899,9;4;0
16731;8;Málaga;monitor;online;0,05;171,0;10;0
16732;5;Sevilla;tablet;online;0,05;331,55;4;0
16733;1;Jaén;portátil;online;0,05;854,9;1;0
16734;5;Granada;tablet;tienda;0,1;314,1;8;0
16735;7;Granada;impresora;teléfono;0,0;149,9;5;0
16736;5;Granada;tablet;tienda;0,05;331,55;8;0
16737;5;Sevilla;impresora;online;0,05;142,4;10;0
16738;9;Almería;tablet;teléfono;0,2;279,2;6;0
16739;8;Córdoba;tablet;online;0,05;331,55;8;0
16740;10;Córdoba;portátil;online;0,0;899,9;5;0
16741;7;Jaén;teclado;tienda;0,2;20,0;15;1
16742;9;Cádiz;impresora;tienda;0,0;149,9;3;0
16743;11;Cádiz;monitor;teléfono;0,1;162,0;4;0
16744;2;Jaén;monitor;online;0,05;171,0;9;0
16745;3;Granada;teclado;tienda;0,0;25,0;8;0
16746;11;Almería;tablet;tienda;0,05;331,55;4;0
16747;7;Jaén;portátil;online;0,0;899,9;4;0
16748;6;Córdoba;tablet;tienda;0,0;349,0;6;0
16749;6;Málaga;impresora;teléfono;0,0;149,9;5;0
16750;1;Jaén;monitor;online;0,1;162,0;4;0
16751;6;Córdoba;portátil;online;0,1;809,91;5;0
16752;5;Córdoba;portátil;online;0,0;899,9;5;1
16753;3;Almería;portátil;online;0,0;899,9;3;0
16754;10;Huelva;tablet;online;0,05;331,55;6;0
16755;9;Málaga;portátil;online;0,0;899,9;3;0
16756;6;Almería;teclado;tienda;0,0;25,0;15;1
16757;1;Huelva;ratón;teléfono;0,0;12,5;7;0
16758;7;Sevilla;impresora;tienda;0,0;149,9;9;0
16759;10;Málaga;teclado;online;0,0;25,0;8;0
16760;6;Cádiz;monitor;tienda;0,1;162,0;9;0
16761;12;Jaén;teclado;online;0,0;25,0;10;0
16762;10;Córdoba;tablet;tienda;0,0;349,0;4;0
16763;8;Almería;monitor;online;0,0;180,0;9;0
16764;10;Almería;impresora;online;0,0;149,9;6;0
16765;4;Huelva;monitor;tienda;0,2;144,0;9;0
16766;1;Cádiz;teclado;tienda;0,0;25,0;7;0
16767;9;Córdoba;ratón;online;0,2;10,0;20;0
16768;9;Málaga;portátil;online;0,05;854,9;4;1
16769;8;Sevilla;portátil;online;0,0;899,9;3;0
16770;6;Málaga;monitor;teléfono;0,2;144,0;8;1
16771;2;Almería;impresora;tienda;0,05;142,4;4;0
16772;11;Córdoba;monitor;online;0,0;180,0;4;0
16773;6;Granada;impresora;tienda;0,0;149,9;8;0
16774;6;Granada;portátil;tienda;0,05;854,9;4;0
16775;7;Almería;teclado;tienda;0,0;25,0;18;1
16776;6;Cádiz;monitor;online;0,0;180,0;10;1
16777;9;Granada;tablet;online;0,05;331,55;5;0
16778;9;Almería;monitor;tienda;0,0;180,0;5;0
16779;3;Jaén;monitor;tienda;0,0;180,0;2;0
16780;10;Sevilla;monitor;teléfono;0,1;162,0;4;0
16781;3;Málaga;monitor;online;0,0;180,0;8;0
16782;7;Cádiz;teclado;tienda;0,0;25,0;16;0
16783;5;Cádiz;portátil;tienda;0,05;854,9;3;0
16784;1;Granada;ratón;tienda;0,2;10,0;10;0
16785;4;Granada;ratón;online;0,0;12,5;14;0
16786;7;Almería;teclado;tienda;0,1;22,5;12;0
16787;11;Málaga;portátil;online;0,0;899,9;3;1
16788;6;Sevilla;tablet;online;0,0;349,0;6;0
16789;2;Huelva;tablet;online;0,05;331,55;6;0
16790;9;Córdoba;teclado;online;0,0;25,0;7;0
16791;4;Granada;tablet;tienda;0,2;279,2;9;0
16792;6;Huelva;teclado;tienda;0,0;25,0;12;0
16793;1;Jaén;impresora;tienda;0,05;142,4;4;0
16794;8;Granada;tablet;tienda;0,0;349,0;7;0
16795;11;Huelva;impresora;tienda;0,0;149,9;3;0
16796;5;Córdoba;ratón;online;0,0;12,5;13;0
16797;7;Jaén;teclado;tienda;0,05;23,75;14;0
16798;7;Cádiz;impresora;tienda;0,0;149,9;7;0
16799;1;Almería;tablet;online;0,0;349,0;3;1
16800;2;Málaga;monitor;online;0,0;180,0;3;0
16801;5;Málaga;ratón;online;0,0;12,5;27;0
16802;11;Málaga;tablet;teléfono;0,05;331,55;2;0
16803;4;Málaga;monitor;teléfono;0,0;180,0;4;0
16804;6;Almería;portátil;tienda;0,2;719,92;9;0
16805;4;Málaga;ratón;teléfono;0,1;11,25;10;1
16806;4;Córdoba;tablet;online;0,05;331,55;8;0
16807;4;Huelva;monitor;tienda;0,0;180,0;8;0
16808;12;Almería;ratón;online;0,0;12,5;8;1
16809;5;Huelva;portátil;teléfono;0,05;854,9;5;0
16810;7;Jaén;teclado;online;0,0;25,0;15;0
16811;3;Jaén;tablet;tienda;0,1;314,1;3;0
16812;4;Jaén;portátil;teléfono;0,0;899,9;2;0
16813;10;Sevilla;ratón;tienda;0,0;12,5;8;0
16814;1;Córdoba;teclado;online;0,0;25,0;10;0
16815;7;Huelva;teclado;online;0,1;22,5;19;1
16816;6;Córdoba;monitor;teléfono;0,0;180,0;5;0
16817;12;Sevilla;ratón;tienda;0,2;10,0;9;0
16818;1;Huelva;tablet;teléfono;0,1;314,1;3;0
16819;2;Sevilla;monitor;tienda;0,0;180,0;5;0
16820;6;Huelva;tablet;tienda;0,0;349,0;4;0
16821;1;Málaga;ratón;teléfono;0,0;12,5;9;0
16822;7;Málaga;tablet;online;0,1;314,1;9;0
16823;9;Granada;teclado;online;0,0;25,0;14;1
16824;5;Jaén;impresora;online;0,1;134,91;11;0
16825;1;Córdoba;portátil;tienda;0,05;854,9;1;0
16826;8;Granada;monitor;online;0,0;180,0;7;0
16827;4;Huelva;impresora;tienda;0,0;149,9;6;0
16828;10;Almería;impresora;teléfono;0,0;149,9;4;0
16829;3;Jaén;impresora;online;0,2;119,92;8;0
16830;12;Jaén;impresora;online;0,0;149,9;3;0
16831;5;Córdoba;teclado;tienda;0,0;25,0;9;0
16832;11;Granada;tablet;online;0,2;279,2;3;0
16833;11;Granada;monitor;tienda;0,05;171,0;6;0
16834;7;Granada;impresora;tienda;0,05;142,4;8;0
16835;5;Córdoba;portátil;tienda;0,05;854,9;6;0
16836;7;Córdoba;monitor;tienda;0,05;171,0;9;0
16837;3;Sevilla;teclado;tienda;0,0;25,0;10;0
16838;4;Cádiz;impresora;online;0,0;149,9;7;0
16839;4;Jaén;tablet;tienda;0,0;349,0;4;1
16840;9;Jaén;portátil;tienda;0,2;719,92;3;0
16841;3;Granada;monitor;online;0,05;171,0;10;0
16842;10;Almería;teclado;online;0,0;25,0;9;0
16843;1;Jaén;impresora;tienda;0,05;142,4;5;0
16844;10;Huelva;portátil;online;0,0;899,9;3;0
16845;4;Córdoba;ratón;online;0,05;11,88;17;0
16846;4;Córdoba;teclado;teléfono;0,0;25,0;7;0
16847;2;Cádiz;impresora;online;0,05;142,4;6;0
16848;10;Granada;portátil;online;0,05;854,9;3;0
16849;10;Córdoba;impresora;teléfono;0,0;149,9;2;0
16850;3;Málaga;tablet;tienda;0,05;331,55;7;0
16851;9;Sevilla;ratón;online;0,1;11,25;11;1
16852;2;Málaga;teclado;teléfono;0,0;25,0;6;0
16853;6;Córdoba;monitor;online;0,0;180,0;7;0
16854;8;Málaga;teclado;online;0,0;25,0;19;0
16855;6;Córdoba;ratón;online;0,0;12,5;16;0
16856;10;Sevilla;tablet;tienda;0,05;331,55;2;0
16857;4;Almería;teclado;online;0,0;25,0;13;0
16858;3;Córdoba;monitor;tienda;0,0;180,0;5;0
16859;6;Jaén;ratón;tienda;0,1;11,25;22;0
16860;7;Córdoba;tablet;online;0,2;279,2;8;1
16861;12;Almería;teclado;teléfono;0,0;25,0;5;0
16862;10;Cádiz;portátil;tienda;0,2;719,92;3;0
16863;2;Almería;portátil;teléfono;0,1;809,91;3;0
16864;8;Jaén;portátil;tienda;0,0;899,9;4;0
16865;4;Cádiz;teclado;teléfono;0,0;25,0;8;0
16866;9;Jaén;ratón;tienda;0,05;11,88;17;0
16867;2;Málaga;portátil;online;0,0;899,9;4;0
16868;12;Huelva;monitor;online;0,0;180,0;4;0
16869;2;Huelva;impresora;online;0,2;119,92;6;0
16870;2;Granada;teclado;online;0,0;25,0;9;0
16871;1;Almería;monitor;teléfono;0,05;171,0;3;0
16872;11;Cádiz;monitor;online;0,0;180,0;4;0
16873;3;Córdoba;portátil;teléfono;0,0;899,9;3;0
16874;12;Córdoba;teclado;tienda;0,2;20,0;5;0
16875;12;Almería;teclado;online;0,0;25,0;6;0
16876;11;Jaén;portátil;teléfono;0,0;899,9;2;0
16877;7;Córdoba;tablet;online;0,0;349,0;7;1
16878;12;Almería;portátil;online;0,0;899,9;3;0
16879;8;Sevilla;impresora;tienda;0,05;142,4;7;0
16880;3;Sevilla;teclado;tienda;0,05;23,75;9;0
16881;5;Sevilla;teclado;tienda;0,05;23,75;15;0
16882;3;Huelva;monitor;online;0,0;180,0;6;0
16883;10;Granada;teclado;tienda;0,0;25,0;5;0
16884;2;Sevilla;monitor;teléfono;0,0;180,0;3;0
16885;12;Cádiz;portátil;online;0,0;899,9;3;1
16886;8;Almería;portátil;online;0,2;719,92;9;1
16887;12;Sevilla;impresora;online;0,2;119,92;5;0
16888;3;Málaga;portátil;tienda;0,1;809,91;4;0
16889;3;Jaén;portátil;online;0,2;719,92;6;0
16890;7;Huelva;tablet;online;0,0;349,0;6;0
16891;11;Jaén;portátil;tienda;0,0;899,9;3;0
16892;6;Huelva;tablet;online;0,0;349,0;4;0
16893;2;Sevilla;portátil;online;0,1;809,91;5;0
16894;10;Huelva;tablet;teléfono;0,2;279,2;7;0
16895;7;Cádiz;tablet;online;0,0;349,0;6;0
16896;12;Granada;impresora;tienda;0,05;142,4;2;0
16897;12;Málaga;monitor;tienda;0,0;180,0;4;0
16898;3;Almería;tablet;tienda;0,05;331,55;4;0
16899;3;Almería;impresora;online;0,0;149,9;4;0
16900;1;Huelva;tablet;tienda;0,05;331,55;2;0
16901;1;Málaga;tablet;online;0,05;331,55;5;0
16902;5;Málaga;tablet;tienda;0,0;349,0;4;0
16903;2;Cádiz;tablet;online;0,0;349,0;5;0
16904;7;Cádiz;teclado;online;0,1;22,5;18;1
16905;8;Granada;portátil;tienda;0,05;854,9;6;0
16906;10;Málaga;monitor;tienda;0,0;180,0;5;0
16907;11;Málaga;tablet;tienda;0,1;314,1;3;0
16908;6;Cádiz;teclado;online;0,0;25,0;18;0
16909;11;Jaén;impresora;online;0,1;134,91;4;0
16910;2;Málaga;tablet;online;0,2;279,2;5;0
16911;2;Cádiz;impresora;online;0,05;142,4;7;0
16912;11;Sevilla;teclado;online;0,05;23,75;7;1
16913;8;Granada;monitor;tienda;0,0;180,0;4;0
16914;1;Almería;impresora;teléfono;0,05;142,4;3;0
16915;11;Huelva;portátil;tienda;0,0;899,9;1;0
16916;2;Huelva;tablet;tienda;0,0;349,0;5;0
16917;5;Córdoba;ratón;online;0,05;11,88;17;0
16918;5;Cádiz;ratón;tienda;0,0;12,5;15;0
16919;6;Almería;monitor;tienda;0,0;180,0;9;0
16920;5;Sevilla;portátil;tienda;0,0;899,9;4;0
16921;5;Córdoba;portátil;tienda;0,0;899,9;4;0
16922;1;Almería;teclado;online;0,2;20,0;18;1
16923;1;Córdoba;monitor;tienda;0,0;180,0;3;0
16924;6;Córdoba;ratón;online;0,05;11,88;23;1
16925;3;Huelva;teclado;teléfono;0,0;25,0;5;0
16926;9;Jaén;portátil;teléfono;0,0;899,9;3;0
16927;7;Almería;tablet;online;0,0;349,0;8;0
16928;2;Córdoba;impresora;online;0,0;149,9;3;0
16929;11;Cádiz;portátil;online;0,05;854,9;3;0
16930;12;Córdoba;tablet;online;0,0;349,0;5;0
16931;3;Sevilla;monitor;tienda;0,0;180,0;6;0
16932;6;Málaga;impresora;tienda;0,05;142,4;6;0
16933;7;Málaga;monitor;online;0,05;171,0;12;1
16934;3;Jaén;portátil;online;0,1;809,91;6;0
16935;9;Málaga;tablet;tienda;0,0;349,0;4;0
16936;5;Jaén;portátil;tienda;0,1;809,91;4;0
16937;3;Jaén;monitor;tienda;0,05;171,0;6;0
16938;8;Jaén;monitor;tienda;0,05;171,0;5;0
16939;9;Jaén;portátil;tienda;0,0;899,9;4;0
16940;6;Cádiz;monitor;online;0,1;162,0;13;1
16941;4;Córdoba;impresora;teléfono;0,1;134,91;5;0
16942;1;Jaén;impresora;teléfono;0,1;134,91;2;0
16943;9;Almería;tablet;tienda;0,0;349,0;3;0
16944;4;Cádiz;ratón;online;0,0;12,5;12;0
16945;2;Córdoba;portátil;tienda;0,05;854,9;3;0
16946;9;Cádiz;portátil;tienda;0,05;854,9;3;0
16947;9;Sevilla;monitor;teléfono;0,1;162,0;4;0
16948;11;Granada;ratón;online;0,0;12,5;10;0
16949;3;Sevilla;impresora;online;0,05;142,4;8;0
16950;2;Jaén;portátil;online;0,05;854,9;5;0
16951;11;Jaén;monitor;online;0,1;162,0;9;1
16952;6;Cádiz;tablet;tienda;0,0;349,0;5;0
16953;9;Jaén;tablet;tienda;0,0;349,0;4;0
16954;1;Córdoba;portátil;tienda;0,2;719,92;3;0
16955;9;Granada;teclado;tienda;0,05;23,75;9;0
16956;10;Granada;impresora;online;0,2;119,92;9;1
16957;4;Huelva;tablet;online;0,0;349,0;5;0
16958;9;Málaga;impresora;tienda;0,05;142,4;7;0
16959;12;Almería;monitor;online;0,05;171,0;4;0
16960;5;Cádiz;impresora;tienda;0,05;142,4;6;0
16961;1;Málaga;teclado;tienda;0,0;25,0;7;0
16962;4;Jaén;portátil;tienda;0,0;899,9;4;0
16963;1;Jaén;portátil;tienda;0,0;899,9;2;0
16964;2;Málaga;tablet;online;0,0;349,0;6;1
16965;5;Granada;tablet;online;0,0;349,0;5;1
16966;5;Cádiz;ratón;online;0,1;11,25;11;1
16967;2;Granada;impresora;tienda;0,2;119,92;5;0
16968;5;Almería;portátil;online;0,0;899,9;5;0
16969;2;Cádiz;teclado;tienda;0,0;25,0;8;0
16970;10;Cádiz;monitor;tienda;0,05;171,0;5;0
16971;2;Granada;teclado;online;0,2;20,0;10;1
16972;7;Huelva;impresora;online;0,0;149,9;5;0
16973;4;Jaén;tablet;teléfono;0,0;349,0;3;0
16974;10;Granada;teclado;tienda;0,2;20,0;15;0
16975;2;Málaga;tablet;online;0,0;349,0;4;0
16976;4;Córdoba;tablet;online;0,0;349,0;6;0
16977;9;Málaga;tablet;tienda;0,0;349,0;4;0
16978;8;Córdoba;impresora;teléfono;0,0;149,9;5;0
16979;9;Almería;portátil;online;0,0;899,9;3;0
16980;2;Huelva;ratón;online;0,2;10,0;10;0
16981;9;Almería;tablet;tienda;0,0;349,0;5;0
16982;7;Almería;ratón;online;0,0;12,5;24;1
16983;4;Cádiz;impresora;tienda;0,0;149,9;6;0
16984;11;Huelva;impresora;online;0,0;149,9;5;0
16985;10;Cádiz;tablet;tienda;0,1;314,1;5;0
16986;8;Huelva;impresora;online;0,0;149,9;5;0
16987;12;Huelva;portátil;online;0,05;854,9;2;1
16988;12;Sevilla;impresora;tienda;0,2;119,92;3;0
16989;2;Málaga;ratón;online;0,0;12,5;13;0
16990;10;Sevilla;impresora;online;0,0;149,9;6;1
16991;6;Cádiz;teclado;tienda;0,2;20,0;24;1
16992;8;Huelva;portátil;tienda;0,2;719,92;2;0
16993;11;Sevilla;impresora;online;0,2;119,92;7;1
16994;2;Jaén;ratón;tienda;0,0;12,5;8;0
16995;7;Almería;ratón;online;0,0;12,5;15;0
16996;7;Jaén;teclado;tienda;0,0;25,0;11;1
16997;6;Cádiz;teclado;online;0,0;25,0;9;0
16998;9;Cádiz;monitor;online;0,0;180,0;8;1
16999;1;Almería;teclado;online;0,0;25,0;9;0
17000;2;Almería;impresora;tienda;0,0;149,9;3;0
17001;12;Almería;monitor;online;0,05;171,0;4;0
17002;4;Jaén;monitor;online;0,0;180,0;7;0
17003;10;Málaga;impresora;online;0,1;134,91;4;0
17004;2;Sevilla;impresora;tienda;0,1;134,91;5;0
17005;11;Córdoba;ratón;online;0,0;12,5;11;0
17006;10;Sevilla;ratón;online;0,1;11,25;15;1
17007;9;Jaén;tablet;online;0,0;349,0;6;1
17008;4;Málaga;monitor;online;0,0;180,0;9;0
17009;5;Málaga;ratón;online;0,2;10,0;32;1
17010;8;Almería;teclado;tienda;0,0;25,0;10;0
17011;1;Málaga;monitor;online;0,0;180,0;4;0
17012;5;Huelva;portátil;online;0,0;899,9;6;0
17013;9;Málaga;tablet;online;0,0;349,0;4;0
17014;2;Sevilla;ratón;tienda;0,05;11,88;11;0
17015;11;Almería;monitor;tienda;0,05;171,0;4;0
17016;1;Granada;portátil;tienda;0,0;899,9;3;0
17017;1;Sevilla;portátil;teléfono;0,2;719,92;2;0
17018;11;Málaga;ratón;tienda;0,0;12,5;7;0
17019;3;Sevilla;teclado;tienda;0,1;22,5;11;0
17020;4;Córdoba;impresora;tienda;0,0;149,9;5;0
17021;7;Cádiz;ratón;teléfono;0,05;11,88;17;0
17022;8;Córdoba;impresora;teléfono;0,05;142,4;4;0
17023;11;Málaga;ratón;online;0,05;11,88;8;0
17024;8;Jaén;ratón;tienda;0,0;12,5;16;0
17025;12;Cádiz;impresora;online;0,0;149,9;5;0
17026;5;Granada;portátil;tienda;0,0;899,9;4;0
17027;12;Cádiz;teclado;online;0,2;20,0;8;0
17028;7;Jaén;monitor;tienda;0,1;162,0;9;0
17029;7;Cádiz;tablet;teléfono;0,0;349,0;4;0
17030;1;Córdoba;ratón;tienda;0,0;12,5;9;0
17031;2;Sevilla;monitor;tienda;0,0;180,0;3;0
17032;12;Granada;teclado;online;0,0;25,0;8;0
17033;6;Málaga;tablet;online;0,0;349,0;9;1
17034;2;Córdoba;teclado;tienda;0,0;25,0;8;0
17035;2;Granada;ratón;teléfono;0,2;10,0;11;1
17036;3;Granada;tablet;tienda;0,2;279,2;5;0
17037;11;Córdoba;teclado;tienda;0,0;25,0;7;0
17038;12;Málaga;tablet;tienda;0,05;331,55;3;0
17039;1;Córdoba;teclado;online;0,2;20,0;16;0
17040;10;Jaén;tablet;tienda;0,05;331,55;4;0
17041;3;Granada;teclado;tienda;0,0;25,0;9;0
17042;1;Granada;teclado;online;0,2;20,0;13;0
17043;12;Almería;ratón;online;0,0;12,5;6;1
17044;6;Sevilla;monitor;tienda;0,1;162,0;10;0
17045;6;Jaén;tablet;online;0,0;349,0;8;0
17046;2;Málaga;impresora;tienda;0,05;142,4;5;0
17047;8;Jaén;monitor;tienda;0,0;180,0;7;0
17048;1;Cádiz;monitor;teléfono;0,0;180,0;2;0
17049;2;Córdoba;monitor;online;0,0;180,0;5;0
17050;10;Sevilla;impresora;tienda;0,2;119,92;4;1
17051;8;Málaga;tablet;tienda;0,05;331,55;5;0
17052;3;Cádiz;ratón;tienda;0,0;12,5;10;1
17053;7;Jaén;teclado;online;0,05;23,75;16;0
17054;11;Huelva;tablet;online;0,0;349,0;3;0
17055;11;Málaga;ratón;online;0,2;10,0;14;0
17056;4;Cádiz;portátil;online;0,1;809,91;6;0
17057;3;Almería;impresora;tienda;0,0;149,9;6;0
17058;12;Córdoba;portátil;online;0,1;809,91;3;0
17059;8;Jaén;ratón;online;0,0;12,5;26;1
17060;9;Granada;tablet;tienda;0,0;349,0;2;1
17061;11;Sevilla;impresora;tienda;0,2;119,92;5;1
17062;6;Granada;portátil;tienda;0,0;899,9;4;0
17063;4;Jaén;portátil;online;0,1;809,91;4;0
17064;11;Jaén;impresora;online;0,0;149,9;5;1
17065;1;Córdoba;ratón;online;0,0;12,5;9;0
17066;3;Cádiz;portátil;teléfono;0,0;899,9;3;0
17067;7;Huelva;ratón;tienda;0,05;11,88;21;1
17068;2;Málaga;tablet;online;0,0;349,0;4;0
17069;3;Huelva;ratón;tienda;0,0;12,5;17;0
17070;12;Granada;teclado;online;0,2;20,0;11;0
17071;8;Málaga;portátil;online;0,2;719,92;6;0
17072;11;Málaga;teclado;online;0,1;22,5;8;0
17073;5;Almería;monitor;online;0,0;180,0;9;0
17074;7;Jaén;monitor;tienda;0,2;144,0;5;1
17075;12;Jaén;ratón;online;0,05;11,88;8;0
17076;9;Sevilla;portátil;tienda;0,0;899,9;3;1
17077;3;Córdoba;portátil;online;0,1;809,91;4;0
17078;12;Cádiz;impresora;online;0,2;119,92;5;0
17079;4;Huelva;ratón;teléfono;0,2;10,0;13;0
17080;4;Huelva;tablet;online;0,0;349,0;5;0
17081;6;Granada;ratón;online;0,0;12,5;15;0
17082;4;Málaga;monitor;tienda;0,0;180,0;6;0
17083;12;Cádiz;impresora;tienda;0,0;149,9;3;0
17084;1;Córdoba;tablet;online;0,2;279,2;5;0
17085;4;Almería;impresora;tienda;0,0;149,9;6;0
17086;5;Cádiz;teclado;online;0,0;25,0;15;0
17087;6;Cádiz;ratón;online;0,2;10,0;32;1
17088;9;Málaga;portátil;tienda;0,0;899,9;2;0
17089;11;Jaén;impresora;tienda;0,1;134,91;4;0
17090;11;Sevilla;teclado;online;0,05;23,75;6;0
17091;8;Cádiz;ratón;online;0,05;11,88;14;0
17092;11;Granada;portátil;tienda;0,0;899,9;3;0
17093;8;Málaga;ratón;tienda;0,0;12,5;19;0
17094;11;Cádiz;ratón;tienda;0,2;10,0;7;1
17095;1;Córdoba;teclado;online;0,1;22,5;12;0
17096;4;Sevilla;teclado;teléfono;0,05;23,75;10;0
17097;9;Jaén;tablet;teléfono;0,05;331,55;4;0
17098;3;Cádiz;impresora;online;0,0;149,9;5;0
17099;8;Sevilla;portátil;online;0,1;809,91;6;0
17100;11;Granada;impresora;tienda;0,0;149,9;4;0
17101;3;Málaga;monitor;tienda;0,05;171,0;6;0
17102;6;Granada;ratón;teléfono;0,0;12,5;11;0
17103;4;Sevilla;ratón;online;0,05;11,88;20;1
17104;9;Almería;impresora;online;0,0;149,9;5;0
17105;4;Córdoba;tablet;online;0,0;349,0;6;0
17106;1;Córdoba;impresora;tienda;0,05;142,4;3;0
17107;4;Sevilla;portátil;tienda;0,1;809,91;5;0
17108;7;Málaga;impresora;online;0,05;142,4;9;1
17109;2;Córdoba;impresora;tienda;0,0;149,9;4;0
17110;8;Málaga;portátil;online;0,0;899,9;5;1
17111;6;Huelva;tablet;tienda;0,1;314,1;7;0
17112;5;Málaga;portátil;online;0,0;899,9;7;0
17113;7;Huelva;monitor;tienda;0,2;144,0;12;1
17114;2;Sevilla;teclado;tienda;0,0;25,0;7;0
17115;9;Málaga;tablet;online;0,05;331,55;6;0
17116;1;Huelva;ratón;teléfono;0,0;12,5;8;0
17117;5;Huelva;portátil;tienda;0,0;899,9;3;0
17118;10;Jaén;teclado;tienda;0,0;25,0;8;0
17119;5;Málaga;tablet;online;0,05;331,55;4;1
17120;4;Córdoba;monitor;tienda;0,0;180,0;6;0
17121;12;Almería;monitor;tienda;0,0;180,0;5;0
17122;10;Granada;impresora;tienda;0,0;149,9;4;0
17123;11;Cádiz;monitor;online;0,0;180,0;3;0
17124;4;Huelva;monitor;teléfono;0,0;180,0;4;0
17125;11;Jaén;teclado;tienda;0,0;25,0;5;0
17126;7;Sevilla;ratón;online;0,05;11,88;17;0
17127;3;Almería;ratón;tienda;0,0;12,5;13;0
17128;2;Cádiz;teclado;online;0,0;25,0;7;1
17129;5;Huelva;ratón;online;0,2;10,0;33;0
17130;2;Córdoba;tablet;online;0,0;349,0;4;0
17131;5;Huelva;teclado;tienda;0,0;25,0;13;0
17132;4;Jaén;teclado;online;0,1;22,5;18;1
17133;5;Granada;tablet;online;0,0;349,0;8;0
17134;4;Huelva;teclado;tienda;0,1;22,5;16;0
17135;2;Sevilla;teclado;tienda;0,05;23,75;6;0
17136;2;Almería;portátil;online;0,0;899,9;3;0
17137;6;Granada;teclado;tienda;0,0;25,0;11;0
17138;9;Sevilla;impresora;online;0,0;149,9;6;1
17139;8;Cádiz;tablet;online;0,0;349,0;7;0
17140;11;Málaga;impresora;teléfono;0,05;142,4;3;0
17141;7;Granada;tablet;online;0,05;331,55;6;0
17142;11;Cádiz;ratón;teléfono;0,0;12,5;7;0
17143;7;Cádiz;impresora;online;0,0;149,9;10;0
17144;9;Almería;impresora;online;0,2;119,92;7;0
17145;2;Jaén;portátil;teléfono;0,0;899,9;2;1
17146;10;Granada;portátil;online;0,0;899,9;3;0
17147;8;Granada;impresora;tienda;0,2;119,92;12;0
17148;7;Huelva;ratón;online;0,2;10,0;23;1
17149;4;Málaga;monitor;online;0,1;162,0;11;0
17150;4;Málaga;impresora;online;0,0;149,9;8;1
17151;11;Sevilla;portátil;online;0,1;809,91;3;1
17152;5;Granada;ratón;tienda;0,0;12,5;19;0
17153;5;Jaén;ratón;tienda;0,0;12,5;12;0
17154;6;Málaga;portátil;teléfono;0,05;854,9;4;1
17155;7;Málaga;monitor;online;0,0;180,0;7;0
17156;10;Jaén;tablet;tienda;0,0;349,0;3;0
17157;5;Granada;ratón;tienda;0,0;12,5;14;0
17158;6;Cádiz;portátil;tienda;0,0;899,9;3;0
17159;9;Cádiz;teclado;online;0,05;23,75;13;0
17160;2;Huelva;teclado;online;0,1;22,5;16;0
17161;4;Granada;impresora;online;0,1;134,91;8;0
17162;3;Jaén;ratón;teléfono;0,0;12,5;6;0
17163;11;Huelva;tablet;online;0,2;279,2;4;0
17164;2;Málaga;monitor;tienda;0,0;180,0;3;0
17165;3;Córdoba;teclado;tienda;0,0;25,0;9;1
17166;12;Granada;tablet;teléfono;0,0;349,0;2;0
17167;8;Almería;tablet;tienda;0,0;349,0;6;0
17168;8;Córdoba;monitor;teléfono;0,1;162,0;5;0
17169;11;Málaga;portátil;online;0,0;899,9;2;0
17170;7;Jaén;portátil;online;0,0;899,9;6;0
17171;8;Almería;ratón;online;0,0;12,5;17;0
17172;5;Cádiz;portátil;teléfono;0,0;899,9;3;0
17173;12;Málaga;tablet;online;0,2;279,2;6;0
17174;9;Jaén;teclado;teléfono;0,2;20,0;11;1
17175;11;Sevilla;ratón;online;0,1;11,25;10;1
17176;12;Granada;monitor;online;0,0;180,0;5;0
17177;11;Sevilla;teclado;tienda;0,05;23,75;10;0
17178;1;Sevilla;teclado;teléfono;0,0;25,0;5;0
17179;9;Cádiz;monitor;tienda;0,1;162,0;7;0
17180;11;Córdoba;impresora;tienda;0,0;149,9;3;0
17181;4;Huelva;teclado;tienda;0,0;25,0;10;0
17182;4;Granada;tablet;tienda;0,0;349,0;6;0
17183;2;Sevilla;tablet;tienda;0,0;349,0;2;0
17184;5;Huelva;tablet;tienda;0,2;279,2;7;0
17185;7;Cádiz;tablet;online;0,0;349,0;6;0
17186;3;Jaén;teclado;online;0,0;25,0;12;1
17187;8;Cádiz;portátil;online;0,0;899,9;5;0
17188;1;Granada;portátil;tienda;0,05;854,9;3;0
17189;2;Jaén;monitor;online;0,0;180,0;4;0
17190;2;Sevilla;teclado;online;0,1;22,5;13;0
17191;11;Sevilla;teclado;tienda;0,0;25,0;6;0
17192;2;Granada;impresora;online;0,1;134,91;4;0
17193;9;Almería;teclado;tienda;0,2;20,0;16;0
17194;9;Jaén;tablet;tienda;0,0;349,0;3;0
17195;5;Almería;impresora;tienda;0,05;142,4;6;0
17196;11;Sevilla;ratón;tienda;0,0;12,5;7;0
17197;4;Cádiz;tablet;tienda;0,05;331,55;3;0
17198;1;Almería;tablet;online;0,0;349,0;3;0
17199;8;Córdoba;monitor;tienda;0,0;180,0;7;0
17200;8;Málaga;monitor;tienda;0,0;180,0;4;0
17201;8;Granada;ratón;online;0,2;10,0;26;1
17202;3;Sevilla;portátil;tienda;0,05;854,9;3;1
17203;11;Almería;monitor;online;0,0;180,0;6;0
17204;3;Granada;portátil;online;0,05;854,9;3;0
17205;3;Jaén;teclado;tienda;0,0;25,0;9;0
17206;3;Cádiz;tablet;online;0,0;349,0;5;0
17207;11;Huelva;ratón;teléfono;0,05;11,88;4;0
17208;12;Huelva;tablet;tienda;0,0;349,0;3;0
17209;11;Jaén;teclado;online;0,1;22,5;8;0
17210;5;Granada;portátil;tienda;0,1;809,91;5;0
17211;10;Málaga;teclado;tienda;0,0;25,0;5;0
17212;10;Granada;impresora;online;0,0;149,9;6;0
17213;5;Málaga;ratón;teléfono;0,05;11,88;15;0
17214;12;Cádiz;tablet;online;0,0;349,0;4;0
17215;9;Córdoba;portátil;teléfono;0,05;854,9;3;0
17216;3;Málaga;monitor;online;0,2;144,0;10;0
17217;7;Málaga;monitor;tienda;0,05;171,0;7;1
17218;10;Jaén;monitor;teléfono;0,0;180,0;3;0
17219;10;Jaén;ratón;teléfono;0,0;12,5;9;0
17220;9;Málaga;impresora;online;0,05;142,4;6;0
17221;6;Málaga;ratón;online;0,0;12,5;20;0
17222;4;Málaga;portátil;online;0,05;854,9;5;0
17223;3;Huelva;impresora;tienda;0,0;149,9;4;0
17224;7;Jaén;portátil;online;0,0;899,9;2;0
17225;12;Cádiz;portátil;tienda;0,0;899,9;2;0
17226;1;Huelva;portátil;tienda;0,0;899,9;2;0
17227;1;Málaga;impresora;tienda;0,0;149,9;4;0
17228;5;Jaén;ratón;tienda;0,1;11,25;23;1
17229;2;Granada;portátil;tienda;0,0;899,9;2;0
17230;7;Granada;impresora;tienda;0,0;149,9;8;1
17231;11;Sevilla;tablet;tienda;0,0;349,0;3;0
17232;11;Córdoba;impresora;online;0,0;149,9;4;1
17233;6;Granada;teclado;online;0,05;23,75;20;1
17234;2;Huelva;teclado;online;0,2;20,0;14;0
17235;12;Córdoba;impresora;tienda;0,0;149,9;4;0
17236;3;Sevilla;portátil;teléfono;0,0;899,9;2;0
17237;2;Almería;monitor;teléfono;0,0;180,0;2;0
17238;4;Jaén;teclado;online;0,0;25,0;12;0
17239;6;Málaga;portátil;tienda;0,0;899,9;6;0
17240;7;Córdoba;ratón;tienda;0,2;10,0;19;1
17241;5;Almería;ratón;online;0,2;10,0;27;1
17242;4;Córdoba;teclado;online;0,05;23,75;11;0
17243;3;Málaga;tablet;teléfono;0,2;279,2;6;0
17244;11;Córdoba;ratón;tienda;0,05;11,88;6;0
17245;12;Almería;tablet;teléfono;0,05;331,55;2;1
17246;4;Huelva;impresora;teléfono;0,0;149,9;5;0
17247;2;Córdoba;impresora;tienda;0,0;149,9;4;0
17248;9;Málaga;ratón;online;0,0;12,5;14;0
17249;6;Jaén;tablet;online;0,0;349,0;10;0
17250;11;Huelva;teclado;tienda;0,0;25,0;8;0
17251;9;Jaén;impresora;tienda;0,0;149,9;7;0
17252;11;Sevilla;monitor;online;0,0;180,0;5;0
17253;2;Huelva;portátil;tienda;0,05;854,9;2;0
17254;2;Jaén;teclado;teléfono;0,0;25,0;7;0
17255;12;Córdoba;teclado;online;0,2;20,0;12;1
17256;2;Granada;ratón;tienda;0,0;12,5;9;0
17257;5;Málaga;portátil;online;0,0;899,9;3;0
17258;4;Jaén;impresora;teléfono;0,0;149,9;3;0
17259;8;Almería;tablet;teléfono;0,05;331,55;2;0
17260;11;Jaén;impresora;tienda;0,0;149,9;3;0
17261;8;Sevilla;teclado;online;0,1;22,5;20;1
17262;2;Granada;monitor;tienda;0,0;180,0;3;0
17263;2;Jaén;ratón;online;0,1;11,25;18;0
17264;1;Málaga;portátil;tienda;0,1;809,91;3;1
17265;6;Córdoba;monitor;online;0,05;171,0;9;0
17266;1;Huelva;monitor;tienda;0,0;180,0;4;0
17267;9;Granada;impresora;tienda;0,0;149,9;5;0
17268;11;Almería;monitor;tienda;0,0;180,0;5;0
17269;10;Córdoba;teclado;tienda;0,2;20,0;9;0
17270;11;Granada;tablet;teléfono;0,0;349,0;3;0
17271;2;Córdoba;portátil;online;0,0;899,9;4;0
17272;4;Cádiz;monitor;tienda;0,0;180,0;6;0
17273;10;Málaga;monitor;teléfono;0,05;171,0;2;0
17274;1;Sevilla;portátil;teléfono;0,0;899,9;1;0
17275;4;Sevilla;ratón;tienda;0,1;11,25;11;0
17276;6;Málaga;monitor;online;0,0;180,0;7;0
17277;12;Almería;ratón;tienda;0,0;12,5;8;0
17278;6;Almería;tablet;online;0,05;331,55;7;0
17279;11;Málaga;tablet;tienda;0,0;349,0;3;0
17280;2;Granada;teclado;tienda;0,0;25,0;6;1
17281;2;Granada;monitor;online;0,0;180,0;8;1
17282;3;Huelva;impresora;online;0,0;149,9;3;0
17283;10;Málaga;portátil;online;0,0;899,9;4;0
17284;3;Granada;tablet;tienda;0,2;279,2;7;0
17285;7;Málaga;teclado;tienda;0,0;25,0;12;0
17286;10;Sevilla;impresora;teléfono;0,05;142,4;3;0
17287;9;Granada;portátil;online;0,05;854,9;4;0
17288;2;Córdoba;teclado;online;0,0;25,0;7;0
17289;11;Jaén;ratón;teléfono;0,0;12,5;8;0
17290;1;Cádiz;teclado;tienda;0,0;25,0;5;0
17291;2;Cádiz;impresora;tienda;0,0;149,9;3;0
17292;8;Córdoba;impresora;online;0,05;142,4;6;0
17293;3;Almería;teclado;tienda;0,0;25,0;10;0
17294;3;Cádiz;teclado;online;0,0;25,0;10;0
17295;6;Córdoba;portátil;tienda;0,0;899,9;5;0
17296;9;Cádiz;tablet;tienda;0,1;314,1;6;0
17297;7;Almería;impresora;tienda;0,0;149,9;9;0
17298;1;Málaga;monitor;teléfono;0,2;144,0;5;0
17299;11;Málaga;impresora;teléfono;0,05;142,4;4;0
17300;11;Córdoba;teclado;tienda;0,0;25,0;6;0
17301;12;Granada;teclado;tienda;0,0;25,0;8;0
17302;1;Huelva;monitor;tienda;0,2;144,0;6;0
17303;11;Córdoba;tablet;tienda;0,0;349,0;3;1
17304;11;Málaga;impresora;teléfono;0,0;149,9;2;0
17305;5;Almería;monitor;tienda;0,0;180,0;6;0
17306;12;Málaga;monitor;tienda;0,2;144,0;5;0
17307;4;Granada;tablet;tienda;0,05;331,55;6;0
17308;4;Cádiz;monitor;teléfono;0,05;171,0;7;1
17309;7;Cádiz;portátil;online;0,2;719,92;10;0
17310;10;Granada;impresora;online;0,0;149,9;6;0
17311;5;Córdoba;tablet;online;0,0;349,0;8;0
17312;3;Córdoba;impresora;tienda;0,0;149,9;6;0
17313;12;Málaga;monitor;online;0,05;171,0;7;1
17314;6;Jaén;ratón;tienda;0,0;12,5;15;0
17315;10;Córdoba;ratón;online;0,0;12,5;13;1
17316;5;Almería;impresora;online;0,0;149,9;7;0
17317;2;Córdoba;ratón;tienda;0,0;12,5;10;0
17318;9;Granada;ratón;online;0,0;12,5;16;1
17319;9;Granada;impresora;online;0,0;149,9;5;0
17320;10;Granada;impresora;tienda;0,1;134,91;4;0
17321;10;Málaga;teclado;online;0,0;25,0;7;0
17322;4;Almería;tablet;tienda;0,05;331,55;4;0
17323;9;Córdoba;ratón;online;0,1;11,25;16;1
17324;5;Almería;portátil;tienda;0,0;899,9;4;0
17325;5;Sevilla;monitor;online;0,0;180,0;7;1
17326;2;Almería;impresora;online;0,0;149,9;5;0
17327;12;Almería;teclado;teléfono;0,0;25,0;6;0
17328;1;Almería;ratón;teléfono;0,0;12,5;7;0
17329;1;Jaén;teclado;online;0,0;25,0;7;0
17330;5;Málaga;tablet;tienda;0,0;349,0;5;0
17331;6;Almería;teclado;tienda;0,1;22,5;11;0
17332;1;Málaga;tablet;teléfono;0,1;314,1;2;0
17333;9;Málaga;ratón;tienda;0,1;11,25;18;0
17334;10;Córdoba;impresora;online;0,2;119,92;6;0
17335;1;Almería;impresora;online;0,05;142,4;2;0
17336;7;Sevilla;teclado;online;0,2;20,0;21;1
17337;11;Granada;portátil;online;0,05;854,9;3;0
17338;4;Cádiz;teclado;tienda;0,1;22,5;11;0
17339;8;Almería;teclado;teléfono;0,0;25,0;9;0
17340;4;Almería;tablet;online;0,05;331,55;9;0
17341;3;Granada;portátil;online;0,0;899,9;4;0
17342;1;Sevilla;teclado;teléfono;0,0;25,0;5;0
17343;4;Málaga;portátil;teléfono;0,05;854,9;3;0
17344;11;Jaén;teclado;online;0,0;25,0;10;0
17345;9;Huelva;monitor;tienda;0,0;180,0;5;0
17346;7;Córdoba;teclado;online;0,0;25,0;18;0
17347;11;Córdoba;impresora;tienda;0,1;134,91;5;0
17348;6;Granada;portátil;teléfono;0,0;899,9;2;0
17349;12;Cádiz;impresora;teléfono;0,05;142,4;3;0
17350;6;Granada;tablet;online;0,0;349,0;5;0
17351;7;Málaga;portátil;online;0,0;899,9;5;0
17352;1;Granada;tablet;online;0,05;331,55;3;1
17353;4;Málaga;tablet;online;0,2;279,2;9;0
17354;12;Jaén;impresora;online;0,0;149,9;4;0
17355;11;Málaga;portátil;online;0,05;854,9;3;0
17356;6;Almería;portátil;tienda;0,1;809,91;5;0
17357;2;Jaén;ratón;tienda;0,05;11,88;12;0
17358;8;Cádiz;portátil;teléfono;0,0;899,9;2;0
17359;7;Almería;teclado;tienda;0,0;25,0;9;0
17360;1;Jaén;portátil;tienda;0,0;899,9;1;0
17361;5;Huelva;tablet;online;0,1;314,1;13;0
17362;1;Almería;teclado;online;0,0;25,0;8;0
17363;10;Jaén;ratón;tienda;0,0;12,5;8;0
17364;12;Jaén;monitor;online;0,05;171,0;6;0
17365;3;Granada;tablet;tienda;0,0;349,0;1;0
17366;4;Almería;teclado;online;0,0;25,0;16;1
17367;4;Sevilla;tablet;tienda;0,0;349,0;6;0
17368;12;Córdoba;impresora;online;0,05;142,4;6;1
17369;8;Huelva;impresora;online;0,0;149,9;8;0
17370;4;Almería;tablet;online;0,05;331,55;6;0
17371;8;Huelva;tablet;teléfono;0,05;331,55;6;0
17372;1;Huelva;monitor;online;0,0;180,0;5;0
17373;12;Jaén;ratón;online;0,05;11,88;8;1
17374;2;Córdoba;teclado;tienda;0,0;25,0;3;0
17375;6;Cádiz;teclado;online;0,1;22,5;19;1
17376;4;Granada;teclado;online;0,2;20,0;25;0
17377;6;Málaga;ratón;online;0,0;12,5;20;1
17378;4;Córdoba;portátil;online;0,1;809,91;5;1
17379;10;Cádiz;portátil;online;0,05;854,9;3;0
17380;12;Granada;monitor;tienda;0,0;180,0;3;0
17381;1;Almería;tablet;online;0,0;349,0;4;1
17382;2;Sevilla;tablet;online;0,1;314,1;8;0
17383;12;Sevilla;portátil;teléfono;0,05;854,9;2;0
17384;5;Cádiz;impresora;tienda;0,0;149,9;5;0
17385;10;Granada;portátil;teléfono;0,0;899,9;2;0
17386;12;Cádiz;tablet;teléfono;0,0;349,0;2;0
17387;4;Málaga;teclado;online;0,0;25,0;16;0
17388;1;Jaén;tablet;tienda;0,0;349,0;2;0
17389;6;Cádiz;teclado;tienda;0,0;25,0;3;0
17390;8;Jaén;tablet;teléfono;0,2;279,2;4;0
17391;5;Granada;impresora;tienda;0,1;134,91;13;0
17392;4;Sevilla;portátil;teléfono;0,1;809,91;3;0
17393;11;Almería;ratón;online;0,1;11,25;14;0
17394;7;Cádiz;impresora;online;0,0;149,9;10;1
17395;4;Almería;teclado;online;0,05;23,75;18;1
17396;6;Jaén;monitor;online;0,2;144,0;21;0
17397;4;Huelva;impresora;online;0,0;149,9;7;0
17398;10;Jaén;portátil;online;0,1;809,91;4;1
17399;5;Jaén;impresora;tienda;0,0;149,9;7;0
17400;6;Jaén;monitor;tienda;0,0;180,0;6;0
17401;8;Sevilla;ratón;tienda;0,0;12,5;11;0
17402;7;Córdoba;monitor;teléfono;0,0;180,0;5;1
17403;2;Sevilla;monitor;online;0,0;180,0;4;0
17404;6;Granada;portátil;online;0,0;899,9;6;1
17405;1;Córdoba;teclado;online;0,0;25,0;7;0
17406;1;Jaén;monitor;teléfono;0,0;180,0;2;0
17407;8;Jaén;impresora;tienda;0,0;149,9;4;0
17408;12;Huelva;impresora;online;0,1;134,91;5;0
17409;4;Sevilla;ratón;teléfono;0,0;12,5;12;0
17410;4;Almería;tablet;online;0,1;314,1;5;0
17411;9;Córdoba;monitor;tienda;0,05;171,0;6;0
17412;1;Granada;tablet;tienda;0,0;349,0;2;0
17413;6;Córdoba;teclado;online;0,0;25,0;16;0
17414;7;Cádiz;portátil;online;0,0;899,9;2;0
17415;3;Sevilla;tablet;teléfono;0,2;279,2;7;0
17416;4;Cádiz;monitor;tienda;0,1;162,0;6;0
17417;5;Córdoba;teclado;tienda;0,0;25,0;12;0
17418;11;Sevilla;portátil;teléfono;0,0;899,9;2;0
17419;3;Málaga;ratón;tienda;0,05;11,88;11;0
17420;6;Sevilla;monitor;tienda;0,1;162,0;8;0
17421;8;Córdoba;impresora;tienda;0,0;149,9;6;0
17422;6;Granada;portátil;teléfono;0,1;809,91;4;1
17423;10;Sevilla;portátil;tienda;0,05;854,9;3;0
17424;3;Cádiz;ratón;online;0,0;12,5;15;1
17425;6;Jaén;tablet;tienda;0,0;349,0;5;0
17426;2;Cádiz;tablet;tienda;0,2;279,2;3;0
17427;10;Huelva;impresora;online;0,0;149,9;5;0
17428;11;Almería;portátil;tienda;0,2;719,92;3;0
17429;9;Córdoba;ratón;online;0,1;11,25;19;0
17430;12;Granada;teclado;tienda;0,0;25,0;7;0
17431;1;Sevilla;teclado;tienda;0,0;25,0;7;0
17432;2;Jaén;portátil;teléfono;0,0;899,9;2;0
17433;1;Huelva;monitor;online;0,05;171,0;5;0
17434;2;Jaén;tablet;online;0,05;331,55;7;1
17435;12;Córdoba;ratón;tienda;0,0;12,5;5;0
17436;11;Almería;teclado;online;0,0;25,0;6;0
17437;3;Granada;tablet;tienda;0,1;314,1;4;0
17438;12;Almería;impresora;online;0,05;142,4;4;0
17439;10;Sevilla;tablet;online;0,05;331,55;5;1
17440;12;Jaén;ratón;tienda;0,05;11,88;8;0
17441;10;Córdoba;ratón;tienda;0,0;12,5;7;0
17442;8;Granada;impresora;online;0,05;142,4;7;1
17443;9;Almería;ratón;tienda;0,0;12,5;15;0
17444;6;Málaga;tablet;online;0,0;349,0;6;1
17445;11;Cádiz;tablet;teléfono;0,0;349,0;2;0
17446;5;Almería;tablet;online;0,0;349,0;7;0
17447;7;Granada;portátil;online;0,05;854,9;5;0
17448;5;Córdoba;portátil;tienda;0,1;809,91;4;0
17449;2;Almería;ratón;online;0,05;11,88;13;0
17450;9;Almería;portátil;tienda;0,0;899,9;3;0
17451;1;Cádiz;impresora;tienda;0,0;149,9;2;0
17452;6;Málaga;ratón;online;0,05;11,88;23;1
17453;9;Sevilla;teclado;online;0,0;25,0;20;1
17454;5;Sevilla;ratón;tienda;0,0;12,5;12;0
17455;11;Málaga;tablet;tienda;0,0;349,0;4;1
17456;5;Córdoba;monitor;teléfono;0,0;180,0;5;0
17457;11;Jaén;teclado;online;0,0;25,0;9;0
17458;6;Granada;impresora;online;0,05;142,4;6;0
17459;6;Huelva;monitor;online;0,1;162,0;11;1
17460;3;Almería;ratón;tienda;0,05;11,88;13;0
17461;3;Almería;teclado;tienda;0,05;23,75;11;0
17462;4;Huelva;portátil;tienda;0,0;899,9;4;0
17463;11;Cádiz;tablet;tienda;0,0;349,0;3;0
17464;2;Cádiz;monitor;online;0,0;180,0;5;0
17465;1;Almería;ratón;online;0,0;12,5;11;0
17466;4;Almería;monitor;tienda;0,0;180,0;6;0
17467;9;Sevilla;tablet;teléfono;0,05;331,55;4;0
17468;7;Granada;impresora;online;0,1;134,91;7;0
17469;7;Granada;teclado;online;0,0;25,0;15;1
17470;3;Málaga;portátil;tienda;0,05;854,9;4;0
17471;10;Huelva;monitor;teléfono;0,0;180,0;3;0
17472;3;Granada;impresora;online;0,0;149,9;4;0
17473;9;Almería;monitor;online;0,05;171,0;7;1
17474;9;Jaén;monitor;online;0,2;144,0;11;0
17475;12;Jaén;impresora;online;0,1;134,91;4;1
17476;6;Cádiz;monitor;tienda;0,2;144,0;8;0
17477;3;Málaga;teclado;online;0,0;25,0;10;0
17478;7;Jaén;teclado;online;0,0;25,0;21;1
17479;7;Huelva;tablet;tienda;0,05;331,55;6;0
17480;9;Córdoba;ratón;online;0,0;12,5;12;0
17481;2;Almería;teclado;online;0,0;25,0;11;0
17482;8;Cádiz;impresora;teléfono;0,1;134,91;6;0
17483;6;Cádiz;ratón;tienda;0,0;12,5;19;0
17484;8;Córdoba;tablet;tienda;0,05;331,55;6;1
17485;9;Cádiz;impresora;tienda;0,0;149,9;4;0
17486;5;Granada;ratón;tienda;0,05;11,88;21;0
17487;8;Málaga;monitor;online;0,2;144,0;11;0
17488;1;Jaén;tablet;tienda;0,0;349,0;3;0
17489;9;Huelva;ratón;online;0,0;12,5;13;1
17490;7;Almería;portátil;teléfono;0,0;899,9;3;0
17491;5;Sevilla;monitor;online;0,0;180,0;9;0
17492;2;Sevilla;impresora;tienda;0,0;149,9;4;0
17493;7;Granada;impresora;teléfono;0,0;149,9;1;1
17494;8;Almería;tablet;tienda;0,1;314,1;5;0
17495;12;Almería;impresora;tienda;0,1;134,91;3;0
17496;7;Córdoba;teclado;tienda;0,05;23,75;12;0
17497;6;Sevilla;teclado;tienda;0,0;25,0;13;0
17498;12;Almería;monitor;tienda;0,0;180,0;5;0
17499;3;Málaga;monitor;online;0,05;171,0;7;0
17500;11;Huelva;portátil;online;0,2;719,92;3;1
17501;4;Sevilla;ratón;online;0,0;12,5;16;1
17502;9;Jaén;ratón;tienda;0,0;12,5;10;0
17503;2;Granada;impresora;online;0,0;149,9;2;0
17504;5;Cádiz;ratón;online;0,05;11,88;15;0
17505;3;Almería;ratón;tienda;0,05;11,88;13;0
17506;3;Jaén;teclado;online;0,0;25,0;13;0
17507;4;Jaén;impresora;tienda;0,2;119,92;8;0
17508;9;Málaga;monitor;online;0,1;162,0;7;0
17509;7;Málaga;impresora;tienda;0,0;149,9;4;0
17510;10;Huelva;ratón;tienda;0,1;11,25;13;0
17511;7;Almería;portátil;tienda;0,0;899,9;3;0
17512;4;Almería;tablet;online;0,0;349,0;4;0
17513;10;Almería;teclado;tienda;0,2;20,0;9;0
17514;4;Sevilla;monitor;teléfono;0,0;180,0;4;0
17515;4;Almería;monitor;tienda;0,0;180,0;6;0
17516;6;Almería;ratón;tienda;0,0;12,5;21;0
17517;2;Córdoba;portátil;online;0,1;809,91;5;0
17518;8;Granada;ratón;online;0,2;10,0;9;0
17519;5;Huelva;portátil;tienda;0,0;899,9;5;0
17520;4;Granada;tablet;tienda;0,1;314,1;6;0
17521;6;Córdoba;impresora;tienda;0,0;149,9;6;0
17522;5;Almería;tablet;online;0,2;279,2;12;1
17523;3;Cádiz;impresora;tienda;0,0;149,9;4;0
17524;10;Córdoba;tablet;online;0,0;349,0;5;0
17525;5;Cádiz;impresora;online;0,0;149,9;9;0
17526;2;Granada;monitor;tienda;0,0;180,0;4;0
17527;12;Córdoba;portátil;online;0,0;899,9;3;0
17528;9;Málaga;monitor;teléfono;0,0;180,0;4;0
17529;8;Málaga;monitor;tienda;0,0;180,0;4;0
17530;6;Jaén;portátil;online;0,05;854,9;7;0
17531;11;Córdoba;monitor;tienda;0,0;180,0;3;0
17532;12;Cádiz;tablet;teléfono;0,0;349,0;2;0
17533;7;Almería;teclado;tienda;0,0;25,0;6;0
17534;11;Almería;impresora;tienda;0,0;149,9;3;0
17535;5;Almería;tablet;tienda;0,1;314,1;7;0
17536;12;Almería;tablet;online;0,0;349,0;4;0
17537;10;Cádiz;ratón;online;0,0;12,5;11;0
17538;6;Málaga;monitor;tienda;0,0;180,0;6;0
17539;10;Almería;ratón;tienda;0,0;12,5;8;0
17540;7;Almería;teclado;online;0,05;23,75;21;0
17541;2;Huelva;impresora;tienda;0,1;134,91;3;0
17542;9;Sevilla;tablet;online;0,0;349,0;5;0
17543;9;Sevilla;teclado;tienda;0,2;20,0;13;1
17544;11;Sevilla;impresora;teléfono;0,0;149,9;2;0
17545;9;Almería;impresora;tienda;0,2;119,92;6;1
17546;2;Huelva;impresora;online;0,1;134,91;9;0
17547;3;Jaén;impresora;online;0,0;149,9;4;0
17548;12;Jaén;monitor;teléfono;0,0;180,0;4;0
17549;7;Córdoba;teclado;online;0,0;25,0;12;0
17550;4;Almería;ratón;online;0,2;10,0;16;0
17551;5;Jaén;ratón;teléfono;0,0;12,5;10;0
17552;9;Sevilla;impresora;tienda;0,0;149,9;5;0
17553;10;Sevilla;tablet;online;0,0;349,0;3;0
17554;4;Córdoba;monitor;online;0,0;180,0;8;0
17555;3;Málaga;monitor;teléfono;0,1;162,0;9;1
17556;11;Granada;monitor;online;0,0;180,0;4;0
17557;1;Almería;teclado;online;0,0;25,0;7;0
17558;6;Huelva;portátil;online;0,1;809,91;5;1
17559;4;Granada;portátil;tienda;0,0;899,9;3;0
17560;4;Málaga;ratón;tienda;0,0;12,5;10;0
17561;3;Córdoba;impresora;online;0,05;142,4;7;0
17562;10;Jaén;impresora;online;0,0;149,9;4;1
17563;8;Jaén;teclado;teléfono;0,0;25,0;8;0
17564;5;Granada;monitor;online;0,0;180,0;8;0
17565;8;Jaén;teclado;tienda;0,0;25,0;7;0
17566;2;Huelva;tablet;tienda;0,0;349,0;4;0
17567;7;Córdoba;portátil;online;0,0;899,9;5;0
17568;4;Córdoba;portátil;teléfono;0,2;719,92;5;0
17569;6;Almería;impresora;online;0,0;149,9;8;0
17570;1;Málaga;tablet;tienda;0,05;331,55;3;0
17571;3;Málaga;teclado;teléfono;0,1;22,5;11;0
17572;11;Málaga;impresora;tienda;0,0;149,9;2;1
17573;12;Málaga;monitor;online;0,0;180,0;3;0
17574;1;Huelva;monitor;online;0,0;180,0;7;0
17575;9;Jaén;teclado;teléfono;0,1;22,5;10;0
17576;5;Sevilla;impresora;online;0,05;142,4;8;0
17577;6;Málaga;teclado;teléfono;0,0;25,0;7;0
17578;7;Granada;portátil;online;0,0;899,9;3;0
17579;6;Córdoba;ratón;teléfono;0,0;12,5;9;0
17580;10;Almería;portátil;tienda;0,0;899,9;3;0
17581;8;Jaén;teclado;teléfono;0,0;25,0;8;0
17582;2;Málaga;impresora;online;0,1;134,91;3;0
17583;5;Sevilla;monitor;tienda;0,0;180,0;3;1
17584;7;Huelva;portátil;teléfono;0,1;809,91;5;0
17585;10;Córdoba;portátil;online;0,0;899,9;3;0
17586;6;Córdoba;impresora;tienda;0,0;149,9;6;1
17587;9;Sevilla;portátil;online;0,0;899,9;4;0
17588;9;Córdoba;monitor;tienda;0,0;180,0;7;0
17589;8;Málaga;ratón;teléfono;0,0;12,5;5;0
17590;3;Huelva;tablet;teléfono;0,05;331,55;3;0
17591;1;Jaén;tablet;online;0,0;349,0;4;0
17592;8;Sevilla;tablet;teléfono;0,0;349,0;5;0
17593;8;Cádiz;portátil;teléfono;0,05;854,9;4;0
17594;7;Almería;impresora;online;0,0;149,9;4;0
17595;5;Huelva;ratón;tienda;0,0;12,5;13;0
17596;6;Granada;ratón;teléfono;0,2;10,0;20;1
17597;1;Córdoba;tablet;tienda;0,1;314,1;4;1
17598;3;Almería;portátil;teléfono;0,0;899,9;3;0
17599;5;Málaga;portátil;online;0,0;899,9;4;0
17600;9;Sevilla;portátil;online;0,0;899,9;4;0
17601;5;Granada;tablet;online;0,0;349,0;8;0
17602;8;Córdoba;impresora;online;0,0;149,9;8;1
17603;1;Málaga;monitor;tienda;0,1;162,0;3;1
17604;5;Málaga;portátil;tienda;0,05;854,9;5;0
17605;12;Málaga;tablet;tienda;0,05;331,55;3;0
17606;5;Almería;impresora;online;0,05;142,4;7;1
17607;12;Granada;ratón;online;0,1;11,25;13;1
17608;7;Sevilla;impresora;teléfono;0,0;149,9;5;0
17609;10;Córdoba;ratón;teléfono;0,05;11,88;9;0
17610;7;Huelva;teclado;online;0,0;25,0;9;0
17611;8;Cádiz;portátil;tienda;0,1;809,91;5;0
17612;11;Cádiz;teclado;teléfono;0,0;25,0;7;0
17613;10;Sevilla;impresora;tienda;0,05;142,4;5;0
17614;6;Jaén;tablet;tienda;0,0;349,0;5;0
17615;5;Málaga;teclado;online;0,1;22,5;19;0
17616;8;Córdoba;impresora;online;0,2;119,92;10;0
17617;1;Cádiz;teclado;tienda;0,0;25,0;6;0
17618;10;Huelva;portátil;online;0,1;809,91;5;0
17619;11;Almería;impresora;tienda;0,0;149,9;3;1
17620;12;Sevilla;impresora;tienda;0,0;149,9;3;0
17621;6;Jaén;monitor;tienda;0,0;180,0;7;0
17622;11;Sevilla;ratón;tienda;0,1;11,25;15;1
17623;8;Córdoba;impresora;online;0,2;119,92;10;0
17624;9;Granada;portátil;online;0,2;719,92;5;0
17625;12;Huelva;monitor;online;0,05;171,0;5;0
17626;12;Almería;portátil;online;0,0;899,9;1;0
17627;3;Huelva;impresora;online;0,0;149,9;7;0
17628;2;Huelva;portátil;online;0,0;899,9;3;1
17629;6;Sevilla;monitor;online;0,05;171,0;8;1
17630;6;Cádiz;impresora;online;0,0;149,9;7;0
17631;6;Cádiz;impresora;teléfono;0,2;119,92;6;0
17632;1;Sevilla;ratón;online;0,2;10,0;12;0
17633;5;Huelva;portátil;online;0,0;899,9;5;0
17634;3;Jaén;impresora;online;0,1;134,91;5;0
17635;4;Huelva;ratón;online;0,05;11,88;19;0
17636;4;Almería;portátil;online;0,1;809,91;5;0
17637;6;Sevilla;tablet;online;0,0;349,0;8;0
17638;3;Jaén;teclado;online;0,0;25,0;11;0
17639;12;Jaén;monitor;online;0,05;171,0;5;0
17640;1;Granada;portátil;online;0,0;899,9;3;0
17641;11;Granada;portátil;online;0,1;809,91;4;0
17642;1;Almería;impresora;tienda;0,0;149,9;3;0
17643;6;Jaén;teclado;tienda;0,1;22,5;17;0
17644;4;Jaén;teclado;online;0,1;22,5;9;0
17645;8;Córdoba;ratón;tienda;0,0;12,5;15;1
17646;4;Córdoba;teclado;online;0,1;22,5;19;0
17647;2;Almería;portátil;tienda;0,0;899,9;2;0
17648;3;Sevilla;tablet;teléfono;0,05;331,55;3;0
17649;10;Cádiz;monitor;teléfono;0,0;180,0;5;0
17650;9;Málaga;ratón;online;0,0;12,5;13;0
17651;10;Almería;ratón;online;0,2;10,0;21;0
17652;11;Cádiz;portátil;tienda;0,2;719,92;2;0
17653;5;Almería;ratón;tienda;0,1;11,25;13;0
17654;5;Almería;monitor;online;0,05;171,0;7;0
17655;4;Cádiz;tablet;online;0,1;314,1;10;1
17656;6;Granada;tablet;teléfono;0,1;314,1;6;0
17657;3;Huelva;monitor;online;0,0;180,0;6;0
17658;2;Cádiz;tablet;online;0,1;314,1;3;0
17659;3;Almería;ratón;teléfono;0,0;12,5;9;0
17660;11;Málaga;monitor;tienda;0,1;162,0;5;0
17661;12;Jaén;tablet;teléfono;0,2;279,2;4;0
17662;11;Málaga;portátil;online;0,05;854,9;2;0
17663;8;Huelva;ratón;tienda;0,0;12,5;13;0
17664;2;Huelva;monitor;tienda;0,0;180,0;2;0
17665;8;Córdoba;tablet;online;0,0;349,0;5;0
17666;2;Sevilla;monitor;online;0,2;144,0;9;0
17667;9;Cádiz;portátil;tienda;0,0;899,9;2;0
17668;6;Cádiz;impresora;online;0,0;149,9;7;0
17669;7;Almería;ratón;online;0,05;11,88;23;1
17670;4;Málaga;tablet;online;0,05;331,55;3;0
17671;11;Huelva;monitor;tienda;0,05;171,0;3;0
17672;1;Almería;ratón;teléfono;0,05;11,88;8;1
17673;4;Granada;teclado;tienda;0,05;23,75;15;0
17674;2;Huelva;monitor;online;0,1;162,0;6;0
17675;3;Almería;teclado;teléfono;0,0;25,0;6;0
17676;4;Córdoba;teclado;online;0,0;25,0;19;0
17677;2;Jaén;portátil;teléfono;0,0;899,9;1;0
17678;11;Córdoba;impresora;online;0,0;149,9;4;0
17679;8;Almería;portátil;online;0,0;899,9;2;1
17680;10;Córdoba;ratón;online;0,05;11,88;12;0
17681;6;Almería;portátil;online;0,0;899,9;4;1
17682;10;Sevilla;impresora;tienda;0,05;142,4;4;0
17683;8;Huelva;monitor;teléfono;0,0;180,0;3;0
17684;2;Huelva;impresora;teléfono;0,0;149,9;4;0
17685;4;Córdoba;tablet;online;0,0;349,0;7;0
17686;10;Almería;portátil;online;0,1;809,91;3;0
17687;7;Málaga;monitor;tienda;0,2;144,0;12;0
17688;4;Jaén;impresora;online;0,1;134,91;6;0
17689;1;Almería;ratón;tienda;0,0;12,5;10;1
17690;10;Sevilla;teclado;online;0,0;25,0;7;1
17691;3;Sevilla;impresora;online;0,05;142,4;7;0
17692;2;Granada;ratón;tienda;0,0;12,5;11;0
17693;5;Cádiz;monitor;online;0,1;162,0;9;0
17694;5;Sevilla;teclado;online;0,05;23,75;9;0
17695;7;Málaga;monitor;online;0,1;162,0;9;0
17696;1;Jaén;impresora;tienda;0,0;149,9;4;0
17697;3;Granada;ratón;online;0,0;12,5;13;1
17698;4;Sevilla;impresora;tienda;0,0;149,9;5;0
17699;10;Sevilla;portátil;online;0,1;809,91;5;0
17700;10;Sevilla;monitor;online;0,1;162,0;9;1
17701;8;Jaén;ratón;online;0,05;11,88;25;0
17702;12;Granada;ratón;tienda;0,05;11,88;3;0
17703;9;Almería;portátil;online;0,1;809,91;5;0
17704;8;Granada;portátil;tienda;0,1;809,91;3;0
17705;1;Sevilla;impresora;teléfono;0,2;119,92;5;0
17706;1;Granada;teclado;tienda;0,05;23,75;6;0
17707;10;Almería;impresora;teléfono;0,0;149,9;3;0
17708;10;Málaga;tablet;tienda;0,2;279,2;6;0
17709;5;Sevilla;teclado;online;0,0;25,0;10;1
17710;5;Jaén;teclado;teléfono;0,0;25,0;9;0
17711;9;Almería;teclado;teléfono;0,1;22,5;11;0
17712;9;Córdoba;impresora;online;0,0;149,9;7;0
17713;2;Huelva;ratón;online;0,05;11,88;11;0
17714;1;Almería;tablet;teléfono;0,05;331,55;2;0
17715;4;Cádiz;ratón;tienda;0,1;11,25;23;0
17716;2;Cádiz;tablet;tienda;0,05;331,55;5;0
17717;4;Sevilla;impresora;tienda;0,05;142,4;6;0
17718;3;Málaga;ratón;teléfono;0,0;12,5;10;0
17719;5;Almería;impresora;teléfono;0,05;142,4;6;0
17720;11;Granada;teclado;tienda;0,1;22,5;6;0
17721;3;Sevilla;impresora;tienda;0,05;142,4;6;1
17722;7;Málaga;impresora;online;0,05;142,4;10;0
17723;3;Sevilla;teclado;online;0,0;25,0;9;1
17724;8;Almería;tablet;online;0,05;331,55;5;0
17725;5;Sevilla;ratón;online;0,2;10,0;22;0
17726;5;Almería;impresora;teléfono;0,0;149,9;6;0
17727;11;Granada;monitor;tienda;0,05;171,0;3;0
17728;10;Cádiz;tablet;tienda;0,05;331,55;4;0
17729;9;Málaga;impresora;tienda;0,0;149,9;5;0
17730;7;Jaén;teclado;online;0,05;23,75;15;0
17731;11;Granada;teclado;tienda;0,0;25,0;5;0
17732;11;Sevilla;impresora;teléfono;0,0;149,9;1;0
17733;12;Cádiz;tablet;online;0,1;314,1;5;0
17734;6;Almería;tablet;tienda;0,05;331,55;6;0
17735;9;Almería;monitor;online;0,0;180,0;10;0
17736;7;Málaga;portátil;teléfono;0,1;809,91;5;0
17737;9;Jaén;impresora;tienda;0,0;149,9;5;0
17738;1;Córdoba;portátil;online;0,2;719,92;4;0
17739;4;Almería;ratón;teléfono;0,05;11,88;11;0
17740;6;Almería;impresora;tienda;0,0;149,9;6;0
17741;7;Sevilla;ratón;online;0,0;12,5;21;1
17742;7;Huelva;ratón;online;0,0;12,5;18;0
17743;5;Huelva;teclado;tienda;0,0;25,0;12;0
17744;9;Huelva;monitor;tienda;0,2;144,0;6;0
17745;9;Sevilla;portátil;teléfono;0,0;899,9;1;0
17746;11;Cádiz;teclado;online;0,0;25,0;10;1
17747;9;Cádiz;ratón;teléfono;0,05;11,88;9;0
17748;2;Cádiz;tablet;teléfono;0,0;349,0;3;0
17749;1;Huelva;teclado;online;0,1;22,5;14;1
17750;12;Córdoba;teclado;tienda;0,1;22,5;6;0
17751;7;Córdoba;ratón;online;0,0;12,5;20;1
17752;10;Granada;tablet;teléfono;0,0;349,0;2;0
17753;3;Huelva;tablet;teléfono;0,0;349,0;4;0
17754;3;Cádiz;ratón;online;0,0;12,5;14;0
17755;1;Sevilla;teclado;online;0,1;22,5;11;0
17756;12;Huelva;ratón;online;0,0;12,5;8;0
17757;7;Málaga;portátil;tienda;0,05;854,9;4;0
17758;2;Jaén;tablet;online;0,0;349,0;2;0
17759;6;Cádiz;ratón;teléfono;0,05;11,88;11;0
17760;8;Jaén;portátil;online;0,0;899,9;4;0
17761;9;Cádiz;teclado;tienda;0,0;25,0;14;0
17762;12;Granada;teclado;teléfono;0,1;22,5;7;0
17763;8;Almería;monitor;tienda;0,0;180,0;6;0
17764;6;Sevilla;tablet;tienda;0,0;349,0;7;0
17765;1;Almería;tablet;online;0,05;331,55;4;0
17766;4;Cádiz;portátil;tienda;0,0;899,9;3;0
17767;2;Huelva;impresora;online;0,1;134,91;7;0
17768;1;Córdoba;monitor;teléfono;0,05;171,0;4;0
17769;4;Granada;tablet;tienda;0,0;349,0;6;0
17770;1;Jaén;tablet;tienda;0,0;349,0;3;0
17771;6;Córdoba;tablet;tienda;0,0;349,0;5;0
17772;7;Huelva;impresora;tienda;0,05;142,4;6;1
17773;12;Córdoba;ratón;online;0,0;12,5;7;0
17774;10;Córdoba;teclado;online;0,0;25,0;13;1
17775;1;Jaén;impresora;tienda;0,0;149,9;3;0
17776;9;Málaga;tablet;online;0,05;331,55;6;1
17777;1;Huelva;impresora;online;0,1;134,91;4;1
17778;11;Málaga;ratón;online;0,1;11,25;19;0
17779;9;Cádiz;ratón;tienda;0,0;12,5;8;0
17780;12;Cádiz;impresora;online;0,0;149,9;4;0
17781;12;Málaga;tablet;online;0,1;314,1;5;1
17782;5;Málaga;ratón;tienda;0,0;12,5;9;0
17783;2;Huelva;portátil;online;0,05;854,9;4;0
17784;9;Córdoba;tablet;tienda;0,05;331,55;7;1
17785;3;Huelva;ratón;online;0,1;11,25;13;0
17786;8;Cádiz;monitor;online;0,2;144,0;10;0
17787;3;Huelva;tablet;tienda;0,2;279,2;4;0
17788;9;Jaén;impresora;online;0,0;149,9;4;0
17789;5;Córdoba;tablet;online;0,0;349,0;8;0
17790;8;Granada;impresora;teléfono;0,0;149,9;4;0
17791;3;Sevilla;impresora;teléfono;0,1;134,91;4;0
17792;2;Córdoba;monitor;online;0,0;180,0;5;1
17793;11;Córdoba;impresora;online;0,05;142,4;5;0
17794;6;Málaga;impresora;online;0,0;149,9;7;0
17795;4;Almería;portátil;tienda;0,0;899,9;3;0
17796;1;Córdoba;ratón;online;0,0;12,5;11;0
17797;9;Granada;ratón;tienda;0,0;12,5;12;0
17798;12;Jaén;teclado;tienda;0,1;22,5;4;0
17799;9;Málaga;ratón;online;0,0;12,5;20;1
17800;9;Sevilla;portátil;tienda;0,2;719,92;7;0
17801;12;Sevilla;portátil;tienda;0,0;899,9;2;0
17802;9;Almería;teclado;online;0,1;22,5;16;0
17803;3;Almería;impresora;tienda;0,1;134,91;6;0
17804;6;Almería;teclado;online;0,0;25,0;21;1
17805;3;Córdoba;impresora;online;0,0;149,9;4;0
17806;8;Córdoba;ratón;tienda;0,0;12,5;10;1
17807;3;Málaga;monitor;online;0,05;171,0;7;1
17808;2;Almería;monitor;online;0,05;171,0;6;0
17809;5;Sevilla;portátil;online;0,0;899,9;6;0
17810;5;Granada;impresora;teléfono;0,05;142,4;4;0
17811;8;Granada;impresora;online;0,1;134,91;10;0
17812;12;Córdoba;ratón;tienda;0,0;12,5;7;0
17813;11;Córdoba;teclado;tienda;0,0;25,0;7;0
17814;2;Huelva;teclado;tienda;0,0;25,0;8;0
17815;5;Granada;monitor;tienda;0,0;180,0;4;0
17816;10;Málaga;impresora;online;0,0;149,9;5;1
17817;8;Huelva;portátil;teléfono;0,1;809,91;4;0
17818;6;Granada;portátil;online;0,0;899,9;3;0
17819;1;Huelva;impresora;tienda;0,2;119,92;4;0
17820;12;Cádiz;monitor;online;0,05;171,0;4;1
17821;2;Córdoba;portátil;tienda;0,1;809,91;4;0
17822;1;Almería;portátil;online;0,0;899,9;3;0
17823;8;Almería;ratón;tienda;0,0;12,5;15;0
17824;1;Jaén;ratón;teléfono;0,0;12,5;5;0
17825;5;Cádiz;monitor;tienda;0,05;171,0;5;0
17826;4;Jaén;impresora;teléfono;0,1;134,91;5;0
17827;8;Jaén;monitor;online;0,0;180,0;8;0
17828;11;Cádiz;teclado;tienda;0,0;25,0;8;0
17829;7;Almería;tablet;online;0,05;331,55;7;1
17830;4;Córdoba;monitor;teléfono;0,0;180,0;7;0
17831;10;Granada;tablet;online;0,05;331,55;5;0
17832;3;Cádiz;portátil;tienda;0,0;899,9;3;0
17833;10;Huelva;monitor;teléfono;0,1;162,0;6;0
17834;3;Sevilla;tablet;teléfono;0,2;279,2;4;0
17835;5;Huelva;monitor;online;0,0;180,0;6;0
17836;5;Huelva;ratón;online;0,05;11,88;18;0
17837;8;Almería;monitor;teléfono;0,1;162,0;5;0
17838;1;Málaga;ratón;tienda;0,05;11,88;1;0
17839;11;Sevilla;ratón;teléfono;0,1;11,25;11;0
17840;1;Almería;monitor;tienda;0,05;171,0;4;0
17841;5;Jaén;ratón;online;0,05;11,88;28;0
17842;7;Huelva;ratón;teléfono;0,1;11,25;14;0
17843;3;Cádiz;tablet;online;0,2;279,2;10;0
17844;7;Granada;impresora;teléfono;0,0;149,9;5;0
17845;2;Córdoba;portátil;online;0,1;809,91;5;0
17846;12;Huelva;teclado;tienda;0,0;25,0;6;0
17847;6;Huelva;ratón;tienda;0,2;10,0;28;1
17848;10;Sevilla;monitor;teléfono;0,0;180,0;4;0
17849;12;Córdoba;monitor;teléfono;0,0;180,0;3;0
17850;6;Jaén;teclado;tienda;0,0;25,0;10;0
17851;9;Almería;monitor;teléfono;0,1;162,0;5;0
17852;12;Sevilla;impresora;online;0,05;142,4;3;0
17853;2;Córdoba;portátil;tienda;0,1;809,91;3;1
17854;3;Huelva;teclado;tienda;0,0;25,0;3;0
17855;7;Cádiz;portátil;teléfono;0,2;719,92;5;0
17856;9;Málaga;monitor;tienda;0,1;162,0;6;0
17857;6;Málaga;teclado;tienda;0,1;22,5;16;0
17858;6;Huelva;teclado;tienda;0,0;25,0;16;0
17859;11;Córdoba;teclado;online;0,0;25,0;8;0
17860;8;Huelva;portátil;online;0,0;899,9;5;0
17861;12;Almería;monitor;tienda;0,0;180,0;2;0
17862;1;Sevilla;tablet;online;0,05;331,55;6;0
17863;1;Córdoba;impresora;online;0,0;149,9;4;0
17864;5;Almería;impresora;teléfono;0,1;134,91;5;0
17865;3;Córdoba;impresora;tienda;0,0;149,9;5;1
17866;5;Almería;ratón;teléfono;0,05;11,88;8;0
17867;10;Sevilla;ratón;tienda;0,0;12,5;9;0
17868;5;Granada;impresora;tienda;0,0;149,9;7;0
17869;4;Córdoba;monitor;tienda;0,0;180,0;6;0
17870;8;Jaén;portátil;online;0,0;899,9;6;0
17871;5;Cádiz;teclado;online;0,05;23,75;18;0
17872;4;Huelva;monitor;tienda;0,1;162,0;9;0
17873;9;Huelva;ratón;tienda;0,05;11,88;11;1
17874;11;Córdoba;ratón;online;0,0;12,5;9;0
17875;12;Córdoba;portátil;online;0,0;899,9;2;0
17876;6;Cádiz;ratón;teléfono;0,1;11,25;16;0
17877;12;Almería;monitor;online;0,1;162,0;6;0
17878;9;Málaga;portátil;tienda;0,05;854,9;3;0
17879;2;Jaén;monitor;teléfono;0,2;144,0;4;0
17880;4;Córdoba;monitor;teléfono;0,0;180,0;5;0
17881;2;Almería;portátil;teléfono;0,0;899,9;2;1
17882;10;Sevilla;teclado;tienda;0,05;23,75;7;0
17883;9;Jaén;teclado;online;0,0;25,0;5;1
17884;1;Cádiz;monitor;teléfono;0,1;162,0;4;0
17885;9;Huelva;impresora;online;0,0;149,9;3;0
17886;9;Cádiz;monitor;tienda;0,0;180,0;3;0
17887;10;Cádiz;teclado;tienda;0,0;25,0;9;0
17888;1;Córdoba;portátil;online;0,05;854,9;3;0
17889;12;Jaén;tablet;tienda;0,0;349,0;2;0
17890;12;Córdoba;ratón;teléfono;0,2;10,0;7;0
17891;12;Cádiz;tablet;tienda;0,2;279,2;4;0
17892;9;Cádiz;portátil;teléfono;0,1;809,91;5;1
17893;3;Huelva;ratón;tienda;0,0;12,5;13;0
17894;11;Jaén;monitor;teléfono;0,2;144,0;5;0
17895;11;Cádiz;teclado;online;0,05;23,75;7;1
17896;10;Jaén;tablet;tienda;0,0;349,0;4;1
17897;9;Huelva;monitor;tienda;0,05;171,0;7;0
17898;6;Granada;portátil;online;0,05;854,9;4;0
17899;11;Cádiz;tablet;tienda;0,0;349,0;3;0
17900;10;Cádiz;ratón;tienda;0,05;11,88;14;0
17901;6;Granada;monitor;tienda;0,0;180,0;7;0
17902;6;Cádiz;tablet;online;0,05;331,55;6;0
17903;2;Almería;portátil;online;0,05;854,9;2;0
17904;9;Jaén;monitor;tienda;0,05;171,0;6;0
17905;10;Córdoba;ratón;online;0,0;12,5;13;0
17906;10;Málaga;impresora;online;0,0;149,9;3;0
17907;1;Málaga;impresora;tienda;0,0;149,9;2;0
17908;10;Huelva;portátil;tienda;0,2;719,92;3;0
17909;9;Córdoba;tablet;online;0,2;279,2;7;0
17910;2;Granada;ratón;online;0,0;12,5;11;0
17911;4;Huelva;teclado;online;0,05;23,75;16;0
17912;1;Granada;ratón;online;0,05;11,88;9;0
17913;9;Almería;impresora;tienda;0,1;134,91;3;0
17914;10;Cádiz;portátil;online;0,1;809,91;4;0
17915;12;Huelva;impresora;online;0,0;149,9;3;1
17916;4;Sevilla;ratón;online;0,1;11,25;18;0
17917;4;Almería;ratón;online;0,05;11,88;18;0
17918;6;Huelva;ratón;online;0,0;12,5;22;0
17919;11;Cádiz;teclado;teléfono;0,0;25,0;3;0
17920;5;Córdoba;portátil;online;0,1;809,91;9;0
17921;9;Almería;monitor;tienda;0,0;180,0;4;1
17922;1;Cádiz;impresora;tienda;0,0;149,9;2;0
17923;1;Córdoba;tablet;online;0,05;331,55;3;1
17924;2;Almería;portátil;tienda;0,05;854,9;4;0
17925;3;Málaga;portátil;online;0,0;899,9;4;0
17926;6;Cádiz;impresora;tienda;0,0;149,9;5;1
17927;5;Jaén;monitor;online;0,0;180,0;8;0
17928;3;Cádiz;impresora;online;0,0;149,9;8;0
17929;2;Almería;ratón;tienda;0,1;11,25;17;0
17930;2;Almería;tablet;online;0,05;331,55;5;0
17931;10;Almería;ratón;teléfono;0,05;11,88;8;0
17932;7;Jaén;teclado;teléfono;0,05;23,75;12;0
17933;9;Málaga;impresora;tienda;0,0;149,9;4;0
17934;6;Granada;impresora;tienda;0,0;149,9;8;0
17935;2;Sevilla;portátil;online;0,1;809,91;4;0
17936;12;Málaga;teclado;online;0,05;23,75;7;0
17937;4;Jaén;ratón;tienda;0,05;11,88;16;0
17938;2;Huelva;portátil;teléfono;0,2;719,92;4;0
17939;12;Huelva;ratón;online;0,2;10,0;16;1
17940;9;Cádiz;portátil;online;0,0;899,9;4;0
17941;9;Jaén;teclado;teléfono;0,0;25,0;9;0
17942;1;Huelva;teclado;teléfono;0,0;25,0;6;0
17943;10;Jaén;ratón;tienda;0,0;12,5;9;0
17944;11;Granada;monitor;teléfono;0,0;180,0;3;0
17945;11;Almería;ratón;tienda;0,0;12,5;8;0
17946;1;Huelva;ratón;online;0,0;12,5;12;0
17947;10;Sevilla;impresora;online;0,0;149,9;4;0
17948;7;Sevilla;tablet;tienda;0,05;331,55;7;0
17949;5;Granada;teclado;teléfono;0,0;25,0;10;0
17950;10;Almería;ratón;online;0,05;11,88;8;0
17951;2;Almería;monitor;teléfono;0,0;180,0;2;0
17952;9;Córdoba;teclado;teléfono;0,05;23,75;7;1
17953;11;Granada;monitor;tienda;0,2;144,0;5;0
17954;4;Sevilla;ratón;online;0,0;12,5;14;0
17955;7;Almería;portátil;online;0,0;899,9;4;0
17956;3;Cádiz;ratón;tienda;0,0;12,5;12;0
17957;7;Córdoba;tablet;online;0,2;279,2;10;1
17958;3;Almería;teclado;tienda;0,0;25,0;9;0
17959;11;Almería;monitor;tienda;0,05;171,0;5;0
17960;5;Córdoba;ratón;online;0,2;10,0;31;1
17961;1;Granada;ratón;tienda;0,0;12,5;4;0
17962;11;Cádiz;portátil;online;0,0;899,9;3;0
17963;8;Málaga;ratón;online;0,0;12,5;18;1
17964;5;Córdoba;monitor;online;0,0;180,0;9;0
17965;5;Córdoba;monitor;online;0,1;162,0;14;1
17966;8;Cádiz;tablet;online;0,05;331,55;6;0
17967;12;Cádiz;ratón;online;0,05;11,88;10;0
17968;4;Jaén;ratón;online;0,0;12,5;17;0
17969;5;Málaga;teclado;tienda;0,0;25,0;9;0
17970;12;Málaga;impresora;tienda;0,0;149,9;3;0
17971;9;Málaga;monitor;online;0,0;180,0;4;0
17972;3;Córdoba;tablet;teléfono;0,0;349,0;3;0
17973;11;Málaga;monitor;teléfono;0,0;180,0;2;0
17974;3;Málaga;tablet;teléfono;0,0;349,0;3;0
17975;3;Granada;impresora;teléfono;0,2;119,92;5;0
17976;6;Almería;portátil;tienda;0,0;899,9;3;0
17977;2;Almería;ratón;tienda;0,0;12,5;11;0
17978;2;Jaén;ratón;online;0,2;10,0;16;0
17979;10;Jaén;teclado;online;0,05;23,75;5;0
17980;12;Huelva;monitor;tienda;0,05;171,0;3;0
17981;4;Almería;portátil;online;0,0;899,9;3;0
17982;4;Granada;monitor;tienda;0,2;144,0;10;0
17983;3;Almería;portátil;tienda;0,1;809,91;3;0
17984;10;Almería;impresora;teléfono;0,1;134,91;5;0
17985;6;Córdoba;teclado;online;0,1;22,5;27;1
17986;1;Cádiz;teclado;teléfono;0,05;23,75;8;0
17987;1;Córdoba;ratón;tienda;0,05;11,88;11;0
17988;7;Málaga;ratón;online;0,0;12,5;15;0
17989;7;Almería;portátil;online;0,2;719,92;7;0
17990;1;Sevilla;impresora;tienda;0,0;149,9;3;0
17991;6;Almería;tablet;teléfono;0,05;331,55;5;0
17992;6;Granada;ratón;online;0,05;11,88;25;1
17993;3;Córdoba;portátil;online;0,05;854,9;4;0
17994;10;Cádiz;tablet;online;0,0;349,0;6;0
17995;4;Córdoba;ratón;teléfono;0,05;11,88;11;0
17996;3;Córdoba;ratón;online;0,0;12,5;20;0
17997;4;Jaén;teclado;tienda;0,0;25,0;11;0
17998;6;Málaga;ratón;online;0,0;12,5;21;0
17999;9;Cádiz;portátil;online;0,0;899,9;4;1
